,country,type,recycling_m,scrap_sum,unit_cost,net_profit
0,India,LFP,Direct,71.21181269186097,38.824707916963284,-35.59930986457239
1,India,LFP,Hydro,71.21181269186097,78.47259269487259,-76.9589647409897
2,India,LFP,Pyro,71.21181269186097,92.84963114332042,-92.13221124185753
3,India,NMC111,Direct,759.3492430260302,13.020641623339749,-7.743936467376856
4,India,NMC111,Hydro,759.3492430260302,16.261779971329652,-8.221126277596756
5,India,NMC111,Pyro,759.3492430260302,21.64850579131618,-17.160352911765287
6,India,NMC622,Direct,415.9654083695822,17.19047635074278,-8.667522766426885
7,India,NMC622,Hydro,415.9654083695822,24.26551615069508,-16.356364426435388
8,India,NMC622,Pyro,415.9654083695822,31.34947046814325,-26.828392153952358
9,India,NMC811,Direct,261.1899755656762,21.309732317159614,-11.05006589894872
10,India,NMC811,Hydro,261.1899755656762,33.066419631862495,-25.3654384310428
11,India,NMC811,Pyro,261.1899755656762,41.74087124375732,-37.261938185545425
12,India,NMC523,Direct,892.1460647649362,12.08712000660492,-12.036211046914026
13,India,NMC523,Hydro,892.1460647649362,14.609036495056735,-7.149823377892241
14,India,NMC523,Pyro,892.1460647649362,19.60504022031789,-15.467648534652996
15,India,NCA,Direct,2547.667177870305,7.446766192720784,3.0402076560651103
16,India,NCA,Hydro,2547.667177870305,7.270681125138238,1.1153601243926572
17,India,NCA,Pyro,2547.667177870305,10.280620859093768,-5.3097709262188735
18,Japan,LFP,Direct,58.48676989954278,51.39726909604541,-48.116248051517914
19,Japan,LFP,Hydro,58.48676989954278,125.21328314430728,-123.64126898002876
20,Japan,LFP,Pyro,58.48676989954278,139.96904633094883,-139.19459619565998
21,Japan,NMC111,Direct,924.9612206626484,11.204526821161217,-5.872779743560175
22,Japan,NMC111,Hydro,924.9612206626484,13.649026105331947,-5.553057994807985
23,Japan,NMC111,Pyro,924.9612206626484,18.291681996433887,-13.746800763280381
24,Japan,NMC622,Direct,455.018170592333,16.572004161625195,-7.993859032512674
25,Japan,NMC622,Hydro,455.018170592333,24.122615396985182,-16.158003846929372
26,Japan,NMC622,Pyro,455.018170592333,30.85578952819334,-26.278138911659386
27,Japan,NMC811,Direct,261.5713331021304,22.492068222946656,-12.177055396991577
28,Japan,NMC811,Hydro,261.5713331021304,37.621507412786954,-29.864920625256673
29,Japan,NMC811,Pyro,261.5713331021304,46.40377395489831,-41.8684181793927
30,Japan,NMC523,Direct,1031.9057651366645,10.54818633827006,-10.442118613238918
31,Japan,NMC523,Hydro,1031.9057651366645,12.501376609260014,-4.9867416102562645
32,Japan,NMC523,Pyro,1031.9057651366645,16.87451598547765,-12.680499435648978
33,Japan,NCA,Direct,2739.379259645879,6.155205675339527,4.387009853012373
34,Japan,NCA,Hydro,2739.379259645879,5.70929655497943,2.7323731037082677
35,Japan,NCA,Pyro,2739.379259645879,8.216952316874746,-3.189639919697887
36,Korea,LFP,Direct,282.24041760414286,21.604705334043516,-18.393688599957233
37,Korea,LFP,Hydro,282.24041760414286,35.62887903496738,-34.1204910400285
38,Korea,LFP,Pyro,282.24041760414286,44.023051667892794,-43.31535760667108
39,Korea,NMC111,Direct,1943.1930545604596,7.4127251213062895,-2.1523235980446085
40,Korea,NMC111,Hydro,1943.1930545604596,7.4667213764237825,0.5585301610326084
41,Korea,NMC111,Pyro,1943.1930545604596,10.538802989118858,-6.061374638782147
42,Korea,NMC622,Direct,1067.185077686616,10.334455602673312,-1.8273106633551328
43,Korea,NMC622,Hydro,1067.185077686616,12.132384646758242,-4.2381540324570075
44,Korea,NMC622,Pyro,1067.185077686616,16.43078239987214,-11.920944868230677
45,Korea,NMC811,Direct,756.8117927532523,12.503743177922123,-2.259373082582139
46,Korea,NMC811,Hydro,756.8117927532523,16.026396024089358,-8.339853722713077
47,Korea,NMC811,Pyro,756.8117927532523,21.196061964603068,-16.72886455057034
48,Korea,NMC523,Direct,2235.9953171339475,6.85774814039652,-6.822756267658444
49,Korea,NMC523,Hydro,2235.9953171339475,6.664356194415919,0.7798102854836384
50,Korea,NMC523,Pyro,2235.9953171339475,9.49780259933034,-5.371477809664197
51,Korea,NCA,Direct,6869.712870065693,3.6804920199819837,6.790839041114739
52,Korea,NCA,Hydro,6869.712870065693,2.6848709564542705,5.686806895516447
53,Korea,NCA,Pyro,6869.712870065693,4.134331418745488,0.8249143621639563
54,Thailand,LFP,Direct,331.5584865391262,19.087732938329136,-15.852408687932211
55,Thailand,LFP,Hydro,331.5584865391262,28.21567266005394,-26.692118508165017
56,Thailand,LFP,Pyro,331.5584865391262,36.04334510729479,-35.315999007825866
57,Thailand,NMC111,Direct,4504.126546987345,5.724480182961359,-0.43784882899243555
58,Thailand,NMC111,Hydro,4504.126546987345,4.977464075012717,3.073115816726208
59,Thailand,NMC111,Pyro,4504.126546987345,7.240663934641578,-2.742584857084654
60,Thailand,NMC622,Direct,2194.4995474871234,7.977794531889108,0.5550852504328175
61,Thailand,NMC622,Hydro,2194.4995474871234,8.029196694540007,-0.11011877227428371
62,Thailand,NMC622,Pyro,2194.4995474871234,11.269078161703899,-6.738073649506975
63,Thailand,NMC811,Direct,1284.2950126697788,10.21607555527879,0.05351706093813376
64,Thailand,NMC811,Hydro,1284.2950126697788,11.465655250351551,-3.7547478515258277
65,Thailand,NMC811,Pyro,1284.2950126697788,15.668455486456176,-11.179596230238253
66,Thailand,NMC523,Direct,4836.0070593983655,5.539664667301086,-5.478829509604162
67,Thailand,NMC523,Hydro,4836.0070593983655,4.747612501712068,2.721526813458457
68,Thailand,NMC523,Pyro,4836.0070593983655,6.930800954729318,-2.783483071058395
69,Thailand,NCA,Direct,13930.416162540281,3.3992876761174777,7.097612370674447
70,Thailand,NCA,Hydro,13930.416162540281,2.3492078086942114,6.046759638842714
71,Thailand,NCA,Pyro,13930.416162540281,3.615059743077239,1.3657163878036853
72,Viet Nam,LFP,Direct,30.239464260374245,57.651942458768865,-54.36663054468887
73,Viet Nam,LFP,Hydro,30.239464260374245,138.70258762437334,-137.12904580880132
74,Viet Nam,LFP,Pyro,30.239464260374245,157.26028927631634,-156.48295551316434
75,Viet Nam,NMC111,Direct,727.155221667361,13.283642121593076,-7.947023103941076
76,Viet Nam,NMC111,Hydro,727.155221667361,16.73708197999735,-8.636514424575347
77,Viet Nam,NMC111,Pyro,727.155221667361,22.233225328606576,-17.685158587366576
78,Viet Nam,NMC622,Direct,322.13553864399177,19.343466379456174,-10.760598933451172
79,Viet Nam,NMC622,Hydro,322.13553864399177,28.76187887058355,-20.792813284634754
80,Viet Nam,NMC622,Pyro,322.13553864399177,36.68835645138282,-32.107364275502825
81,Viet Nam,NMC811,Direct,156.34287459230708,27.005927944696836,-16.686347664796834
82,Viet Nam,NMC811,Hydro,156.34287459230708,46.51596675412351,-38.75507169161471
83,Viet Nam,NMC811,Pyro,156.34287459230708,57.23677329567406,-52.697926375773065
84,Viet Nam,NMC523,Direct,739.9379500993572,13.177216526907802,-13.066393705527803
85,Viet Nam,NMC523,Hydro,739.9379500993572,16.54424230388418,-9.025115325030578
86,Viet Nam,NMC523,Pyro,739.9379500993572,21.996144692314665,-17.798839144960667
87,Viet Nam,NCA,Direct,2024.1889507366086,8.280906776518156,2.265980933956845
88,Viet Nam,NCA,Hydro,2024.1889507366086,8.472339868424925,-0.02638475720492295
89,Viet Nam,NCA,Pyro,2024.1889507366086,11.843284405740444,-6.812520611176444
90,France,LFP,Direct,3529.094274990215,6.57493211216451,-3.406298370161669
91,France,LFP,Hydro,3529.094274990215,6.130810893321817,-4.604411867077652
92,France,LFP,Pyro,3529.094274990215,8.714800543240314,-8.018732226743369
93,France,NMC111,Direct,8347.422689724734,4.465469915520819,0.7398485022444387
94,France,NMC111,Hydro,8347.422689724734,3.5388817309083977,4.437242466067528
95,France,NMC111,Pyro,8347.422689724734,5.218519567447634,-0.7593149789154522
96,France,NMC622,Direct,4572.77149871071,5.852305369731269,2.603026688765267
97,France,NMC622,Hydro,4572.77149871071,5.196360546929921,2.651920845312523
98,France,NMC622,Pyro,4572.77149871071,7.4685489310853805,-2.9803458811177217
99,France,NMC811,Direct,2596.5175876832423,7.547152199306454,2.648789762850432
100,France,NMC811,Hydro,2596.5175876832423,7.457355947803,0.18642294141159482
101,France,NMC811,Pyro,2596.5175876832423,10.462657444571372,-6.020363903958427
102,France,NMC523,Direct,9449.472681966558,4.223426073030022,-4.240963522259192
103,France,NMC523,Hydro,9449.472681966558,3.2695691051340723,4.1278188341355335
104,France,NMC523,Pyro,9449.472681966558,4.846944463428578,-0.7411053428806383
105,France,NCA,Direct,14289.790372234893,3.5070765493093163,6.9135373968990645
106,France,NCA,Hydro,14289.790372234893,2.5109665339197162,5.818446722566578
107,France,NCA,Pyro,14289.790372234893,3.7885841650407803,1.1466264692451258
108,Germany,LFP,Direct,7260.03471629209,4.75746881291784,-1.5917034850143452
109,Germany,LFP,Hydro,7260.03471629209,3.873746014997995,-2.3495917671334516
110,Germany,LFP,Pyro,7260.03471629209,5.675317918268683,-4.981800412952503
111,Germany,NMC111,Direct,18133.14997762778,3.153637844831009,2.0486810159845916
112,Germany,NMC111,Hydro,18133.14997762778,2.160728819319368,5.812457320630135
113,Germany,NMC111,Pyro,18133.14997762778,3.290919941849405,1.1656657036091647
114,Germany,NMC622,Direct,9925.664888127114,4.1339770733838614,4.318389196883899
115,Germany,NMC622,Hydro,9925.664888127114,3.1732936169918244,4.672082535845182
116,Germany,NMC622,Pyro,9925.664888127114,4.71117225061892,-0.22562336321549714
117,Germany,NMC811,Direct,5766.8939298156,5.275849182059877,4.917161943166577
118,Germany,NMC811,Hydro,5766.8939298156,4.486471034246417,3.1544355126067947
119,Germany,NMC811,Pyro,5766.8939298156,6.509137131369482,-2.069531513440735
120,Germany,NMC523,Direct,20350.48959521919,2.994382208608046,-3.014892844120707
121,Germany,NMC523,Hydro,20350.48959521919,2.0074630420837285,5.3870110941402825
122,Germany,NMC523,Pyro,20350.48959521919,3.072481235045108,1.030715585710849
123,Germany,NCA,Direct,31222.3826901661,2.4706364208296954,7.947023052156563
124,Germany,NCA,Hydro,31222.3826901661,1.5278965663183162,6.798649498645704
125,Germany,NCA,Pyro,31222.3826901661,2.381324647792219,2.5512070343835695
126,Hungary,LFP,Direct,523.6262043883132,15.470745691731397,-12.2791801363174
127,Hungary,LFP,Hydro,523.6262043883132,20.79597599161179,-19.260053319930556
128,Hungary,LFP,Pyro,523.6262043883132,27.185383421143257,-26.473211753984714
129,Hungary,NMC111,Direct,1238.9097071233487,10.433403216070344,-5.202333413612265
130,Hungary,NMC111,Hydro,1238.9097071233487,11.79455096033554,-3.793997627016337
131,Hungary,NMC111,Pyro,1238.9097071233487,16.117315445681623,-11.640542670791568
132,Hungary,NMC622,Direct,667.4801296557364,13.844934528179111,-5.364577112488703
133,Hungary,NMC622,Hydro,667.4801296557364,17.723941199135783,-9.851936249401218
134,Hungary,NMC622,Pyro,667.4801296557364,23.460837562632562,-18.954309107258627
135,Hungary,NMC811,Direct,374.6451236779646,18.03106624503037,-7.810850378594008
136,Hungary,NMC811,Hydro,374.6451236779646,25.925594325449463,-18.258799165189938
137,Hungary,NMC811,Pyro,374.6451236779646,33.31189618215897,-28.850551393560572
138,Hungary,NMC523,Direct,1384.251972427386,9.917205743630081,-9.90955877748901
139,Hungary,NMC523,Hydro,1384.251972427386,10.963695480115533,-3.5423998650904047
140,Hungary,NMC523,Pyro,1384.251972427386,15.067750524489647,-10.943841048138882
141,Hungary,NCA,Direct,2102.676399366505,8.191067565800232,2.2543284649589745
142,Hungary,NCA,Hydro,2102.676399366505,8.32526681704977,0.027051967440646
143,Hungary,NCA,Pyro,2102.676399366505,11.690592331262605,-6.736523316333975
144,Italy,LFP,Direct,4365.416421390526,5.922448124050092,-2.8872413665003998
145,Italy,LFP,Hydro,4365.416421390526,5.254081045127878,-3.8417295233464106
146,Italy,LFP,Pyro,4365.416421390526,7.594461860568376,-7.021951017829588
147,Italy,NMC111,Direct,5984.308484972997,5.133547261294221,-0.06573109205550107
148,Italy,NMC111,Hydro,5984.308484972997,4.283052109012119,3.5574809495517874
149,Italy,NMC111,Pyro,5984.308484972997,6.28289785299604,-1.9493679367923233
150,Italy,NMC622,Direct,3304.3569682378493,6.719101902126021,1.5997772708453668
151,Italy,NMC622,Hydro,3304.3569682378493,6.292786276849764,1.4209237845527396
152,Italy,NMC622,Pyro,3304.3569682378493,8.978161065239705,-4.616727133271638
153,Italy,NMC811,Direct,1997.281003677329,8.441184070197219,1.6193911180305578
154,Italy,NMC811,Hydro,1997.281003677329,8.719404705249145,-1.2091748712304768
155,Italy,NMC811,Pyro,1997.281003677329,12.1508301495056,-7.836354822620051
156,Italy,NMC523,Direct,6723.896946415735,4.8694758273120655,-5.0236960566166475
157,Italy,NMC523,Hydro,6723.896946415735,3.971633917837652,3.2909165754740983
158,Italy,NMC523,Pyro,6723.896946415735,5.857907982157592,-1.8784693439614615
159,Italy,NCA,Direct,10940.31061103973,3.905448370033461,6.379064304481522
160,Italy,NCA,Hydro,10940.31061103973,2.8974438347603324,5.298580428855304
161,Italy,NCA,Pyro,10940.31061103973,4.37194921323449,0.4357219679135662
162,Poland,LFP,Direct,760.0173837497211,13.045412096617905,-9.778967197982164
163,Poland,LFP,Hydro,760.0173837497211,16.27031447072059,-14.715524807503321
164,Poland,LFP,Pyro,760.0173837497211,21.681481661976655,-20.922956417214756
165,Poland,NMC111,Direct,1113.5608930746118,10.953384734646473,-5.635656886720598
166,Poland,NMC111,Hydro,1113.5608930746118,12.649837006276101,-4.568149293340676
167,Poland,NMC111,Pyro,1113.5608930746118,17.19289488661081,-12.663649212496432
168,Poland,NMC622,Direct,589.8812898166701,14.6493861164369,-6.0854036205341515
169,Poland,NMC622,Hydro,589.8812898166701,19.227269318029556,-11.277077530119882
170,Poland,NMC622,Pyro,589.8812898166701,25.288565963014683,-20.726401341091282
171,Poland,NMC811,Direct,348.1999384758247,18.64565902908779,-8.344957261855521
172,Poland,NMC811,Hydro,348.1999384758247,27.21269182618129,-19.470664502635785
173,Poland,NMC811,Pyro,348.1999384758247,34.82969369406055,-30.309680546155878
174,Poland,NMC523,Direct,1220.9912118123411,10.501358428192084,-10.409421919510152
175,Poland,NMC523,Hydro,1220.9912118123411,11.904974630931008,-4.404723027393353
176,Poland,NMC523,Pyro,1220.9912118123411,16.257702050710265,-12.07922187239204
177,Poland,NCA,Direct,2145.4631276920973,8.113795667706906,2.414209176697563
178,Poland,NCA,Hydro,2145.4631276920973,8.21136917993358,0.21571914102005896
179,Poland,NCA,Pyro,2145.4631276920973,11.5450228003963,-6.533091125601499
180,Slovakia,LFP,Direct,109.4545877938779,31.639080822816553,-28.49364054895091
181,Slovakia,LFP,Hydro,109.4545877938779,58.18942179377908,-56.66683675568167
182,Slovakia,LFP,Pyro,109.4545877938779,70.23808961305282,-69.55534525399808
183,Slovakia,NMC111,Direct,189.96262600649527,24.592227689379254,-19.41417800382458
184,Slovakia,NMC111,Hydro,189.96262600649527,40.49675844480099,-32.54599186992113
185,Slovakia,NMC111,Pyro,189.96262600649527,50.276537997960375,-45.832774565440715
186,Slovakia,NMC622,Direct,103.2900067717367,32.488496662030414,-24.059383972743074
187,Slovakia,NMC622,Hydro,103.2900067717367,60.450040876299596,-52.62609729858114
188,Slovakia,NMC622,Pyro,103.2900067717367,72.75129538870927,-68.27962794042526
189,Slovakia,NMC811,Direct,59.37647994570891,41.84244346572002,-31.67163476117629
190,Slovakia,NMC811,Hydro,59.37647994570891,86.99298141423843,-79.37251806390383
191,Slovakia,NMC811,Pyro,59.37647994570891,101.77951509721173,-97.35480625401023
192,Slovakia,NMC523,Direct,212.48452660593745,23.364673425971905,-23.408660138960535
193,Slovakia,NMC523,Hydro,212.48452660593745,37.620774125086925,-30.247990115459228
194,Slovakia,NMC523,Pyro,212.48452660593745,46.97378186532982,-42.88410971081774
195,Slovakia,NCA,Direct,324.88448603491736,19.24352565367793,-8.848779462846997
196,Slovakia,NCA,Hydro,324.88448603491736,28.4568530258712,-20.150595245939613
197,Slovakia,NCA,Pyro,324.88448603491736,36.30974879957612,-31.39184410211211
198,Spain,LFP,Direct,1955.3537733837647,8.506080164021,-5.294751711332054
199,Spain,LFP,Hydro,1955.3537733837647,8.807742594300521,-7.2847979006298935
200,Spain,LFP,Pyro,1955.3537733837647,12.279756793437027,-11.564496382229187
201,Spain,NMC111,Direct,3840.6216800111824,6.258747395622439,-1.0010296962481264
202,Spain,NMC111,Hydro,3840.6216800111824,5.675424906219328,2.348547578046288
203,Spain,NMC111,Pyro,3840.6216800111824,8.174227344871547,-3.6907889015575766
204,Spain,NMC622,Direct,2060.5341305204483,8.305926276557368,0.1993061782029994
205,Spain,NMC622,Hydro,2060.5341305204483,8.512375876637437,-0.6186747010581223
206,Spain,NMC622,Pyro,2060.5341305204483,11.897948782704784,-7.382905635649197
207,Spain,NMC811,Direct,1169.5593941837674,10.74410620508441,-0.5008502427411458
208,Spain,NMC811,Hydro,1169.5593941837674,12.30768310757424,-4.620918816282857
209,Spain,NMC811,Pyro,1169.5593941837674,16.73975487209809,-12.26812298552006
210,Spain,NMC523,Direct,4263.565131884416,5.968526757084367,-5.935616354000808
211,Spain,NMC523,Hydro,4263.565131884416,5.30225117690331,2.141190255074874
212,Spain,NMC523,Pyro,4263.565131884416,7.675281333938738,-3.5434799614496395
213,Spain,NCA,Direct,7012.506278197021,4.760519442535038,5.709157589444828
214,Spain,NCA,Hydro,7012.506278197021,3.8350644816632404,4.5369530148058805
215,Spain,NCA,Pyro,7012.506278197021,5.686131265444221,-0.7222461076751778
216,Sweden,LFP,Direct,609.9183951332585,14.472548154971829,-11.49690187967469
217,Sweden,LFP,Hydro,609.9183951332585,18.799499490671206,-17.336205984408352
218,Sweden,LFP,Pyro,609.9183951332585,24.796526384482316,-24.22729973186692
219,Sweden,NMC111,Direct,3166.211088262963,6.90670448043735,-1.9216860904748136
220,Sweden,NMC111,Hydro,3166.211088262963,6.5765953925581515,1.192037102855001
221,Sweden,NMC111,Pyro,3166.211088262963,9.301816833869687,-4.983643447434188
222,Sweden,NMC622,Direct,1691.3800690483151,9.153310053356899,-0.9112451554495068
223,Sweden,NMC622,Hydro,1691.3800690483151,9.809640381141287,-2.162015904759876
224,Sweden,NMC622,Pyro,1691.3800690483151,13.51065141659717,-9.170814581555227
225,Sweden,NMC811,Direct,907.8687280162163,12.104615005193478,-2.114661046056858
226,Sweden,NMC811,Hydro,907.8687280162163,14.587412257493087,-7.1374389573341155
227,Sweden,NMC811,Pyro,907.8687280162163,19.567989218024536,-15.281092968274056
228,Sweden,NMC523,Direct,3531.5103344965355,6.576141440712337,-6.808486811776272
229,Sweden,NMC523,Hydro,3531.5103344965355,6.134225810263927,1.0607217003989609
230,Sweden,NMC523,Pyro,3531.5103344965355,8.716390993107693,-4.756447478594542
231,Sweden,NCA,Direct,5290.081936741933,5.484558216030361,4.725145097678673
232,Sweden,NCA,Hydro,5290.081936741933,4.74064685172527,3.3960335589582327
233,Sweden,NCA,Pyro,5290.081936741933,6.852586667481724,-2.0709050609233457
234,United Kingdom,LFP,Direct,628.4192158855076,14.254185417584575,-11.033618625912014
235,United Kingdom,LFP,Hydro,628.4192158855076,18.442156695905975,-16.900552551775483
236,United Kingdom,LFP,Pyro,628.4192158855076,24.346218528067183,-23.61692182867795
237,United Kingdom,NMC111,Direct,4445.2894634726445,5.869580960052973,-0.6046060644888399
238,United Kingdom,NMC111,Hydro,4445.2894634726445,5.184580130403081,2.847578614270855
239,United Kingdom,NMC111,Pyro,4445.2894634726445,7.505253526165692,-3.008808046423113
240,United Kingdom,NMC622,Direct,2569.8616161580453,7.525597002494963,0.9874027842184148
241,United Kingdom,NMC622,Hydro,2569.8616161580453,7.397385216442748,0.5049979872757865
242,United Kingdom,NMC622,Pyro,2569.8616161580453,10.435587578747178,-5.908069447447946
243,United Kingdom,NMC811,Direct,1881.5807699892473,8.6684588996162,1.5830923953502152
244,United Kingdom,NMC811,Hydro,1881.5807699892473,9.055084544295672,-1.3591412573093629
245,United Kingdom,NMC811,Pyro,1881.5807699892473,12.58787207636811,-8.104275211377644
246,United Kingdom,NMC523,Direct,5310.994604690546,5.414530556983827,-5.3739645825407765
247,United Kingdom,NMC523,Hydro,5310.994604690546,4.619459427884609,2.8325346634265816
248,United Kingdom,NMC523,Pyro,5310.994604690546,6.743476448612996,-2.5990208838966744
249,United Kingdom,NCA,Direct,16285.817501569029,3.2573293867828568,7.22028591017336
250,United Kingdom,NCA,Hydro,16285.817501569029,2.233325847689373,6.147948456934566
251,United Kingdom,NCA,Pyro,16285.817501569029,3.4369476479731538,1.5390380044652436
252,Norway,LFP,Direct,23.26454939399893,62.4096796552146,-59.4196324423865
253,Norway,LFP,Hydro,23.26454939399893,148.54563700571543,-147.1110251795286
254,Norway,LFP,Pyro,23.26454939399893,171.80262678786156,-171.24094015564856
255,Norway,NMC111,Direct,2008.4871048199504,8.49990678015863,-3.4914277129916185
256,Norway,NMC111,Hydro,2008.4871048199504,8.842421323822201,-1.0545767495317326
257,Norway,NMC111,Pyro,2008.4871048199504,12.239712431034562,-7.924372310411142
258,Norway,NMC622,Direct,1037.242854293059,11.42227434657245,-3.159081615527714
259,Norway,NMC622,Hydro,1037.242854293059,13.433496931554403,-5.768927515542048
260,Norway,NMC622,Pyro,1037.242854293059,18.1060248334836,-13.766588196681022
261,Norway,NMC811,Direct,647.8381504395641,14.098225379863823,-4.089558127639113
262,Norway,NMC811,Hydro,647.8381504395641,18.09465897267458,-10.630013358913935
263,Norway,NMC811,Pyro,647.8381504395641,23.93019906066465,-19.641370759263626
264,Norway,NMC523,Direct,2249.5695292344744,8.079766930607857,-8.290473388825196
265,Norway,NMC523,Hydro,2249.5695292344744,8.230311124473214,-1.0178270723474303
266,Norway,NMC523,Pyro,2249.5695292344744,11.444591741379474,-7.485867940833541
267,Norway,NCA,Direct,6544.777261927685,5.011804891628034,5.218244580773717
268,Norway,NCA,Hydro,6544.777261927685,4.187047804417249,3.963949084522694
269,Norway,NCA,Pyro,6544.777261927685,6.0783188026431,-1.295324858476524
270,Russian Federation,LFP,Direct,37.04901021725642,51.94408363857528,-48.72733025210265
271,Russian Federation,LFP,Hydro,37.04901021725642,118.86764054424789,-117.36265725628326
272,Russian Federation,LFP,Pyro,37.04901021725642,135.63588552160888,-134.92711028606425
273,Russian Federation,NMC111,Direct,624.1170535062579,14.27758721525499,-9.009526725210351
274,Russian Federation,NMC111,Hydro,624.1170535062579,18.525477209475774,-10.493468181661134
275,Russian Federation,NMC111,Pyro,624.1170535062579,24.43752334484949,-19.958015131216854
276,Russian Federation,NMC622,Direct,291.560712379509,20.22141182607941,-11.70710290768177
277,Russian Federation,NMC622,Hydro,291.560712379509,30.572712963244385,-22.67220590490295
278,Russian Federation,NMC622,Pyro,291.560712379509,38.78373284574141,-34.27129919746878
279,Russian Federation,NMC811,Direct,164.5674305438839,26.266338415682977,-16.01531666339034
280,Russian Federation,NMC811,Hydro,164.5674305438839,44.547658990679906,-36.85532245577847
281,Russian Federation,NMC811,Pyro,164.5674305438839,54.87652844650493,-50.406240054211295
282,Russian Federation,NMC523,Direct,662.1361229573845,13.896666468805599,-13.854402175032961
283,Russian Federation,NMC523,Hydro,662.1361229573845,17.818273532694704,-10.367705081448465
284,Russian Federation,NMC523,Pyro,662.1361229573845,23.576105539728864,-19.447358519982227
285,Russian Federation,NCA,Direct,1807.1913185707767,8.780093039692352,1.698236143175288
286,Russian Federation,NCA,Hydro,1807.1913185707767,9.201238483161394,-0.8238418995487538
287,Russian Federation,NCA,Pyro,1807.1913185707767,12.818672106895871,-7.856466839939232
288,Serbia,LFP,Direct,146.37503143982187,27.772598121288713,-24.64810551408974
289,Serbia,LFP,Hydro,146.37503143982187,48.489520038262874,-46.98788266683213
290,Serbia,LFP,Pyro,146.37503143982187,59.157348826791775,-58.4955521344037
291,Serbia,NMC111,Direct,174.23649635546514,25.636350876073568,-20.479248857185564
292,Serbia,NMC111,Hydro,174.23649635546514,43.19586522414811,-35.266046315934915
293,Serbia,NMC111,Pyro,174.23649635546514,53.19437124861753,-48.77155548276453
294,Serbia,NMC622,Direct,94.97612448468,33.87718794007583,-25.469022917455156
295,Serbia,NMC622,Hydro,94.97612448468,64.6072465631221,-56.804250652070316
296,Serbia,NMC622,Pyro,94.97612448468,77.01168425727742,-72.56096447566007
297,Serbia,NMC811,Direct,58.29625184284472,42.39146195213554,-32.241600914258484
298,Serbia,NMC811,Hydro,58.29625184284472,89.31371532798522,-81.71419964431728
299,Serbia,NMC811,Pyro,58.29625184284472,103.70819952617032,-99.30443834963548
300,Serbia,NMC523,Direct,194.15817782190365,24.392648520501005,-24.457582900156304
301,Serbia,NMC523,Hydro,194.15817782190365,40.20206850330346,-32.85023216034243
302,Serbia,NMC523,Pyro,194.15817782190365,49.79619130929588,-45.72746682145046
303,Serbia,NCA,Direct,331.42033855211827,19.08034195097491,-8.706543426810642
304,Serbia,NCA,Hydro,331.42033855211827,28.195289872684548,-19.909979759419627
305,Serbia,NCA,Pyro,331.42033855211827,35.94114471961428,-31.044187688816937
306,Turkey,LFP,Direct,185.72400199029215,24.901599683819896,-21.79414543145963
307,Turkey,LFP,Hydro,185.72400199029215,41.44344598886102,-39.95884697226899
308,Turkey,LFP,Pyro,185.72400199029215,51.18810646644075,-50.54334812889139
309,Turkey,NMC111,Direct,1469.1446615340503,9.624278289773542,-4.484214625724249
310,Turkey,NMC111,Hydro,1469.1446615340503,10.491637948777639,-2.578857395403159
311,Turkey,NMC111,Pyro,1469.1446615340503,14.490682998977526,-10.084905587963236
312,Turkey,NMC622,Direct,833.2706703471733,12.490243432964451,-4.09911676518249
313,Turkey,NMC622,Hydro,833.2706703471733,15.290785495788315,-7.504827939575238
314,Turkey,NMC622,Pyro,833.2706703471733,20.481802027946713,-16.048120601168073
315,Turkey,NMC811,Direct,553.6553483322893,15.07234397164527,-4.93952128860692
316,Turkey,NMC811,Hydro,553.6553483322893,20.061447251196032,-12.47896992236679
317,Turkey,NMC811,Pyro,553.6553483322893,26.284954698259316,-21.89823187656319
318,Turkey,NMC523,Direct,1755.4986978422255,8.867892931857531,-8.94986566635154
319,Turkey,NMC523,Hydro,1755.4986978422255,9.321249590643925,-1.9864516025216012
320,Turkey,NMC523,Pyro,1755.4986978422255,12.998654478677594,-8.946968345670891
321,Turkey,NCA,Direct,5202.356569192105,5.3821544431421176,4.974605726183441
322,Turkey,NCA,Hydro,5202.356569192105,4.52990251553347,3.73836924289274
323,Turkey,NCA,Pyro,5202.356569192105,6.698937417521792,-1.8190187415631618
324,USA,LFP,Direct,9645.059179209566,3.9316531625380526,-0.8228717721457384
325,USA,LFP,Hydro,9645.059179209566,2.8719104360152463,-1.4189262572945214
326,USA,LFP,Pyro,9645.059179209566,4.214801994471715,-3.585493087903132
327,USA,NMC111,Direct,6941.505319500507,4.588084382151344,0.5602337085348295
328,USA,NMC111,Hydro,6941.505319500507,3.5930387355702336,4.32474766690591
329,USA,NMC111,Pyro,6941.505319500507,5.204659691792428,-0.8107328172416142
330,USA,NMC622,Direct,3770.9814867182704,6.109778137285042,2.287819210060983
331,USA,NMC622,Hydro,3770.9814867182704,5.444320419056022,2.344909478626831
332,USA,NMC622,Pyro,3770.9814867182704,7.6974170206620105,-3.273725750040277
333,USA,NMC811,Direct,3501.188997119705,6.3264308669162155,3.8110162819568982
334,USA,NMC811,Hydro,3501.188997119705,5.726647262713359,1.857364704631384
335,USA,NMC811,Pyro,3501.188997119705,8.07273766823127,-3.6942217099410257
336,USA,NMC523,Direct,8154.577825049401,4.253995189997177,-4.329106461441763
337,USA,NMC523,Hydro,8154.577825049401,3.2197553355980584,4.118767346575545
338,USA,NMC523,Pyro,8154.577825049401,4.6938857758872805,-0.6528164199082374
339,USA,NCA,Direct,63284.304392936734,1.6258074780928427,8.736825684255214
340,USA,NCA,Hydro,63284.304392936734,0.7975293311142285,7.472004985809616
341,USA,NCA,Pyro,63284.304392936734,1.2612875302426705,3.609950434475764
342,Canada,LFP,Direct,230.15467446806764,22.737828908085906,-19.585280644578155
343,Canada,LFP,Hydro,230.15467446806764,36.792214042577186,-35.26593923431937
344,Canada,LFP,Pyro,230.15467446806764,46.416437588079525,-45.72832605769923
345,Canada,NMC111,Direct,1645.7570651181716,8.989494953970796,-3.803618469649334
346,Canada,NMC111,Hydro,1645.7570651181716,9.522311057693653,-1.5640547722365916
347,Canada,NMC111,Pyro,1645.7570651181716,13.055027263675353,-8.605523221048319
348,Canada,NMC622,Direct,917.1096611805281,11.844765333336348,-3.408010935545552
349,Canada,NMC622,Hydro,917.1096611805281,14.230670553598172,-6.39941714247735
350,Canada,NMC622,Pyro,917.1096611805281,19.03376349450124,-14.556162394009833
351,Canada,NMC811,Direct,632.0510791384753,14.118524606491514,-3.940265765551462
352,Canada,NMC811,Hydro,632.0510791384753,18.378360777512423,-10.750767906277307
353,Canada,NMC811,Pyro,632.0510791384753,24.19753494007181,-19.766707401542224
354,Canada,NMC523,Direct,1917.1835779205057,8.364906410641948,-8.401210865533903
355,Canada,NMC523,Hydro,1917.1835779205057,8.574121070961153,-1.193980289629289
356,Canada,NMC523,Pyro,1917.1835779205057,11.831176613941082,-7.735635828447854
357,Canada,NCA,Direct,5875.830117857089,4.931884935584531,5.470440944890205
358,Canada,NCA,Hydro,5875.830117857089,3.9717751810040074,4.341583887483411
359,Canada,NCA,Pyro,5875.830117857089,5.746282212988706,-0.8223079889502808
360,Brazil,LFP,Direct,323.5887334008186,19.42045423989051,-16.22591454803273
361,Brazil,LFP,Hydro,323.5887334008186,29.62616981368881,-28.143400220339032
362,Brazil,LFP,Pyro,323.5887334008186,37.59850850666501,-36.91194696573523
363,Brazil,NMC111,Direct,1315.226770757749,9.892739445767146,-4.646892650337369
364,Brazil,NMC111,Hydro,1315.226770757749,10.91813302982876,-2.9083376966289816
365,Brazil,NMC111,Pyro,1315.226770757749,14.925018191207954,-10.467723672190177
366,Brazil,NMC622,Direct,742.5349996322736,13.024025739331943,-4.531930515549163
367,Brazil,NMC622,Hydro,742.5349996322736,16.401792331190908,-8.523498967464331
368,Brazil,NMC622,Pyro,742.5349996322736,21.752100858362947,-17.26188090470517
369,Brazil,NMC811,Direct,539.326204818761,15.189443443181332,-4.960635385503554
370,Brazil,NMC811,Hydro,539.326204818761,20.59414949284356,-12.924026652556982
371,Brazil,NMC811,Pyro,539.326204818761,26.85315157897415,-22.40507688129537
372,Brazil,NMC523,Direct,1538.0692329534415,9.1752799815551,-9.155229382397323
373,Brazil,NMC523,Hydro,1538.0692329534415,9.766964523786674,-2.3386097671552957
374,Brazil,NMC523,Pyro,1538.0692329534415,13.462574368753616,-9.356041043621838
375,Brazil,NCA,Direct,4662.745969252039,5.3818287504739795,5.0742867377788
376,Brazil,NCA,Hydro,4662.745969252039,4.434876754382759,3.9203061346150205
377,Brazil,NCA,Pyro,4662.745969252039,6.482963871676284,-1.5429722993345054
378,Australia,LFP,Direct,70.78584395107973,37.66075422397345,-34.50141827923209
379,Australia,LFP,Hydro,70.78584395107973,78.71823123913367,-77.23889508660223
380,Australia,LFP,Pyro,70.78584395107973,88.87446307831958,-88.20692541910495
381,Australia,NMC111,Direct,493.8300502751075,15.930545258131318,-10.726583110849406
382,Australia,NMC111,Hydro,493.8300502751075,21.64663080557445,-13.6755870873484
383,Australia,NMC111,Pyro,493.8300502751075,28.106489244919285,-23.671689497811112
384,Australia,NMC622,Direct,279.4646504131259,20.499444630447254,-12.047513751481784
385,Australia,NMC622,Hydro,279.4646504131259,31.602057785313825,-23.76084418577107
386,Australia,NMC622,Pyro,279.4646504131259,39.385600056040005,-34.91966908518993
387,Australia,NMC811,Direct,193.49836187401095,24.124236514765222,-13.933812253711663
388,Australia,NMC811,Hydro,193.49836187401095,40.347808744486926,-32.71308977148975
389,Australia,NMC811,Pyro,193.49836187401095,48.97250964214412,-44.55044379244099
390,Australia,NMC523,Direct,581.3673223969059,14.819711657974224,-14.840202287857778
391,Australia,NMC523,Hydro,581.3673223969059,19.4217067015185,-12.030867972521296
392,Australia,NMC523,Pyro,581.3673223969059,25.515512387226714,-21.432663711481503
393,Australia,NCA,Direct,1788.261020224491,9.009591336217968,1.4069362354363664
394,Australia,NCA,Hydro,1788.261020224491,9.203885000744013,-0.8838435762723493
395,Australia,NCA,Pyro,1788.261020224491,13.110134870784359,-8.195695152251293
396,Czechia,LFP,Direct,67.751031224065,39.31708936097233,-36.16984908710669
397,Czechia,LFP,Hydro,67.751031224065,79.28411481807106,-77.75972977997364
398,Czechia,LFP,Pyro,67.751031224065,93.64816655385508,-92.96362219480034
399,Czechia,NMC111,Direct,95.49903678598294,33.62066140304616,-28.44081171749149
400,Czechia,NMC111,Hydro,95.49903678598294,63.32434772416944,-55.37178114928958
401,Czechia,NMC111,Pyro,95.49903678598294,76.08717321946688,-71.6416097869472
402,Czechia,NMC622,Direct,52.49860082159003,44.16585210598891,-35.73493941670157
403,Czechia,NMC622,Hydro,52.49860082159003,93.69450197731084,-85.86875839959238
404,Czechia,NMC622,Pyro,52.49860082159003,109.27190257467863,-104.79843512639462
405,Czechia,NMC811,Direct,30.837980988595284,56.2911713020037,-46.11856259745997
406,Czechia,NMC811,Hydro,30.837980988595284,132.74156839988515,-125.11930504955055
407,Czechia,NMC811,Pyro,30.837980988595284,150.76112393171826,-146.33461508851676
408,Czechia,NMC523,Direct,107.09608805125428,31.908860179354374,-31.951046892343005
409,Czechia,NMC523,Hydro,107.09608805125428,58.746187920558334,-51.37160391093064
410,Czechia,NMC523,Pyro,107.09608805125428,70.9905088200964,-66.8990366655843
411,Czechia,NCA,Direct,165.36749841964942,26.17479946585012,-15.778253275019187
412,Czechia,NCA,Hydro,165.36749841964942,44.201756871115606,-35.89369909118402
413,Czechia,NCA,Pyro,165.36749841964942,54.583375035856605,-49.6636703383926
414,Netherlands,LFP,Direct,841.3829627571674,12.522996443444987,-9.403883373381378
415,Netherlands,LFP,Hydro,841.3829627571674,15.309346972473685,-13.798324562513816
416,Netherlands,LFP,Pyro,841.3829627571674,20.47149718677848,-19.807560782428297
417,Netherlands,NMC111,Direct,3211.859689314297,6.858855133557425,-1.7102374587858815
418,Netherlands,NMC111,Hydro,3211.859689314297,6.510024213138871,1.41276636164044
419,Netherlands,NMC111,Pyro,3211.859689314297,9.217147850391257,-4.793805395139371
420,Netherlands,NMC622,Direct,1842.7123221590728,8.804334939078966,-0.40385478610788794
421,Netherlands,NMC622,Hydro,1842.7123221590728,9.281501083893751,-1.484756549099046
422,Netherlands,NMC622,Pyro,1842.7123221590728,12.833263343655998,-8.382850694080274
423,Netherlands,NMC811,Direct,937.1919611775969,11.930528465395968,-1.7875248251802078
424,Netherlands,NMC811,Hydro,937.1919611775969,14.290886916388471,-6.696843771459596
425,Netherlands,NMC811,Pyro,937.1919611775969,19.197750318356665,-14.795095544703548
426,Netherlands,NMC523,Direct,3815.0975606667503,6.348305213515463,-6.421099611765729
427,Netherlands,NMC523,Hydro,3815.0975606667503,5.832648275439582,1.5127339470836239
428,Netherlands,NMC523,Pyro,3815.0975606667503,8.318957784725876,-4.2502595777889844
429,Netherlands,NCA,Direct,5576.946159910549,5.352446763553384,5.0139347737438085
430,Netherlands,NCA,Hydro,5576.946159910549,4.577265616037424,3.7026939046042924
431,Netherlands,NCA,Pyro,5576.946159910549,6.635052159650879,-1.738989153393903
432,Belgium,LFP,Direct,589.5289142303893,14.753249864128671,-11.606009590263028
433,Belgium,LFP,Hydro,589.5289142303893,19.22669219122134,-17.702307153123922
434,Belgium,LFP,Pyro,589.5289142303893,25.311349449312406,-24.626805090257665
435,Belgium,NMC111,Direct,1598.2126250127583,9.52734741894457,-4.3474977333899005
436,Belgium,NMC111,Hydro,1598.2126250127583,10.030767653772307,-2.0782010788924503
437,Belgium,NMC111,Pyro,1598.2126250127583,14.105748180584092,-9.660184748064424
438,Belgium,NMC622,Direct,855.9182320383679,12.528150426646205,-4.097237737358867
439,Belgium,NMC622,Hydro,855.9182320383679,15.075249347247707,-7.249505769529254
440,Belgium,NMC622,Pyro,855.9182320383679,20.341670092208123,-15.868202643924105
441,Belgium,NMC811,Direct,478.8309818985699,16.161879452486236,-5.98927074794251
442,Belgium,NMC811,Hydro,478.8309818985699,22.020670322070266,-14.398406971735648
443,Belgium,NMC811,Pyro,478.8309818985699,28.593443643446157,-24.166934800244658
444,Belgium,NMC523,Direct,1779.5799321400877,9.088721139175968,-9.1309078521646
445,Belgium,NMC523,Hydro,1779.5799321400877,9.351441666710757,-1.9768576570830574
446,Belgium,NMC523,Pyro,1779.5799321400877,13.244286622898796,-9.152814468386715
447,Belgium,NCA,Direct,2697.929314679829,7.572947124050151,2.8235990667807838
448,Belgium,NCA,Hydro,2697.929314679829,7.128246659104996,1.1798111208265905
449,Belgium,NCA,Pyro,2697.929314679829,10.377357347963885,-5.457652650499878
450,Finland,LFP,Direct,148.01704180316239,27.366565590599286,-24.234642391941165
451,Finland,LFP,Hydro,148.01704180316239,46.54707331682321,-45.03250022333871
452,Finland,LFP,Pyro,148.01704180316239,57.722486872478996,-57.050455955855895
453,Finland,NMC111,Direct,662.34279789751,13.939708397635936,-8.77633344791449
454,Finland,NMC111,Hydro,662.34279789751,17.83332373129436,-9.896689003028499
455,Finland,NMC111,Pyro,662.34279789751,23.603800594122923,-19.171352036819986
456,Finland,NMC622,Direct,353.448751622158,18.494567848652906,-10.079831802558193
457,Finland,NMC622,Hydro,353.448751622158,26.660370935620836,-18.85026950768919
458,Finland,NMC622,Pyro,353.448751622158,34.33648000775317,-29.876438333964455
459,Finland,NMC811,Direct,192.65393365758064,24.304656446569847,-14.147915853401615
460,Finland,NMC811,Hydro,192.65393365758064,39.31920569781333,-31.712294099332926
461,Finland,NMC811,Pyro,192.65393365758064,49.321313708212394,-44.90852865622237
462,Finland,NMC523,Direct,735.0694298864354,13.301017903381489,-13.35944656572797
463,Finland,NMC523,Hydro,735.0694298864354,16.68259335509827,-9.323727090602462
464,Finland,NMC523,Pyro,735.0694298864354,22.180972597129873,-18.102821498752036
465,Finland,NCA,Direct,1108.8808565061584,11.053545986600245,-0.6730765559896561
466,Finland,NCA,Hydro,1108.8808565061584,12.821583990026404,-4.5288324930301425
467,Finland,NCA,Pyro,1108.8808565061584,17.354925030679563,-12.44886493688171
468,Switzerland,LFP,Direct,89.86475872529809,33.94208770622721,-30.95435932062914
469,Switzerland,LFP,Hydro,89.86475872529809,62.24102642132019,-60.7734313973339
470,Switzerland,LFP,Pyro,89.86475872529809,76.51251839709776,-75.93517210591415
471,Switzerland,NMC111,Direct,745.7898351570451,13.262626962191652,-8.263890299894095
472,Switzerland,NMC111,Hydro,745.7898351570451,16.577358557297856,-8.795775073768823
473,Switzerland,NMC111,Pyro,745.7898351570451,22.04089402113254,-17.713750970251493
474,Switzerland,NMC622,Direct,434.8587166684751,16.852340176286035,-8.596978310742394
475,Switzerland,NMC622,Hydro,434.8587166684751,23.226095947286357,-15.565929921392664
476,Switzerland,NMC622,Pyro,434.8587166684751,30.269717520617224,-25.920471616363997
477,Switzerland,NMC811,Direct,314.92730937186224,19.448706632355837,-9.44589176433308
478,Switzerland,NMC811,Hydro,314.92730937186224,28.41765413753789,-20.95554971736691
479,Switzerland,NMC811,Pyro,314.92730937186224,36.59544418402574,-32.298717667671845
480,Switzerland,NMC523,Direct,897.4425680425521,12.216054688572608,-12.435010792525167
481,Switzerland,NMC523,Hydro,897.4425680425521,14.765787871053135,-7.558191969347015
482,Switzerland,NMC523,Pyro,897.4425680425521,19.767405541705244,-15.798200960083362
483,Switzerland,NCA,Direct,2771.943752069257,7.403501109625682,2.8193580036402293
484,Switzerland,NCA,Hydro,2771.943752069257,7.29550223982185,0.8532450280688543
485,Switzerland,NCA,Pyro,2771.943752069257,10.183542100998835,-5.392142146349561
486,Romania,LFP,Direct,154.94733205735406,27.033961593447714,-23.908333508310776
487,Romania,LFP,Hydro,154.94733205735406,46.55755433529295,-45.05478148592424
488,Romania,LFP,Pyro,154.94733205735406,57.053279605312206,-56.39034743498617
489,Romania,NMC111,Direct,175.47410345533612,25.534925165014258,-20.376687668188293
490,Romania,NMC111,Hydro,175.47410345533612,42.88003804304219,-34.949083656891034
491,Romania,NMC111,Pyro,175.47410345533612,52.8928037178326,-48.46885247404164
492,Romania,NMC622,Direct,96.95959300484992,33.51721513496321,-25.107914634404572
493,Romania,NMC622,Hydro,96.95959300484992,63.48158631778781,-55.677454928798056
494,Romania,NMC622,Pyro,96.95959300484992,75.89184599644756,-71.43999073689224
495,Romania,NMC811,Direct,59.18299833820239,42.03187450759834,-31.880877991783315
496,Romania,NMC811,Hydro,59.18299833820239,87.99315437704715,-80.39250321544124
497,Romania,NMC811,Pyro,59.18299833820239,102.4904047134392,-98.0855080589664
498,Romania,NMC523,Direct,196.95311721861916,24.217999101870372,-24.281798003587706
499,Romania,NMC523,Hydro,196.95311721861916,39.727004774602996,-32.374032953704
500,Romania,NMC523,Pyro,196.95311721861916,49.30302084778906,-45.23316088200568
501,Romania,NCA,Direct,316.4175035823845,19.48603021110493,-9.111096209002698
502,Romania,NCA,Hydro,316.4175035823845,29.03381605096764,-20.747370459764756
503,Romania,NCA,Pyro,316.4175035823845,36.94507313933334,-32.046980630598036
