iso_o,iso_d,distcap
ABW,AUS,15354.32
ABW,BEL,7847.07
ABW,BRA,3988.915
ABW,CAN,3696.783
ABW,CHE,8056.331999999999
ABW,CHN,14155.35
ABW,CZE,8560.899
ABW,DEU,8474.606
ABW,ESP,7121.524
ABW,FIN,9087.563
ABW,FRA,7685.884
ABW,GBR,7541.243
ABW,HUN,8927.636
ABW,IND,14258.17
ABW,ITA,8480.133
ABW,JPN,13815.84
ABW,KOR,14183.6
ABW,NLD,7896.896
ABW,NOR,8301.125
ABW,POL,8990.023000000001
ABW,ROM,9528.119
ABW,RUS,9942.475
ABW,SVK,8778.741
ABW,SWE,8715.386999999999
ABW,THA,16930.21
ABW,TUR,10197.24
ABW,USA,3007.2690000000002
ABW,VNM,16271.96
ABW,YUG,9082.858
AFG,AUS,11365.44
AFG,BEL,5416.121
AFG,BRA,13470.08
AFG,CAN,10461.27
AFG,CHE,5247.043000000001
AFG,CHN,4180.438
AFG,CZE,4708.024
AFG,DEU,4783.57
AFG,ESP,6290.493
AFG,FIN,4254.794
AFG,FRA,5590.380999999999
AFG,GBR,5718.078
AFG,HUN,4367.694
AFG,IND,1003.893
AFG,ITA,4935.994000000001
AFG,JPN,6278.016
AFG,KOR,5131.888
AFG,NLD,5361.4
AFG,NOR,5014.602
AFG,POL,4267.977
AFG,ROM,3813.935
AFG,RUS,3367.526
AFG,SVK,4508.77
AFG,SWE,4597.182
AFG,THA,3903.415
AFG,TUR,3254.2529999999997
AFG,USA,11155.07
AFG,VNM,3884.103
AFG,YUG,4258.76
AGO,AUS,13284.23
AGO,BEL,6696.229
AGO,BRA,6674.706
AGO,CAN,10635.11
AGO,CHE,6235.385
AGO,CHN,11769.51
AGO,CZE,6560.238
AGO,DEU,6830.0419999999995
AGO,ESP,5752.2519999999995
AGO,FIN,7746.235
AGO,FRA,6510.321999999999
AGO,GBR,6837.594
AGO,HUN,6296.004
AGO,IND,8025.968000000001
AGO,ITA,5645.243
AGO,JPN,13861.75
AGO,KOR,12705.4
AGO,NLD,6856.132
AGO,NOR,7655.045
AGO,POL,6838.7119999999995
AGO,ROM,6066.590999999999
AGO,RUS,7535.854
AGO,SVK,6355.751
AGO,SWE,7599.201999999999
AGO,THA,9955.721
AGO,TUR,5790.759
AGO,USA,10653.89
AGO,VNM,10637.65
AGO,YUG,6017.293000000001
ALB,AUS,15620.51
ALB,BEL,1589.1070000000002
ALB,BRA,9414.849
ALB,CAN,7255.303000000001
ALB,CHE,1167.984
ALB,CHN,7686.079000000001
ALB,CZE,1060.922
ALB,DEU,1336.744
ALB,ESP,1977.0610000000001
ALB,FIN,2122.475
ALB,FRA,1603.5339999999999
ALB,GBR,1895.345
ALB,HUN,689.0358
ALB,IND,5322.44
ALB,ITA,611.7626
ALB,JPN,9501.873
ALB,KOR,8562.792
ALB,NLD,1664.815
ALB,NOR,2160.437
ALB,POL,1218.313
ALB,ROM,617.6277
ALB,RUS,2063.678
ALB,SVK,788.7294
ALB,SWE,2006.9979999999998
ALB,THA,8241.192
ALB,TUR,1110.8139999999999
ALB,USA,7770.42
ALB,VNM,8172.986
ALB,YUG,393.4831
AND,AUS,17137.68
AND,BEL,952.5
AND,BRA,8221.112
AND,CAN,5947.019
AND,CHE,681.8435
AND,CHN,8764.593
AND,CZE,1302.353
AND,DEU,1427.727
AND,ESP,492.9274
AND,FIN,2526.0789999999997
AND,FRA,711.5485
AND,GBR,1009.577
AND,HUN,1484.944
AND,IND,6800.609
AND,ITA,909.03
AND,JPN,10354.8
AND,KOR,9559.896
AND,NLD,1125.463
AND,NOR,2038.3570000000002
AND,POL,1817.3410000000001
AND,ROM,1992.5720000000001
AND,RUS,2973.0029999999997
AND,SVK,1374.983
AND,SWE,2191.849
AND,THA,9708.485
AND,TUR,2625.211
AND,USA,6391.459
AND,VNM,9560.423
AND,YUG,1547.884
ARE,AUS,11962.66
ARE,BEL,5159.97
ARE,BRA,11957.41
ARE,CAN,10763.11
ARE,CHE,4830.737
ARE,CHN,5966.427
ARE,CZE,4461.374
ARE,DEU,4641.608
ARE,ESP,5634.6669999999995
ARE,FIN,4570.317
ARE,FRA,5249.535
ARE,GBR,5483.745
ARE,HUN,4030.737
ARE,IND,2312.871
ARE,ITA,4303.976
ARE,JPN,8062.889
ARE,KOR,6909.236
ARE,NLD,5170.816
ARE,NOR,5174.927
ARE,POL,4181.628
ARE,ROM,3386.369
ARE,RUS,3739.195
ARE,SVK,4189.749
ARE,SWE,4796.377
ARE,THA,4967.795999999999
ARE,TUR,2649.283
ARE,USA,11359.12
ARE,VNM,5265.521
ARE,YUG,3799.8959999999997
ARG,AUS,11733.88
ARG,BEL,11326.76
ARG,BRA,2353.257
ARG,CAN,9080.545
ARG,CHE,11214.51
ARG,CHN,19297.47
ARG,CZE,11836.83
ARG,DEU,11934.32
ARG,ESP,10065.85
ARG,FIN,12971.3
ARG,FRA,11072.25
ARG,GBR,11147.48
ARG,HUN,11957.08
ARG,IND,15817.92
ARG,ITA,11173.56
ARG,JPN,18372.04
ARG,KOR,19447.35
ARG,NLD,11466.75
ARG,NOR,12270.74
ARG,POL,12351.58
ARG,ROM,12249.37
ARG,RUS,13505.36
ARG,SVK,11879.9
ARG,SWE,12585.03
ARG,THA,16890.18
ARG,TUR,12502.27
ARG,USA,8403.226
ARG,VNM,17877.15
ARG,YUG,11891.46
ARM,AUS,13581.9
ARM,BEL,3299.886
ARM,BRA,11342.55
ARM,CAN,8799.446
ARM,CHE,3051.8540000000003
ARM,CHN,5947.15
ARM,CZE,2582.411
ARM,DEU,2724.171
ARM,ESP,4040.452
ARM,FIN,2597.746
ARM,FRA,3434.071
ARM,GBR,3619.365
ARM,HUN,2186.893
ARM,IND,3245.0640000000003
ARM,ITA,2677.67
ARM,JPN,7943.638000000001
ARM,KOR,6882.943
ARM,NLD,3282.178
ARM,NOR,3199.743
ARM,POL,2236.784
ARM,ROM,1581.005
ARM,RUS,1803.035
ARM,SVK,2340.185
ARM,SWE,2817.4709999999995
ARM,THA,6163.356
ARM,TUR,992.1443
ARM,USA,9416.021999999999
ARM,VNM,6124.733
ARM,YUG,2027.757
AUT,AUS,15931.75
AUT,BEL,914.4633
AUT,BRA,9534.888
AUT,CAN,6573.097
AUT,CHE,684.8875
AUT,CHN,7468.012
AUT,CZE,252.4479
AUT,DEU,523.9359
AUT,ESP,1811.999
AUT,FIN,1437.8129999999999
AUT,FRA,1035.144
AUT,GBR,1238.1989999999998
AUT,HUN,215.6626
AUT,IND,5571.096
AUT,ITA,767.4132
AUT,JPN,9141.063
AUT,KOR,8289.029
AUT,NLD,934.7828
AUT,NOR,1351.6989999999998
AUT,POL,556.8245
AUT,ROM,859.6657
AUT,RUS,1675.6989999999998
AUT,SVK,59.617230000000006
AUT,SWE,1242.31
AUT,THA,8450.440999999999
AUT,TUR,1603.29
AUT,USA,7129.6669999999995
AUT,VNM,8254.594000000001
AUT,YUG,491.769
AZE,AUS,13167.62
AZE,BEL,3666.25
AZE,BRA,11797.16
AZE,CAN,9056.386999999999
AZE,CHE,3451.508
AZE,CHN,5520.214
AZE,CZE,2948.413
AZE,DEU,3063.72
AZE,ESP,4470.745
AZE,FIN,2789.309
AZE,FRA,3817.547
AZE,GBR,3980.449
AZE,HUN,2576.117
AZE,IND,2811.586
AZE,ITA,3113.8779999999997
AZE,JPN,7537.544
AZE,KOR,6461.835999999999
AZE,NLD,3633.827
AZE,NOR,3456.329
AZE,POL,2559.243
AZE,ROM,1997.3110000000001
AZE,RUS,1930.747
AZE,SVK,2724.262
AZE,SWE,3055.698
AZE,THA,5724.86
AZE,TUR,1447.681
AZE,USA,9695.539
AZE,VNM,5669.295
AZE,YUG,2443.9770000000003
BDI,AUS,12441.86
BDI,BEL,6484.477
BDI,BRA,8547.685
BDI,CAN,11454.3
BDI,CHE,5997.093000000001
BDI,CHN,10011.62
BDI,CZE,6119.656999999999
BDI,DEU,6398.854
BDI,ESP,5920.473000000001
BDI,FIN,7077.543000000001
BDI,FRA,6371.986
BDI,GBR,6714.679
BDI,HUN,5749.698
BDI,IND,6231.257
BDI,ITA,5315.705
BDI,JPN,12076.49
BDI,KOR,10923.19
BDI,NLD,6613.338000000001
BDI,NOR,7227.993
BDI,POL,6239.621999999999
BDI,ROM,5327.813
BDI,RUS,6624.151999999999
BDI,SVK,5856.191
BDI,SWE,7048.265
BDI,THA,8081.679
BDI,TUR,4832.4
BDI,USA,11662.66
BDI,VNM,8760.929
BDI,YUG,5435.8240000000005
BEN,AUS,15333.47
BEN,BEL,4936.404
BEN,BRA,6111.194
BEN,CAN,8604.065
BEN,CHE,4523.951
BEN,CHN,11516.91
BEN,CZE,4972.87
BEN,DEU,5214.769
BEN,ESP,3830.115
BEN,FIN,6255.608
BEN,FRA,4715.566
BEN,GBR,5015.851
BEN,HUN,4818.644
BEN,IND,8152.097
BEN,ITA,4053.539
BEN,JPN,13534.26
BEN,KOR,12463.68
BEN,NLD,5106.747
BEN,NOR,5983.32
BEN,POL,5358.018
BEN,ROM,4790.432
BEN,RUS,6287.174
BEN,SVK,4833.363
BEN,SWE,6022.843000000001
BEN,THA,10673.14
BEN,TUR,4779.438
BEN,USA,8679.125
BEN,VNM,11102.11
BEN,YUG,4599.222
BFA,AUS,16141.25
BFA,BEL,4319.717000000001
BFA,BRA,5976.188
BFA,CAN,7800.254
BFA,CHE,3946.0440000000003
BFA,CHN,11404.37
BFA,CZE,4453.064
BFA,DEU,4672.844
BFA,ESP,3132.095
BFA,FIN,5752.584
BFA,FRA,4082.87
BFA,GBR,4361.322
BFA,HUN,4364.332
BFA,IND,8289.058
BFA,ITA,3564.4840000000004
BFA,JPN,13325.56
BFA,KOR,12325.82
BFA,NLD,4492.509
BFA,NOR,5394.236999999999
BFA,POL,4883.896
BFA,ROM,4444.134
BFA,RUS,5900.391
BFA,SVK,4353.893
BFA,SWE,5482.089
BFA,THA,10972.56
BFA,TUR,4566.718
BFA,USA,7895.109
BFA,VNM,11288.78
BFA,YUG,4185.92
BGD,AUS,9022.997
BGD,BEL,7724.392
BGD,BRA,15591.09
BGD,CAN,12212.45
BGD,CHE,7595.7080000000005
BGD,CHN,3036.238
BGD,CZE,7032.401
BGD,DEU,7077.438
BGD,ESP,8661.471
BGD,FIN,6389.695
BGD,FRA,7916.79
BGD,GBR,8011.9
BGD,HUN,6718.291
BGD,IND,1421.9379999999999
BGD,ITA,7311.514
BGD,JPN,4903.568
BGD,KOR,3800.079
BGD,NLD,7651.715999999999
BGD,NOR,7178.6759999999995
BGD,POL,6564.271
BGD,ROM,6184.488
BGD,RUS,5548.405
BGD,SVK,6853.285
BGD,SWE,6767.017
BGD,THA,1538.62
BGD,TUR,5628.797
BGD,USA,12946.79
BGD,VNM,1622.246
BGD,YUG,6627.005
BGR,AUS,15357.47
BGR,BEL,1699.6860000000001
BGR,BRA,9738.726
BGR,CAN,7379.4580000000005
BGR,CHE,1337.5720000000001
BGR,CHN,7364.446999999999
BGR,CZE,1069.866
BGR,DEU,1322.494
BGR,ESP,2254.799
BGR,FIN,1947.4470000000001
BGR,FRA,1760.707
BGR,GBR,2019.3410000000001
BGR,HUN,632.9641
BGR,IND,5029.554
BGR,ITA,893.0574
BGR,JPN,9191.48
BGR,KOR,8244.246
BGR,NLD,1745.082
BGR,NOR,2101.033
BGR,POL,1080.42
BGR,ROM,299.2593
BGR,RUS,1785.898
BGR,SVK,776.8502
BGR,SWE,1889.219
BGR,THA,7945.512
BGR,TUR,854.0502
BGR,USA,7920.095
BGR,VNM,7859.746
BGR,YUG,329.8515
BHR,AUS,12388.36
BHR,BEL,4761.638
BHR,BRA,11617.3
BHR,CAN,10391.83
BHR,CHE,4421.287
BHR,CHN,6184.87
BHR,CZE,4069.985
BHR,DEU,4259.616
BHR,ESP,5210.13
BHR,FIN,4253.122
BHR,FRA,4843.391
BHR,GBR,5085.170999999999
BHR,HUN,3634.844
BHR,IND,2634.9190000000003
BHR,ITA,3883.804
BHR,JPN,8282.34
BHR,KOR,7136.0019999999995
BHR,NLD,4778.667
BHR,NOR,4824.977
BHR,POL,3812.283
BHR,ROM,2989.69
BHR,RUS,3450.9240000000004
BHR,SVK,3793.893
BHR,SWE,4457.209
BHR,THA,5363.826999999999
BHR,TUR,2247.209
BHR,USA,10974.03
BHR,VNM,5621.641
BHR,YUG,3395.083
BHS,AUS,15464.67
BHS,BEL,7313.008000000001
BHS,BRA,5556.084
BHS,CAN,2268.131
BHS,CHE,7626.146
BHS,CHN,12659.7
BHS,CZE,8024.927
BHS,DEU,7877.293000000001
BHS,ESP,6901.420999999999
BHS,FIN,8264.933
BHS,FRA,7209.45
BHS,GBR,6990.2480000000005
BHS,HUN,8441.591999999999
BHS,IND,13465.89
BHS,ITA,8174.021
BHS,JPN,12227.93
BHS,KOR,12617.7
BHS,NLD,7320.031
BHS,NOR,7517.311
BHS,POL,8373.694
BHS,ROM,9081.055
BHS,RUS,9155.123
BHS,SVK,8283.603000000001
BHS,SWE,7932.745
BHS,THA,15707.2
BHS,TUR,9809.767
BHS,USA,1534.43
BHS,VNM,14891.31
BHS,YUG,8658.867
BIH,AUS,15764.51
BIH,BEL,1311.355
BIH,BRA,9442.659
BIH,CAN,6990.0830000000005
BIH,CHE,924.4724
BIH,CHN,7615.6990000000005
BIH,CZE,757.0533
BIH,DEU,1033.222
BIH,ESP,1861.879
BIH,FIN,1863.34
BIH,FRA,1352.463
BIH,GBR,1625.285
BIH,HUN,407.2162
BIH,IND,5421.039000000001
BIH,ITA,531.7457
BIH,JPN,9380.609
BIH,KOR,8473.069
BIH,NLD,1375.3870000000002
BIH,NOR,1859.721
BIH,POL,952.2305
BIH,ROM,616.4865
BIH,RUS,1902.116
BIH,SVK,488.4783
BIH,SWE,1721.592
BIH,THA,8331.858
BIH,TUR,1270.0810000000001
BIH,USA,7519.446999999999
BIH,VNM,8216.021
BIH,YUG,196.5349
BLR,AUS,15134.58
BLR,BEL,1601.9029999999998
BLR,BRA,10505.83
BLR,CAN,6820.474
BLR,CHE,1609.652
BLR,CHN,6480.601
BLR,CZE,986.3660000000001
BLR,DEU,948.8527
BLR,ESP,2762.7
BLR,FIN,715.4365
BLR,FRA,1823.7089999999998
BLR,GBR,1873.0720000000001
BLR,HUN,923.2194
BLR,IND,4876.771
BLR,ITA,1732.921
BLR,JPN,8145.003000000001
BLR,KOR,7292.729
BLR,NLD,1512.9520000000002
BLR,NOR,1216.697
BLR,POL,469.7038
BLR,ROM,1054.6889999999999
BLR,RUS,686.9657
BLR,SVK,959.4427
BLR,SWE,838.4113
BLR,THA,7673.706999999999
BLR,TUR,1600.6860000000001
BLR,USA,7450.31
BLR,VNM,7388.299
BLR,YUG,1123.343
BMU,AUS,16893.04
BMU,BEL,5879.001
BMU,BRA,5645.9619999999995
BMU,CAN,1736.009
BMU,CHE,6175.986
BMU,CHN,11995.19
BMU,CZE,6594.994000000001
BMU,DEU,6461.397
BMU,ESP,5440.475
BMU,FIN,6933.8640000000005
BMU,FRA,5764.3240000000005
BMU,GBR,5558.09
BMU,HUN,7003.594
BMU,IND,12154.21
BMU,ITA,6714.033
BMU,JPN,12047.48
BMU,KOR,12169.14
BMU,NLD,5895.736
BMU,NOR,6163.986999999999
BMU,POL,6965.845
BMU,ROM,7638.945
BMU,RUS,7813.284000000001
BMU,SVK,6846.599
BMU,SWE,6581.55
BMU,THA,14676.34
BMU,TUR,8361.496
BMU,USA,1322.3970000000002
BMU,VNM,14017.09
BMU,YUG,7211.621999999999
BOL,AUS,12976.39
BOL,BEL,10306.71
BOL,BRA,1876.6889999999999
BOL,CAN,7256.7880000000005
BOL,CHE,10316.05
BOL,CHN,17709.48
BOL,CZE,10927.15
BOL,DEU,10954.67
BOL,ESP,9179.228000000001
BOL,FIN,11863.7
BOL,FRA,10075.46
BOL,GBR,10068.01
BOL,HUN,11155.72
BOL,IND,16086.52
BOL,ITA,10457.17
BOL,JPN,16965.66
BOL,KOR,17663.53
BOL,NLD,10417.91
BOL,NOR,11095.28
BOL,POL,11435.78
BOL,ROM,11594.79
BOL,RUS,12567.85
BOL,SVK,11044.33
BOL,SWE,11465.82
BOL,THA,18401.02
BOL,TUR,12040.02
BOL,USA,6565.147
BOL,VNM,19080.63
BOL,YUG,11176.52
BRB,AUS,16236.54
BRB,BEL,7070.991
BRB,BRA,3463.008
BRB,CAN,3905.107
BRB,CHE,7218.53
BRB,CHN,14118.99
BRB,CZE,7766.896
BRB,DEU,7717.745
BRB,ESP,6205.880999999999
BRB,FIN,8457.875
BRB,FRA,6882.34
BRB,GBR,6783.758000000001
BRB,HUN,8097.8640000000005
BRB,IND,13467.32
BRB,ITA,7572.592
BRB,JPN,14235.72
BRB,KOR,14359.76
BRB,NLD,7144.036
BRB,NOR,7667.395
BRB,POL,8230.891
BRB,ROM,8665.211
BRB,RUS,9265.654
BRB,SVK,7957.265
BRB,SWE,8068.689
BRB,THA,16328.92
BRB,TUR,9292.653
BRB,USA,3340.145
BRB,VNM,15918.28
BRB,YUG,8218.109
BRN,AUS,5727.254
BRN,BEL,11008.65
BRN,BRA,17806.82
BRN,CAN,14329.95
BRN,CHE,10925.83
BRN,CHN,3896.4
BRN,CZE,10341.36
BRN,DEU,10355.61
BRN,ESP,12015.61
BRN,FIN,9539.076
BRN,FRA,11219.33
BRN,GBR,11275.72
BRN,HUN,10055.06
BRN,IND,4773.090999999999
BRN,ITA,10673.06
BRN,JPN,4260.378
BRN,KOR,3825.485
BRN,NLD,10917.29
BRN,NOR,10324.64
BRN,POL,9852.365
BRN,ROM,9541.601999999999
BRN,RUS,8767.516
BRN,SVK,10183.43
BRN,SWE,9933.586
BRN,THA,1864.9089999999999
BRN,TUR,8992.317
BRN,USA,15005.51
BRN,VNM,2042.273
BRN,YUG,9981.169
BWA,AUS,11068.07
BWA,BEL,8675.436
BWA,BRA,7687.095
BWA,CAN,12827.9
BWA,CHE,8193.798
BWA,CHN,11792.98
BWA,CZE,8407.657
BWA,DEU,8687.009
BWA,ESP,7875.38
BWA,FIN,9447.815999999999
BWA,FRA,8522.764000000001
BWA,GBR,8862.068000000001
BWA,HUN,8070.812
BWA,IND,8087.728
BWA,ITA,7543.876
BWA,JPN,13671.53
BWA,KOR,12595.07
BWA,NLD,8821.605
BWA,NOR,9524.811
BWA,POL,8583.423
BWA,ROM,7698.221
BWA,RUS,9029.161
BWA,SVK,8162.5419999999995
BWA,SWE,9386.11
BWA,THA,9152.597
BWA,TUR,7234.71
BWA,USA,12786.42
BWA,VNM,10031.04
BWA,YUG,7764.126
CHL,AUS,11326.56
CHL,BEL,11904.94
CHL,BRA,3017.946
CHL,CAN,8798.453000000001
CHL,CHE,11866.25
CHL,CHN,19079.88
CHL,CZE,12487.06
CHL,DEU,12542.61
CHL,ESP,10715.11
CHL,FIN,13501.46
CHL,FRA,11663.39
CHL,GBR,11685.42
CHL,HUN,12670.03
CHL,IND,16936.54
CHL,ITA,11923.97
CHL,JPN,17247.38
CHL,KOR,18375.18
CHL,NLD,12027.16
CHL,NOR,12747.34
CHL,POL,13002.47
CHL,ROM,13040.96
CHL,RUS,14153.3
CHL,SVK,12573.23
CHL,SWE,13104.44
CHL,THA,17659.3
CHL,TUR,13383.32
CHL,USA,8080.885
CHL,VNM,18603.05
CHL,YUG,12649.38
CIV,AUS,15925.08
CIV,BEL,4979.227
CIV,BRA,5328.784000000001
CIV,CAN,7953.029
CIV,CHE,4628.429
CIV,CHN,12121.88
CIV,CZE,5154.901
CIV,DEU,5365.941999999999
CIV,ESP,3742.5229999999997
CIV,FIN,6454.895
CIV,FRA,4734.325
CIV,GBR,4995.1179999999995
CIV,HUN,5083.071
CIV,IND,8923.044
CIV,ITA,4278.8640000000005
CIV,JPN,14055.33
CIV,KOR,13048.33
CIV,NLD,5152.225
CIV,NOR,6062.5830000000005
CIV,POL,5596.840999999999
CIV,ROM,5174.286
CIV,RUS,6626.375
CIV,SVK,5067.312
CIV,SWE,6172.094
CIV,THA,11523.82
CIV,TUR,5290.526
CIV,USA,7959.889
CIV,VNM,11905.11
CIV,YUG,4911.424
CMR,AUS,14448.03
CMR,BEL,5272.0109999999995
CMR,BRA,6895.956999999999
CMR,CAN,9495.282
CMR,CHE,4813.109
CMR,CHN,11002.26
CMR,CZE,5154.902
CMR,DEU,5421.2119999999995
CMR,ESP,4347.477
CMR,FIN,6368.713000000001
CMR,FRA,5085.718
CMR,GBR,5413.581
CMR,HUN,4911.726
CMR,IND,7444.170999999999
CMR,ITA,4234.210999999999
CMR,JPN,13083.03
CMR,KOR,11957.9
CMR,NLD,5432.491999999999
CMR,NOR,6240.519
CMR,POL,5457.721
CMR,ROM,4736.252
CMR,RUS,6231.045999999999
CMR,SVK,4961.85
CMR,SWE,6201.053000000001
CMR,THA,9805.571
CMR,TUR,4552.942
CMR,USA,9619.743
CMR,VNM,10313.96
CMR,YUG,4645.17
COG,AUS,13516.93
COG,BEL,6216.578
COG,BRA,7014.479
COG,CAN,10425.99
COG,CHE,5748.048000000001
COG,CHN,11274.53
COG,CZE,6047.745
COG,DEU,6320.371
COG,ESP,5332.644
COG,FIN,7214.771
COG,FRA,6041.018
COG,GBR,6373.541
COG,HUN,5770.005999999999
COG,IND,7559.6669999999995
COG,ITA,5140.217000000001
COG,JPN,13371.68
COG,KOR,12217.9
COG,NLD,6372.8730000000005
COG,NOR,7150.677
COG,POL,6310.153
COG,ROM,5522.741999999999
COG,RUS,6985.611
COG,SVK,5835.125
COG,SWE,7079.398
COG,THA,9618.644
COG,TUR,5235.471
COG,USA,10505.76
COG,VNM,10251.42
COG,YUG,5486.24
COL,AUS,14362.09
COL,BEL,8874.132
COL,BRA,3756.413
COL,CAN,4539.9529999999995
COL,CHE,9070.684000000001
COL,CHN,14937.48
COL,CZE,9585.834
COL,DEU,9505.208
COL,ESP,8107.001
COL,FIN,10123.49
COL,FRA,8707.677
COL,GBR,8570.659
COL,HUN,9945.401
COL,IND,15290.56
COL,ITA,9471.443000000001
COL,JPN,14262.86
COL,KOR,14817.3
COL,NLD,8927.356
COL,NOR,9337.488000000001
COL,POL,10020.88
COL,ROM,10537.51
COL,RUS,10979.1
COL,SVK,9798.274
COL,SWE,9751.91
COL,THA,17931.82
COL,TUR,11192.37
COL,USA,3815.184
COL,VNM,17177.21
COL,YUG,10090.99
COM,AUS,10666.36
COM,BEL,7909.632
COM,BRA,9789.61
COM,CAN,13188.16
COM,CHE,7432.831999999999
COM,CHN,9456.55
COM,CZE,7426.17
COM,DEU,7694.43
COM,ESP,7547.986
COM,FIN,8155.578
COM,FRA,7842.67
COM,GBR,8177.545
COM,HUN,7009.495
COM,IND,5782.406
COM,ITA,6740.349
COM,JPN,11351.43
COM,KOR,10261.17
COM,NLD,8014.141
COM,NOR,8478.141
COM,POL,7427.664000000001
COM,ROM,6478.156
COM,RUS,7521.361999999999
COM,SVK,7140.599
COM,SWE,8219.858
COM,THA,6919.27
COM,TUR,5842.767
COM,USA,13438.86
COM,VNM,7749.041
COM,YUG,6693.943
CPV,AUS,17648.86
CPV,BEL,4712.202
CPV,BRA,4344.567
CPV,CAN,5921.625
CPV,CHE,4570.96
CPV,CHN,12655.15
CPV,CZE,5192.94
CPV,DEU,5298.168000000001
CPV,ESP,3425.4709999999995
CPV,FIN,6363.493
CPV,FRA,4452.3859999999995
CPV,GBR,4572.15
CPV,HUN,5328.774
CPV,IND,10236.65
CPV,ITA,4571.3820000000005
CPV,JPN,14133.65
CPV,KOR,13433.69
CPV,NLD,4863.254
CPV,NOR,5727.035
CPV,POL,5707.679
CPV,ROM,5692.529
CPV,RUS,6862.205
CPV,SVK,5242.804
CPV,SWE,5992.165
CPV,THA,13092.34
CPV,TUR,6104.001
CPV,USA,5840.84
CPV,VNM,13208.24
CPV,YUG,5296.776
CRI,AUS,13975.59
CRI,BEL,9046.46
CRI,BRA,4908.8240000000005
CRI,CAN,4024.094
CRI,CHE,9319.896
CRI,CHN,14090.98
CRI,CZE,9764.202
CRI,DEU,9636.827
CRI,ESP,8483.913
CRI,FIN,10079.9
CRI,FRA,8919.449
CRI,GBR,8727.511999999999
CRI,HUN,10164.74
CRI,IND,15289.71
CRI,ITA,9813.549
CRI,JPN,13182.38
CRI,KOR,13836.1
CRI,NLD,9068.949
CRI,NOR,9323.294
CRI,POL,10142.28
CRI,ROM,10792.87
CRI,RUS,10967.48
CRI,SVK,10009.22
CRI,SWE,9740.125
CRI,THA,17346.46
CRI,TUR,11500.88
CRI,USA,3290.809
CRI,VNM,16416.56
CRI,YUG,10357.81
CYM,AUS,14792.12
CYM,BEL,8069.901
CYM,BRA,5354.512
CYM,CAN,2953.789
CYM,CHE,8373.751
CYM,CHN,13188.35
CYM,CZE,8783.569
CYM,DEU,8639.749
CYM,ESP,7615.294
CYM,FIN,9030.632
CYM,FRA,7960.709
CYM,GBR,7747.743
CYM,HUN,9197.06
CYM,IND,14225.51
CYM,ITA,8907.688
CYM,JPN,12535.78
CYM,KOR,13047.52
CYM,NLD,8080.2080000000005
CYM,NOR,8284.218
CYM,POL,9137.809000000001
CYM,ROM,9834.499
CYM,RUS,9921.235
CYM,SVK,9039.496
CYM,SWE,8699.548
CYM,THA,16351.48
CYM,TUR,10559.1
CYM,USA,2218.355
CYM,VNM,15477.66
CYM,YUG,9408.886999999999
CYP,AUS,14305.42
CYP,BEL,2904.975
CYP,BRA,10252.95
CYP,CAN,8585.074
CYP,CHE,2523.252
CYP,CHN,7076.428000000001
CYP,CZE,2260.553
CYP,DEU,2493.3360000000002
CYP,ESP,3288.066
CYP,FIN,2845.0959999999995
CYP,FRA,2954.551
CYP,GBR,3223.638
CYP,HUN,1815.5739999999998
CYP,IND,4175.156
CYP,ITA,1957.84
CYP,JPN,9068.81
CYP,KOR,8012.453
CYP,NLD,2949.04
CYP,NOR,3202.21
CYP,POL,2140.1820000000002
CYP,ROM,1201.539
CYP,RUS,2316.67
CYP,SVK,1969.287
CYP,SWE,2912.2209999999995
CYP,THA,7075.253000000001
CYP,TUR,533.8339
CYP,USA,9121.958
CYP,VNM,7141.526999999999
CYP,YUG,1533.35
DNK,AUS,16052.43
DNK,BEL,767.1575
DNK,BRA,9744.198
DNK,CAN,5913.635
DNK,CHE,1033.508
DNK,CHN,7208.356
DNK,CZE,631.8411
DNK,DEU,352.9857
DNK,ESP,2074.9770000000003
DNK,FIN,884.6371
DNK,FRA,1027.609
DNK,GBR,959.5936
DNK,HUN,1011.98
DNK,IND,5852.456999999999
DNK,ITA,1534.086
DNK,JPN,8702.536
DNK,KOR,7955.016
DNK,NLD,622.9741
DNK,NOR,485.3148
DNK,POL,668.9079
DNK,ROM,1576.432
DNK,RUS,1566.362
DNK,SVK,891.5908
DNK,SWE,523.7871
DNK,THA,8628.834
DNK,TUR,2298.498
DNK,USA,6519.391
DNK,VNM,8299.982
DNK,YUG,1328.871
DOM,AUS,15779.06
DOM,BEL,7324.625
DOM,BRA,4505.733
DOM,CAN,3045.906
DOM,CHE,7564.875
DOM,CHN,13500.16
DOM,CZE,8042.32
DOM,DEU,7938.774
DOM,ESP,6688.105
DOM,FIN,8499.056999999999
DOM,FRA,7178.52
DOM,GBR,7012.195
DOM,HUN,8425.433
DOM,IND,13701.71
DOM,ITA,8029.474
DOM,JPN,13248.36
DOM,KOR,13557.66
DOM,NLD,7363.132
DOM,NOR,7717.999
DOM,POL,8451.966
DOM,ROM,9040.983
DOM,RUS,9365.754
DOM,SVK,8273.02
DOM,SWE,8134.422
DOM,THA,16291.28
DOM,TUR,9732.322
DOM,USA,2371.688
DOM,VNM,15610.19
DOM,YUG,8599.878
DZA,AUS,16998.09
DZA,BEL,1561.8829999999998
DZA,BRA,7922.073
DZA,CAN,6402.090999999999
DZA,CHE,1183.855
DZA,CHN,9117.676
DZA,CZE,1737.1689999999999
DZA,DEU,1927.453
DZA,ESP,706.8757
DZA,FIN,3027.239
DZA,FRA,1340.39
DZA,GBR,1651.441
DZA,HUN,1771.935
DZA,IND,6837.094
DZA,ITA,991.1346
DZA,JPN,10810.22
DZA,KOR,9954.01
DZA,NLD,1733.388
DZA,NOR,2628.1220000000003
DZA,POL,2219.584
DZA,ROM,2117.9539999999997
DZA,RUS,3340.9040000000005
DZA,SVK,1709.914
DZA,SWE,2729.073
DZA,THA,9756.440999999999
DZA,TUR,2614.675
DZA,USA,6792.215999999999
DZA,VNM,9706.721
DZA,YUG,1716.349
ECU,AUS,13712.48
ECU,BEL,9535.309000000001
ECU,BRA,3779.018
ECU,CAN,5088.594
ECU,CHE,9727.094000000001
ECU,CHN,15364.41
ECU,CZE,10246.23
ECU,DEU,10167.32
ECU,ESP,8751.16
ECU,FIN,10782.62
ECU,FRA,9367.098
ECU,GBR,9232.525
ECU,HUN,10602.96
ECU,IND,15952.83
ECU,ITA,10117.13
ECU,JPN,14448.87
ECU,KOR,15129.37
ECU,NLD,9589.459
ECU,NOR,9997.558
ECU,POL,10683.03
ECU,ROM,11191.14
ECU,RUS,11640.42
ECU,SVK,10456.59
ECU,SWE,10412.41
ECU,THA,18527.28
ECU,TUR,11838.54
ECU,USA,4354.532
ECU,VNM,17672.47
ECU,YUG,10744.25
EGY,AUS,14279.4
EGY,BEL,3212.434
EGY,BRA,9886.343
EGY,CAN,8866.373
EGY,CHE,2779.6479999999997
EGY,CHN,7551.418000000001
EGY,CZE,2637.998
EGY,DEU,2895.2290000000003
EGY,ESP,3355.657
EGY,FIN,3380.702
EGY,FRA,3215.215
EGY,GBR,3516.866
EGY,HUN,2205.7670000000003
EGY,IND,4432.625
EGY,ITA,2133.612
EGY,JPN,9577.598
EGY,KOR,8497.368
EGY,NLD,3284.383
EGY,NOR,3660.6890000000003
EGY,POL,2609.876
EGY,ROM,1661.533
EGY,RUS,2905.4040000000005
EGY,SVK,2346.3
EGY,SWE,3407.4640000000004
EGY,THA,7275.437
EGY,TUR,1109.213
EGY,USA,9357.814
EGY,VNM,7434.8330000000005
EGY,YUG,1896.003
EST,AUS,15253.75
EST,BEL,1601.098
EST,BRA,10580.03
EST,CAN,6315.781999999999
EST,CHE,1794.213
EST,CHN,6372.090999999999
EST,CZE,1227.4569999999999
EST,DEU,1038.978
EST,ESP,2895.384
EST,FIN,80.98481
EST,FRA,1859.0910000000001
EST,GBR,1787.092
EST,HUN,1377.818
EST,IND,5209.8820000000005
EST,ITA,2126.436
EST,JPN,7890.779
EST,KOR,7122.724
EST,NLD,1459.0829999999999
EST,NOR,787.4166
EST,POL,831.0393
EST,ROM,1672.033
EST,RUS,871.7853
EST,SVK,1345.682
EST,SWE,377.9402
EST,THA,7899.071
EST,TUR,2242.071
EST,USA,6972.001
EST,VNM,7516.78
EST,YUG,1648.055
ETH,AUS,12437.38
ETH,BEL,5620.616999999999
ETH,BRA,9945.43
ETH,CAN,11144.44
ETH,CHE,5157.785
ETH,CHN,8315.988000000001
ETH,CZE,5094.005999999999
ETH,DEU,5356.892
ETH,ESP,5455.203
ETH,FIN,5801.595
ETH,FRA,5582.5019999999995
ETH,GBR,5906.45
ETH,HUN,4668.57
ETH,IND,4561.518
ETH,ITA,4472.661
ETH,JPN,10401.23
ETH,KOR,9244.567
ETH,NLD,5711.346
ETH,NOR,6127.144
ETH,POL,5072.964
ETH,ROM,4123.083
ETH,RUS,5198.625
ETH,SVK,4804.788
ETH,SWE,5862.811
ETH,THA,6732.048000000001
ETH,TUR,3487.8379999999997
ETH,USA,11538.53
ETH,VNM,7280.118
ETH,YUG,4355.432
FJI,AUS,3460.5690000000004
FJI,BEL,16356.59
FJI,BRA,13706.86
FJI,CAN,12669.88
FJI,CHE,16722.08
FJI,CHN,9104.002
FJI,CZE,16200.42
FJI,DEU,15988.2
FJI,ESP,17545.32
FJI,FIN,14900.42
FJI,FRA,16595.08
FJI,GBR,16318.07
FJI,HUN,16264.28
FJI,IND,12034.29
FJI,ITA,17071.74
FJI,JPN,7243.281
FJI,KOR,8202.271
FJI,NLD,16183.67
FJI,NOR,15279.14
FJI,POL,15755.77
FJI,ROM,16134.7
FJI,RUS,14709.69
FJI,SVK,16284.71
FJI,SWE,15180.92
FJI,THA,9253.933
FJI,TUR,15938.99
FJI,USA,12513.73
FJI,VNM,9028.349
FJI,YUG,16423.03
GEO,AUS,13618.09
GEO,BEL,3228.0409999999997
GEO,BRA,11399.65
GEO,CAN,8681.72
GEO,CHE,3002.845
GEO,CHN,5852.9169999999995
GEO,CZE,2509.619
GEO,DEU,2636.6
GEO,ESP,4020.387
GEO,FIN,2455.585
GEO,FRA,3373.349
GEO,GBR,3544.6259999999997
GEO,HUN,2129.311
GEO,IND,3262.36
GEO,ITA,2665.3590000000004
GEO,JPN,7832.76
GEO,KOR,6783.1990000000005
GEO,NLD,3201.7870000000003
GEO,NOR,3077.948
GEO,POL,2139.7270000000003
GEO,ROM,1546.318
GEO,RUS,1644.856
GEO,SVK,2279.033
GEO,SWE,2688.965
GEO,THA,6174.297
GEO,TUR,1026.402
GEO,USA,9306.495
GEO,VNM,6103.088000000001
GEO,YUG,1992.9920000000002
GHA,AUS,15472.97
GHA,BEL,5058.144
GHA,BRA,5762.07
GHA,CAN,8443.249
GHA,CHE,4666.303
GHA,CHN,11831.63
GHA,CZE,5145.16
GHA,DEU,5377.102
GHA,ESP,3896.073
GHA,FIN,6438.478
GHA,FRA,4827.292
GHA,GBR,5114.2029999999995
GHA,HUN,5018.987
GHA,IND,8498.109
GHA,ITA,4236.602
GHA,JPN,13830.76
GHA,KOR,12774.57
GHA,NLD,5230.238
GHA,NOR,6122.599
GHA,POL,5551.629
GHA,ROM,5030.568
GHA,RUS,6517.264
GHA,SVK,5023.25
GHA,SWE,6187.4130000000005
GHA,THA,11024.74
GHA,TUR,5059.259
GHA,USA,8482.468
GHA,VNM,11452.54
GHA,YUG,4814.904
GIN,AUS,16778.01
GIN,BEL,4952.734
GIN,BRA,4529.304
GIN,CAN,6940.326
GIN,CHE,4705.873
GIN,CHN,12651.77
GIN,CZE,5301.528
GIN,DEU,5460.411999999999
GIN,ESP,3637.762
GIN,FIN,6562.284000000001
GIN,FRA,4691.556
GIN,GBR,4883.128
GIN,HUN,5341.388000000001
GIN,IND,9794.44
GIN,ITA,4537.205
GIN,JPN,14383.76
GIN,KOR,13518.34
GIN,NLD,5118.9220000000005
GIN,NOR,6027.271
GIN,POL,5795.103
GIN,ROM,5583.298000000001
GIN,RUS,6914.965999999999
GIN,SVK,5286.768
GIN,SWE,6224.875
GIN,THA,12530.11
GIN,TUR,5860.689
GIN,USA,6877.18
GIN,VNM,12801.2
GIN,YUG,5241.179
GRC,AUS,15219.61
GRC,BEL,2089.225
GRC,BRA,9561.282
GRC,CAN,7751.891
GRC,CHE,1662.651
GRC,CHN,7623.437
GRC,CZE,1535.797
GRC,DEU,1803.951
GRC,ESP,2372.903
GRC,FIN,2465.045
GRC,FRA,2098.726
GRC,GBR,2394.85
GRC,HUN,1123.943
GRC,IND,5013.934
GRC,ITA,1050.411
GRC,JPN,9517.985
GRC,KOR,8528.293
GRC,NLD,2162.9120000000003
GRC,NOR,2606.405
GRC,POL,1600.171
GRC,ROM,741.4337
GRC,RUS,2233.583
GRC,SVK,1249.986
GRC,SWE,2408.377
GRC,THA,7930.385
GRC,TUR,817.238
GRC,USA,8259.79
GRC,VNM,7929.799
GRC,YUG,806.8219
GRD,AUS,15993.04
GRD,BEL,7305.682
GRD,BRA,3453.0229999999997
GRD,CAN,3941.677
GRD,CHE,7460.858
GRD,CHN,14245.04
GRD,CZE,8004.558000000001
GRD,DEU,7950.677
GRD,ESP,6455.562
GRD,FIN,8674.014000000001
GRD,FRA,7120.286999999999
GRD,GBR,7015.669
GRD,HUN,8340.006
GRD,IND,13709.77
GRD,ITA,7822.319
GRD,JPN,14260.26
GRD,KOR,14442.14
GRD,NLD,7375.779
GRD,NOR,7882.9490000000005
GRD,POL,8464.663
GRD,ROM,8911.29
GRD,RUS,9489.634
GRD,SVK,8198.351
GRD,SWE,8286.773000000001
GRD,THA,16557.0
GRD,TUR,9542.961
GRD,USA,3342.946
GRD,VNM,16109.91
GRD,YUG,8464.089
GRL,AUS,16523.71
GRL,BEL,3520.9970000000003
GRL,BRA,8905.894
GRL,CAN,2560.304
GRL,CHE,3993.993
GRL,CHN,8400.893
GRL,CZE,4066.525
GRL,DEU,3820.796
GRL,ESP,4045.6459999999997
GRL,FIN,3768.5809999999997
GRL,FRA,3584.6809999999996
GRL,GBR,3248.723
GRL,HUN,4506.404
GRL,IND,8792.577
GRL,ITA,4686.165
GRL,JPN,8874.761999999999
GRL,KOR,8716.030999999999
GRL,NLD,3427.015
GRL,NOR,3159.035
GRL,POL,4199.254
GRL,ROM,5112.407
GRL,RUS,4642.37
GRL,SVK,4359.474
GRL,SWE,3526.663
GRL,THA,11045.66
GRL,TUR,5838.769
GRL,USA,3268.196
GRL,VNM,10355.09
GRL,YUG,4808.617
GTM,AUS,13692.48
GTM,BEL,9095.274
GTM,BRA,5779.934
GTM,CAN,3697.8909999999996
GTM,CHE,9421.338
GTM,CHN,13351.5
GTM,CZE,9801.983
GTM,DEU,9641.821
GTM,ESP,8700.88
GTM,FIN,9943.465
GTM,FRA,9001.048
GTM,GBR,8771.687
GTM,HUN,10225.22
GTM,IND,15042.3
GTM,ITA,9976.035
GTM,JPN,12332.35
GTM,KOR,13029.69
GTM,NLD,9093.943000000001
GTM,NOR,9225.138
GTM,POL,10128.57
GTM,ROM,10867.56
GTM,RUS,10835.78
GTM,SVK,10066.6
GTM,SWE,9634.745
GTM,THA,16651.5
GTM,TUR,11601.4
GTM,USA,3004.99
GTM,VNM,15680.77
GTM,YUG,10450.68
GUY,AUS,15807.18
GUY,BEL,7525.764
GUY,BRA,2752.313
GUY,CAN,4623.101
GUY,CHE,7626.482
GUY,CHN,14808.48
GUY,CZE,8201.362
GUY,DEU,8178.226
GUY,ESP,6559.7390000000005
GUY,FIN,8985.646
GUY,FRA,7320.075
GUY,GBR,7254.2880000000005
GUY,HUN,8502.132
GUY,IND,13838.79
GUY,ITA,7916.695
GUY,JPN,14952.15
GUY,KOR,15077.83
GUY,NLD,7613.425
GUY,NOR,8200.44
GUY,POL,8684.475
GUY,ROM,9036.658000000001
GUY,RUS,9760.068000000001
GUY,SVK,8369.426
GUY,SWE,8591.087
GUY,THA,16753.36
GUY,TUR,9620.562
GUY,USA,4042.361
GUY,VNM,16483.22
GUY,YUG,8592.849
HND,AUS,13955.25
HND,BEL,8916.339
HND,BRA,5455.174
HND,CAN,3652.533
HND,CHE,9224.473
HND,CHN,13543.21
HND,CZE,9628.565
HND,DEU,9480.055
HND,ESP,8463.837
HND,FIN,9836.741
HND,FRA,8810.234
HND,GBR,8593.704
HND,HUN,10044.54
HND,IND,14995.18
HND,ITA,9759.431999999999
HND,JPN,12611.31
HND,KOR,13268.34
HND,NLD,8923.632
HND,NOR,9101.687
HND,POL,9974.817
HND,ROM,10683.18
HND,RUS,10729.13
HND,SVK,9886.686
HND,SWE,9515.035
HND,THA,16822.74
HND,TUR,11409.5
HND,USA,2935.833
HND,VNM,15873.08
HND,YUG,10258.98
HRV,AUS,15967.86
HRV,BEL,1024.412
HRV,BRA,9375.362
HRV,CAN,6705.039000000001
HRV,CHE,667.2937
HRV,CHN,7648.763000000001
HRV,CZE,492.0173
HRV,DEU,771.8766
HRV,ESP,1702.46
HRV,FIN,1702.6729999999998
HRV,FRA,1081.762
HRV,GBR,1341.2160000000001
HRV,HUN,302.1079
HRV,IND,5606.959
HRV,ITA,517.0557
HRV,JPN,9358.526
HRV,KOR,8485.063
HRV,NLD,1085.255
HRV,NOR,1608.5829999999999
HRV,POL,805.9365
HRV,ROM,811.4361
HRV,RUS,1875.36
HRV,SVK,278.7123
HRV,SWE,1512.846
HRV,THA,8506.062
HRV,TUR,1520.354
HRV,USA,7240.354
HRV,VNM,8351.207
HRV,YUG,370.6908
IDN,AUS,5410.656
IDN,BEL,11416.28
IDN,BRA,16326.22
IDN,CAN,15654.81
IDN,CHE,11222.69
IDN,CHN,5220.879
IDN,CZE,10705.36
IDN,DEU,10783.79
IDN,ESP,12188.31
IDN,FIN,10154.71
IDN,FRA,11584.25
IDN,GBR,11718.78
IDN,HUN,10347.5
IDN,IND,4998.229
IDN,ITA,10823.78
IDN,JPN,5791.6269999999995
IDN,KOR,5291.684
IDN,NLD,11361.64
IDN,NOR,10941.94
IDN,POL,10268.04
IDN,ROM,9756.628
IDN,RUS,9302.706
IDN,SVK,10494.27
IDN,SWE,10528.27
IDN,THA,2316.466
IDN,TUR,9102.793
IDN,USA,16371.12
IDN,VNM,3023.3140000000003
IDN,YUG,10203.25
IRL,AUS,17255.5
IRL,BEL,775.6281
IRL,BRA,8659.942
IRL,CAN,4905.859
IRL,CHE,1203.958
IRL,CHN,8290.863000000001
IRL,CZE,1465.2179999999998
IRL,DEU,1318.172
IRL,ESP,1450.236
IRL,FIN,2028.749
IRL,FRA,778.2031
IRL,GBR,460.4115
IRL,HUN,1895.995
IRL,IND,7084.429
IRL,ITA,1887.733
IRL,JPN,9599.005
IRL,KOR,8968.355
IRL,NLD,756.7269
IRL,NOR,1267.015
IRL,POL,1826.82
IRL,ROM,2541.149
IRL,RUS,2802.315
IRL,SVK,1736.9479999999999
IRL,SWE,1631.1470000000002
IRL,THA,9868.662
IRL,TUR,3285.2140000000004
IRL,USA,5448.8009999999995
IRL,VNM,9520.277
IRL,YUG,2150.1279999999997
IRN,AUS,12821.57
IRN,BEL,4088.119
IRN,BRA,11863.16
IRN,CAN,9563.885
IRN,CHE,3829.742
IRN,CHN,5609.0380000000005
IRN,CZE,3371.025
IRN,DEU,3512.118
IRN,ESP,4784.696
IRN,FIN,3314.9190000000003
IRN,FRA,4218.442
IRN,GBR,4408.013
IRN,HUN,2971.4120000000003
IRN,IND,2544.592
IRN,ITA,3417.937
IRN,JPN,7672.880999999999
IRN,KOR,6562.448
IRN,NLD,4071.167
IRN,NOR,3959.594
IRN,POL,3020.9159999999997
IRN,ROM,2354.145
IRN,RUS,2466.589
IRN,SVK,3125.928
IRN,SWE,3566.2290000000003
IRN,THA,5458.478
IRN,TUR,1698.194
IRN,USA,10191.14
IRN,VNM,5502.821
IRN,YUG,2797.908
ISL,AUS,16766.69
ISL,BEL,2133.1679999999997
ISL,BRA,9169.045
ISL,CAN,3863.756
ISL,CHE,2617.349
ISL,CHN,7889.944
ISL,CZE,2640.1090000000004
ISL,DEU,2391.053
ISL,ESP,2894.7009999999996
ISL,FIN,2424.555
ISL,FRA,2234.723
ISL,GBR,1891.859
ISL,HUN,3077.9320000000002
ISL,IND,7600.424
ISL,ITA,3307.978
ISL,JPN,8808.42
ISL,KOR,8396.076
ISL,NLD,2022.635
ISL,NOR,1749.596
ISL,POL,2773.4809999999998
ISL,ROM,3681.9590000000003
ISL,RUS,3316.138
ISL,SVK,2932.617
ISL,SWE,2138.135
ISL,THA,10104.41
ISL,TUR,4409.805
ISL,USA,4518.63
ISL,VNM,9550.313
ISL,YUG,3382.522
ISR,AUS,14058.72
ISR,BEL,3245.262
ISR,BRA,10275.35
ISR,CAN,8925.735999999999
ISR,CHE,2847.535
ISR,CHN,7146.982
ISR,CZE,2614.886
ISR,DEU,2852.534
ISR,ESP,3546.1820000000002
ISR,FIN,3203.884
ISR,FRA,3281.8990000000003
ISR,GBR,3561.059
ISR,HUN,2170.795
ISR,IND,4069.441
ISR,ITA,2250.53
ISR,JPN,9174.412
ISR,KOR,8092.951
ISR,NLD,3296.282
ISR,NOR,3567.665
ISR,POL,2505.6820000000002
ISR,ROM,1564.973
ISR,RUS,2643.989
ISR,SVK,2322.519
ISR,SWE,3277.2259999999997
ISR,THA,6937.416
ISR,TUR,890.1459
ISR,USA,9450.716999999999
ISR,VNM,7064.045
ISR,YUG,1881.0020000000002
JAM,AUS,15126.16
JAM,BEL,7861.621
JAM,BRA,4913.289000000001
JAM,CAN,3057.204
JAM,CHE,8136.271
JAM,CHN,13446.64
JAM,CZE,8579.473
JAM,DEU,8454.036
JAM,ESP,7317.880999999999
JAM,FIN,8923.501
JAM,FRA,7734.696
JAM,GBR,7542.905
JAM,HUN,8979.789
JAM,IND,14143.62
JAM,ITA,8637.783000000001
JAM,JPN,12929.15
JAM,KOR,13375.87
JAM,NLD,7885.116
JAM,NOR,8158.664000000001
JAM,POL,8960.777
JAM,ROM,9608.475
JAM,RUS,9806.688
JAM,SVK,8824.224
JAM,SWE,8576.107
JAM,THA,16493.24
JAM,TUR,10318.68
JAM,USA,2326.271
JAM,VNM,15685.3
JAM,YUG,9174.207
JOR,AUS,13951.52
JOR,BEL,3329.063
JOR,BRA,10376.37
JOR,CAN,9009.936
JOR,CHE,2937.982
JOR,CHN,7061.988
JOR,CZE,2689.5170000000003
JOR,DEU,2922.3959999999997
JOR,ESP,3651.507
JOR,FIN,3238.821
JOR,FRA,3371.3979999999997
JOR,GBR,3646.355
JOR,HUN,2244.623
JOR,IND,3961.406
JOR,ITA,2349.238
JOR,JPN,9095.954
JOR,KOR,8009.55
JOR,NLD,3376.1459999999997
JOR,NOR,3624.309
JOR,POL,2562.498
JOR,ROM,1629.0410000000002
JOR,RUS,2652.505
JOR,SVK,2398.0029999999997
JOR,SWE,3325.035
JOR,THA,6827.08
JOR,TUR,930.4355
JOR,USA,9540.523000000001
JOR,VNM,6957.611
JOR,YUG,1960.184
KAZ,AUS,12234.77
KAZ,BEL,4531.736
KAZ,BRA,13413.98
KAZ,CAN,8830.261
KAZ,CHE,4544.338
KAZ,CHN,3655.658
KAZ,CZE,3925.245
KAZ,DEU,3884.671
KAZ,ESP,5694.3330000000005
KAZ,FIN,3010.809
KAZ,FRA,4764.565
KAZ,GBR,4773.94
KAZ,HUN,3742.335
KAZ,IND,2555.768
KAZ,ITA,4504.5740000000005
KAZ,JPN,5565.439
KAZ,KOR,4552.944
KAZ,NLD,4421.781
KAZ,NOR,3798.377
KAZ,POL,3411.5429999999997
KAZ,ROM,3415.927
KAZ,RUS,2270.788
KAZ,SVK,3836.225
KAZ,SWE,3405.046
KAZ,THA,4913.997
KAZ,TUR,3213.8709999999996
KAZ,USA,9552.786
KAZ,VNM,4488.571
KAZ,YUG,3781.7729999999997
KEN,AUS,11937.66
KEN,BEL,6564.938
KEN,BRA,9415.110999999999
KEN,CAN,11859.8
KEN,CHE,6085.338000000001
KEN,CHN,9223.831
KEN,CZE,6104.759
KEN,DEU,6377.0740000000005
KEN,ESP,6196.96
KEN,FIN,6912.210999999999
KEN,FRA,6491.401999999999
KEN,GBR,6827.826999999999
KEN,HUN,5698.259
KEN,IND,5439.0830000000005
KEN,ITA,5392.694
KEN,JPN,11265.97
KEN,KOR,10118.59
KEN,NLD,6674.031
KEN,NOR,7177.35
KEN,POL,6140.4580000000005
KEN,ROM,5196.425
KEN,RUS,6348.253000000001
KEN,SVK,5823.465
KEN,SWE,6942.959
KEN,THA,7214.255999999999
KEN,TUR,4604.907
KEN,USA,12152.02
KEN,VNM,7899.972
KEN,YUG,5381.312
KGZ,AUS,11522.59
KGZ,BEL,5212.615
KGZ,BRA,13838.02
KGZ,CAN,9773.365
KGZ,CHE,5147.775
KGZ,CHN,3471.802
KGZ,CZE,4550.853
KGZ,DEU,4559.661
KGZ,ESP,6270.474
KGZ,FIN,3810.2670000000003
KGZ,FRA,5424.701999999999
KGZ,GBR,5483.191999999999
KGZ,HUN,4292.904
KGZ,IND,1606.963
KGZ,ITA,4985.388
KGZ,JPN,5529.738
KGZ,KOR,4422.647
KGZ,NLD,5123.767
KGZ,NOR,4600.593
KGZ,POL,4056.887
KGZ,ROM,3849.8390000000004
KGZ,RUS,2985.8709999999996
KGZ,SVK,4410.6720000000005
KGZ,SWE,4191.53
KGZ,THA,4085.156
KGZ,TUR,3464.599
KGZ,USA,10492.8
KGZ,VNM,3788.8340000000003
KGZ,YUG,4265.035
KHM,AUS,6990.343000000001
KHM,BEL,9747.627
KHM,BRA,17060.73
KHM,CAN,13689.12
KHM,CHE,9636.398000000001
KHM,CHN,3351.0890000000004
KHM,CZE,9064.88
KHM,DEU,9096.893
KHM,ESP,10707.77
KHM,FIN,8342.702
KHM,FRA,9947.79
KHM,GBR,10026.82
KHM,HUN,8760.564
KHM,IND,3445.198
KHM,ITA,9357.015
KHM,JPN,4409.127
KHM,KOR,3628.8070000000002
KHM,NLD,9666.671999999999
KHM,NOR,9133.655999999999
KHM,POL,8587.231
KHM,ROM,8230.819
KHM,RUS,7534.794
KHM,SVK,8893.495
KHM,SWE,8730.834
KHM,THA,535.9692
KHM,TUR,7667.228
KHM,USA,14415.25
KHM,VNM,1054.802
KHM,YUG,8673.197
KIR,AUS,4786.248
KIR,BEL,14125.72
KIR,BRA,15253.65
KIR,CAN,11535.38
KIR,CHE,14476.49
KIR,CHN,7138.044
KIR,CZE,13954.77
KIR,DEU,13740.7
KIR,ESP,15370.67
KIR,FIN,12654.7
KIR,FRA,14371.47
KIR,GBR,14114.23
KIR,HUN,14039.25
KIR,IND,10522.22
KIR,ITA,14838.9
KIR,JPN,5142.157
KIR,KOR,6194.548000000001
KIR,NLD,13952.75
KIR,NOR,13041.89
KIR,POL,13519.57
KIR,ROM,13979.72
KIR,RUS,12509.57
KIR,SVK,14049.55
KIR,SWE,12933.68
KIR,THA,8105.108
KIR,TUR,13918.27
KIR,USA,11622.71
KIR,VNM,7606.6
KIR,YUG,14222.24
KWT,AUS,12784.28
KWT,BEL,4329.8240000000005
KWT,BRA,11428.84
KWT,CAN,9957.423
KWT,CHE,3995.36
KWT,CHN,6225.544
KWT,CZE,3636.297
KWT,DEU,3825.0690000000004
KWT,ESP,4809.398
KWT,FIN,3836.1940000000004
KWT,FRA,4415.222
KWT,GBR,4653.481
KWT,HUN,3202.095
KWT,IND,2838.48
KWT,ITA,3471.3720000000003
KWT,JPN,8313.143
KWT,KOR,7181.025
KWT,NLD,4345.208
KWT,NOR,4395.11
KWT,POL,3378.6240000000003
KWT,ROM,2557.016
KWT,RUS,3051.533
KWT,SVK,3361.164
KWT,SWE,4031.01
KWT,THA,5655.5740000000005
KWT,TUR,1816.297
KWT,USA,10539.89
KWT,VNM,5844.974
KWT,YUG,2965.9320000000002
LAO,AUS,7696.2080000000005
LAO,BEL,9038.533000000001
LAO,BRA,16890.29
LAO,CAN,12975.12
LAO,CHE,8948.459
LAO,CHN,2778.652
LAO,CZE,8365.918
LAO,DEU,8386.077
LAO,ESP,10040.42
LAO,FIN,7605.646
LAO,FRA,9245.57
LAO,GBR,9311.193000000001
LAO,HUN,8077.644
LAO,IND,2846.594
LAO,ITA,8703.752
LAO,JPN,4143.8009999999995
LAO,KOR,3218.349
LAO,NLD,8951.699
LAO,NOR,8395.82
LAO,POL,7880.109
LAO,ROM,7569.194
LAO,RUS,6809.734
LAO,SVK,8205.985
LAO,SWE,7995.956
LAO,THA,525.2488
LAO,TUR,7038.852
LAO,USA,13706.34
LAO,VNM,478.55300000000005
LAO,YUG,8006.975
LBN,AUS,14070.28
LBN,BEL,3144.598
LBN,BRA,10398.77
LBN,CAN,8823.435
LBN,CHE,2766.1890000000003
LBN,CHN,6983.571
LBN,CZE,2493.3289999999997
LBN,DEU,2720.929
LBN,ESP,3524.9
LBN,FIN,3021.702
LBN,FRA,3197.032
LBN,GBR,3464.002
LBN,HUN,2048.187
LBN,IND,3985.349
LBN,ITA,2199.887
LBN,JPN,8999.5
LBN,KOR,7926.321999999999
LBN,NLD,3185.802
LBN,NOR,3412.801
LBN,POL,2351.56
LBN,ROM,1424.328
LBN,RUS,2441.484
LBN,SVK,2203.249
LBN,SWE,3109.965
LBN,THA,6873.743
LBN,TUR,714.7758
LBN,USA,9363.523000000001
LBN,VNM,6966.687
LBN,YUG,1771.23
LCA,AUS,16202.81
LCA,BEL,7086.5830000000005
LCA,BRA,3614.805
LCA,CAN,3760.0240000000003
LCA,CHE,7248.455
LCA,CHN,14025.15
LCA,CZE,7787.611999999999
LCA,DEU,7730.241
LCA,ESP,6253.771
LCA,FIN,8445.868
LCA,FRA,6903.772
LCA,GBR,6794.753000000001
LCA,HUN,8127.1990000000005
LCA,IND,13496.15
LCA,ITA,7620.191999999999
LCA,JPN,14088.41
LCA,KOR,14239.55
LCA,NLD,7154.686
LCA,NOR,7654.7119999999995
LCA,POL,8244.701
LCA,ROM,8703.098
LCA,RUS,9264.197
LCA,SVK,7984.486
LCA,SWE,8059.269
LCA,THA,16332.11
LCA,TUR,9341.494
LCA,USA,3181.8070000000002
LCA,VNM,15878.14
LCA,YUG,8255.864
LKA,AUS,8620.451
LKA,BEL,8404.442
LKA,BRA,14264.9
LKA,CAN,13720.48
LKA,CHE,8123.768
LKA,CHN,5171.491
LKA,CZE,7688.102
LKA,DEU,7825.898
LKA,ESP,8975.765
LKA,FIN,7469.547
LKA,FRA,8526.015
LKA,GBR,8725.037
LKA,HUN,7282.259
LKA,IND,2431.215
LKA,ITA,7635.494000000001
LKA,JPN,6861.33
LKA,KOR,5840.513000000001
LKA,NLD,8388.237
LKA,NOR,8196.645
LKA,POL,7326.785
LKA,ROM,6651.685
LKA,RUS,6576.936
LKA,SVK,7438.51
LKA,SWE,7784.423000000001
LKA,THA,2381.501
LKA,TUR,5942.7519999999995
LKA,USA,14406.16
LKA,VNM,3208.3340000000003
LKA,YUG,7085.831
LSO,AUS,10594.58
LSO,BEL,9206.208
LSO,BRA,7772.399
LSO,CAN,13271.08
LSO,CHE,8724.216
LSO,CHN,11972.86
LSO,CZE,8932.594000000001
LSO,DEU,9212.143
LSO,ESP,8403.123
LSO,FIN,9958.313
LSO,FRA,9054.14
LSO,GBR,9393.496
LSO,HUN,8591.318000000001
LSO,IND,8338.232
LSO,ITA,8072.605
LSO,JPN,13760.53
LSO,KOR,12727.98
LSO,NLD,9351.925
LSO,NOR,10049.62
LSO,POL,9100.306999999999
LSO,ROM,8207.638
LSO,RUS,9517.638
LSO,SVK,8685.183
LSO,SWE,9904.761999999999
LSO,THA,9178.095
LSO,TUR,7727.073
LSO,USA,13188.11
LSO,VNM,10091.6
LSO,YUG,8283.222
LTU,AUS,15273.62
LTU,BEL,1469.434
LTU,BRA,10408.43
LTU,CAN,6651.543000000001
LTU,CHE,1516.9979999999998
LTU,CHN,6567.348000000001
LTU,CZE,896.5842
LTU,DEU,820.2604
LTU,ESP,2666.384
LTU,FIN,606.8758
LTU,FRA,1700.296
LTU,GBR,1729.5539999999999
LTU,HUN,910.8107
LTU,IND,5036.979
LTU,ITA,1706.0510000000002
LTU,JPN,8197.214
LTU,KOR,7365.838000000001
LTU,NLD,1370.703
LTU,NOR,1048.369
LTU,POL,393.7521
LTU,ROM,1144.111
LTU,RUS,794.0689
LTU,SVK,918.5131
LTU,SWE,677.4822
LTU,THA,7822.797
LTU,TUR,1735.263
LTU,USA,7280.807
LTU,VNM,7522.653
LTU,YUG,1149.012
LUX,AUS,16649.03
LUX,BEL,187.8091
LUX,BRA,8998.837
LUX,CAN,5858.68
LUX,CHE,309.8716
LUX,CHN,7964.416
LUX,CZE,596.739
LUX,DEU,603.6375
LUX,ESP,1281.233
LUX,FIN,1671.6329999999998
LUX,FRA,289.1023
LUX,GBR,494.0174
LUX,HUN,977.3939999999999
LUX,IND,6308.229
LUX,ITA,989.5763
LUX,JPN,9500.391
LUX,KOR,8733.371
LUX,NLD,318.3489
LUX,NOR,1184.92
LUX,POL,1080.5710000000001
LUX,ROM,1615.444
LUX,RUS,2214.132
LUX,SVK,821.1423
LUX,SWE,1325.934
LUX,THA,9166.024
LUX,TUR,2351.177
LUX,USA,6393.923000000001
LUX,VNM,8921.030999999999
LUX,YUG,1204.9589999999998
LVA,AUS,15328.11
LVA,BEL,1456.065
LVA,BRA,10437.17
LVA,CAN,6441.198
LVA,CHE,1587.651
LVA,CHN,6523.571
LVA,CZE,993.2449
LVA,DEU,842.7612
LVA,ESP,2715.85
LVA,FIN,358.1294
LVA,FRA,1704.598
LVA,GBR,1680.389
LVA,HUN,1105.945
LVA,IND,5171.5740000000005
LVA,ITA,1869.5739999999998
LVA,JPN,8094.411
LVA,KOR,7297.289000000001
LVA,NLD,1332.481
LVA,NOR,843.1139999999999
LVA,POL,559.8441
LVA,ROM,1402.0220000000002
LVA,RUS,847.8519
LVA,SVK,1083.025
LVA,SWE,441.6495
LVA,THA,7915.755999999999
LVA,TUR,1997.6229999999998
LVA,USA,7081.517
LVA,VNM,7575.857
LVA,YUG,1371.568
MAR,AUS,17836.17
MAR,BEL,2078.484
MAR,BRA,7046.678000000001
MAR,CAN,5845.943
MAR,CHE,1872.2679999999998
MAR,CHN,9951.105
MAR,CZE,2490.774
MAR,DEU,2614.646
MAR,ESP,762.6525
MAR,FIN,3705.295
MAR,FRA,1816.8529999999998
MAR,GBR,2017.175
MAR,HUN,2628.1220000000003
MAR,IND,7782.559
MAR,ITA,1903.5610000000001
MAR,JPN,11534.55
MAR,KOR,10750.38
MAR,NLD,2243.923
MAR,NOR,3152.955
MAR,POL,3003.534
MAR,ROM,3042.643
MAR,RUS,4156.454000000001
MAR,SVK,2537.356
MAR,SWE,3355.988
MAR,THA,10701.82
MAR,TUR,3560.147
MAR,USA,6146.918000000001
MAR,VNM,10642.98
MAR,YUG,2622.986
MDA,AUS,14992.39
MDA,BEL,1831.6689999999999
MDA,BRA,10325.63
MDA,CAN,7387.717
MDA,CHE,1620.078
MDA,CHN,6742.606
MDA,CZE,1113.54
MDA,DEU,1264.197
MDA,ESP,2697.7140000000004
MDA,FIN,1482.904
MDA,FRA,1976.854
MDA,GBR,2150.279
MDA,HUN,740.7287
MDA,IND,4629.119000000001
MDA,ITA,1413.8270000000002
MDA,JPN,8546.01
MDA,KOR,7611.25
MDA,NLD,1813.739
MDA,NOR,1858.963
MDA,POL,811.762
MDA,ROM,356.6724
MDA,RUS,1150.3139999999999
MDA,SVK,884.5414
MDA,SWE,1544.391
MDA,THA,7517.33
MDA,TUR,850.8543
MDA,USA,7979.73
MDA,VNM,7356.875
MDA,YUG,688.4233
MDG,AUS,9818.354
MDG,BEL,8828.329
MDG,BRA,10003.64
MDG,CAN,14073.69
MDG,CHE,8352.528
MDG,CHN,9676.325
MDG,CZE,8335.67
MDG,DEU,8601.846
MDG,ESP,8460.734
MDG,FIN,9024.89
MDG,FRA,8763.332
MDG,GBR,9097.793
MDG,HUN,7914.995
MDG,IND,6175.918000000001
MDG,ITA,7660.201
MDG,JPN,11423.11
MDG,KOR,10400.05
MDG,NLD,8931.112
MDG,NOR,9376.567
MDG,POL,8321.308
MDG,ROM,7371.446999999999
MDG,RUS,8356.116
MDG,SVK,8048.526999999999
MDG,SWE,9106.587
MDG,THA,6850.169
MDG,TUR,6718.482
MDG,USA,14283.35
MDG,VNM,7754.976
MDG,YUG,7600.477
MDV,AUS,8995.243
MDV,BEL,8201.374
MDV,BRA,13500.26
MDV,CAN,13726.19
MDV,CHE,7874.673000000001
MDV,CHN,5862.359
MDV,CZE,7497.254
MDV,DEU,7664.653
MDV,ESP,8631.48
MDV,FIN,7445.993
MDV,FRA,8294.178
MDV,GBR,8525.089
MDV,HUN,7071.424
MDV,IND,2750.0040000000004
MDV,ITA,7330.813
MDV,JPN,7611.875
MDV,KOR,6570.516
MDV,NLD,8206.194
MDV,NOR,8127.079000000001
MDV,POL,7186.356
MDV,ROM,6428.374
MDV,RUS,6563.1140000000005
MDV,SVK,7230.206
MDV,SWE,7726.645
MDV,THA,3152.969
MDV,TUR,5693.775
MDV,USA,14363.63
MDV,VNM,3972.821
MDV,YUG,6844.519
MEX,AUS,13185.67
MEX,BEL,9259.353000000001
MEX,BRA,6841.765
MEX,CAN,3609.244
MEX,CHE,9640.465
MEX,CHN,12467.17
MEX,CZE,9935.079
MEX,DEU,9739.229
MEX,ESP,9073.951
MEX,FIN,9860.541
MEX,FRA,9206.813
MEX,GBR,8938.404
MEX,HUN,10375.25
MEX,IND,14673.66
MEX,ITA,10254.87
MEX,JPN,11312.39
MEX,KOR,12066.01
MEX,NLD,9229.362
MEX,NOR,9207.354
MEX,POL,10191.03
MEX,ROM,11018.72
MEX,RUS,10736.3
MEX,SVK,10216.82
MEX,SWE,9597.715
MEX,THA,15761.05
MEX,TUR,11765.04
MEX,USA,3037.9159999999997
MEX,VNM,14772.0
MEX,YUG,10634.26
MKD,AUS,15495.59
MKD,BEL,1634.0220000000002
MKD,BRA,9570.675
MKD,CAN,7312.896
MKD,CHE,1240.798
MKD,CHN,7531.092
MKD,CZE,1051.492
MKD,DEU,1318.674
MKD,ESP,2108.379
MKD,FIN,2032.59
MKD,FRA,1672.04
MKD,GBR,1948.1
MKD,HUN,641.169
MKD,IND,5181.7570000000005
MKD,ITA,742.0995
MKD,JPN,9352.046
MKD,KOR,8409.194
MKD,NLD,1694.944
MKD,NOR,2124.6639999999998
MKD,POL,1141.357
MKD,ROM,463.1714
MKD,RUS,1927.484
MKD,SVK,764.715
MKD,SWE,1943.276
MKD,THA,8099.388000000001
MKD,TUR,983.2172
MKD,USA,7840.568
MKD,VNM,8022.566
MKD,YUG,324.8798
MLI,AUS,16622.77
MLI,BEL,4392.599
MLI,BRA,5417.111999999999
MLI,CAN,7282.684
MLI,CHE,4079.1090000000004
MLI,CHN,11841.6
MLI,CZE,4639.915
MLI,DEU,4829.943
MLI,ESP,3116.63
MLI,FIN,5931.557
MLI,FRA,4139.755999999999
MLI,GBR,4379.194
MLI,HUN,4620.414000000001
MLI,IND,8884.225
MLI,ITA,3809.006
MLI,JPN,13672.71
MLI,KOR,12736.69
MLI,NLD,4564.502
MLI,NOR,5480.371
MLI,POL,5108.826
MLI,ROM,4793.563
MLI,RUS,6188.9619999999995
MLI,SVK,4585.431
MLI,SWE,5624.358
MLI,THA,11617.81
MLI,TUR,5011.067
MLI,USA,7325.533
MLI,VNM,11890.65
MLI,YUG,4484.528
MLT,AUS,15962.62
MLT,BEL,1851.035
MLT,BRA,8725.308
MLT,CAN,7286.255
MLT,CHE,1363.745
MLT,CHN,8417.788
MLT,CZE,1580.469
MLT,DEU,1853.3220000000001
MLT,ESP,1670.797
MLT,FIN,2799.607
MLT,FRA,1752.693
MLT,GBR,2092.2729999999997
MLT,HUN,1343.9029999999998
MLT,IND,5856.019
MLT,ITA,688.7803
MLT,JPN,10256.82
MLT,KOR,9305.214
MLT,NLD,1981.9479999999999
MLT,NOR,2686.866
MLT,POL,1889.904
MLT,ROM,1364.6760000000002
MLT,RUS,2819.7340000000004
MLT,SVK,1382.29
MLT,SWE,2620.794
MLT,THA,8768.3
MLT,TUR,1666.2879999999998
MLT,USA,7729.347
MLT,VNM,8780.34
MLT,YUG,1114.8310000000001
MMR,AUS,8048.8240000000005
MMR,BEL,8702.235999999999
MMR,BRA,16199.53
MMR,CAN,13062.16
MMR,CHE,8566.73
MMR,CHN,3234.079
MMR,CZE,8008.151
MMR,DEU,8055.951
MMR,ESP,9620.679
MMR,FIN,7362.658
MMR,FRA,8892.726
MMR,GBR,8990.69
MMR,HUN,7688.241999999999
MMR,IND,2344.0820000000003
MMR,ITA,8264.19
MMR,JPN,4781.767
MMR,KOR,3796.143
MMR,NLD,8630.553
MMR,NOR,8152.598000000001
MMR,POL,7542.436
MMR,ROM,7144.085999999999
MMR,RUS,6526.041
MMR,SVK,7825.054
MMR,SWE,7742.130999999999
MMR,THA,575.9035
MMR,TUR,6566.786
MMR,USA,13799.21
MMR,VNM,1124.431
MMR,YUG,7588.5419999999995
MNG,AUS,10168.99
MNG,BEL,6798.823
MNG,BRA,15777.75
MNG,CAN,9644.375
MNG,CHE,6916.981
MNG,CHN,1172.047
MNG,CZE,6295.875
MNG,DEU,6192.851
MNG,ESP,8063.195
MNG,FIN,5155.067
MNG,FRA,7053.423000000001
MNG,GBR,6980.085999999999
MNG,HUN,6193.408
MNG,IND,3328.61
MNG,ITA,6987.772
MNG,JPN,3018.842
MNG,KOR,2003.1029999999998
MNG,NLD,6659.134
MNG,NOR,5863.597
MNG,POL,5782.74
MNG,ROM,5943.085999999999
MNG,RUS,4632.875
MNG,SVK,6263.581999999999
MNG,SWE,5542.593000000001
MNG,THA,3848.093
MNG,TUR,5770.231
MNG,USA,10369.17
MNG,VNM,2993.437
MNG,YUG,6278.305
MOZ,AUS,10495.34
MOZ,BEL,8987.062
MOZ,BRA,8326.671999999999
MOZ,CAN,13429.35
MOZ,CHE,8500.383
MOZ,CHN,11347.11
MOZ,CZE,8654.025
MOZ,DEU,8933.64
MOZ,ESP,8288.235999999999
MOZ,FIN,9607.886
MOZ,FRA,8855.655
MOZ,GBR,9198.161
MOZ,HUN,8288.68
MOZ,IND,7723.632
MOZ,ITA,7829.499
MOZ,JPN,13143.46
MOZ,KOR,12104.01
MOZ,NLD,9123.539
MOZ,NOR,9765.214
MOZ,POL,8778.391
MOZ,ROM,7861.246999999999
MOZ,RUS,9107.99
MOZ,SVK,8393.578000000001
MOZ,SWE,9587.224
MOZ,THA,8573.696
MOZ,TUR,7334.297
MOZ,USA,13425.2
MOZ,VNM,9478.27
MOZ,YUG,7975.125
MRT,AUS,17624.29
MRT,BEL,4057.333
MRT,BRA,5149.916
MRT,CAN,6242.3009999999995
MRT,CHE,3852.972
MRT,CHN,11903.59
MRT,CZE,4465.213
MRT,DEU,4599.994000000001
MRT,ESP,2742.2209999999995
MRT,FIN,5691.615
MRT,FRA,3794.96
MRT,GBR,3963.592
MRT,HUN,4556.213
MRT,IND,9359.748
MRT,ITA,3774.4109999999996
MRT,JPN,13519.62
MRT,KOR,12726.14
MRT,NLD,4219.005
MRT,NOR,5116.625
MRT,POL,4972.177
MRT,ROM,4875.021
MRT,RUS,6115.446
MRT,SVK,4483.786
MRT,SWE,5339.102
MRT,THA,12211.87
MRT,TUR,5250.625
MRT,USA,6274.2119999999995
MRT,VNM,12339.04
MRT,YUG,4496.282999999999
MUS,AUS,8879.725
MUS,BEL,9453.362
MUS,BRA,10953.11
MUS,CAN,14931.95
MUS,CHE,8996.162
MUS,CHN,9054.787
MUS,CZE,8892.55
MUS,DEU,9143.453000000001
MUS,ESP,9246.002
MUS,FIN,9408.393
MUS,FRA,9422.744
MUS,GBR,9744.353000000001
MUS,HUN,8455.104
MUS,IND,5828.435
MUS,ITA,8313.152
MUS,JPN,10643.99
MUS,KOR,9691.985999999999
MUS,NLD,9536.271
MUS,NOR,9863.321
MUS,POL,8801.968
MUS,ROM,7864.84
MUS,RUS,8654.018
MUS,SVK,8599.921
MUS,SWE,9548.833
MUS,THA,6031.729
MUS,TUR,7161.605
MUS,USA,15222.4
MUS,VNM,6979.507
MUS,YUG,8150.156
MWI,AUS,11295.81
MWI,BEL,7760.549
MWI,BRA,8732.777
MWI,CAN,12638.27
MWI,CHE,7273.356
MWI,CHN,10394.82
MWI,CZE,7378.479
MWI,DEU,7656.65
MWI,ESP,7186.515
MWI,FIN,8285.101999999999
MWI,FRA,7650.656999999999
MWI,GBR,7993.257
MWI,HUN,6997.343000000001
MWI,IND,6653.143
MWI,ITA,6589.733
MWI,JPN,12345.96
MWI,KOR,11233.9
MWI,NLD,7887.344
MWI,NOR,8479.884
MWI,POL,7472.656
MWI,ROM,6544.715999999999
MWI,RUS,7767.932
MWI,SVK,7109.609
MWI,SWE,8281.345
MWI,THA,7967.8009999999995
MWI,TUR,5999.491
MWI,USA,12780.82
MWI,VNM,8780.87
MWI,YUG,6681.465
MYS,AUS,6532.159000000001
MYS,BEL,10261.22
MYS,BRA,16420.49
MYS,CAN,14623.82
MYS,CHE,10085.6
MYS,CHN,4355.0470000000005
MYS,CZE,9554.34
MYS,DEU,9623.965
MYS,ESP,11084.66
MYS,FIN,8980.642
MYS,FRA,10436.4
MYS,GBR,10559.89
MYS,HUN,9207.439
MYS,IND,3842.43
MYS,ITA,9717.921999999999
MYS,JPN,5329.095
MYS,KOR,4614.067
MYS,NLD,10201.5
MYS,NOR,9768.171
MYS,POL,9108.276
MYS,ROM,8629.723
MYS,RUS,8130.454000000001
MYS,SVK,9351.424
MYS,SWE,9354.846
MYS,THA,1187.123
MYS,TUR,7997.892
MYS,USA,15357.34
MYS,VNM,2040.94
MYS,YUG,9076.96
NAM,AUS,11845.64
NAM,BEL,8264.846
NAM,BRA,6825.919
NAM,CAN,11994.17
NAM,CHE,7797.97
NAM,CHN,12372.95
NAM,CZE,8092.025
NAM,DEU,8366.187
NAM,ESP,7334.44
NAM,FIN,9232.493
NAM,FRA,8084.97
NAM,GBR,8414.729
NAM,HUN,7800.814
NAM,IND,8601.866
NAM,ITA,7188.876
NAM,JPN,14350.9
NAM,KOR,13231.29
NAM,NLD,8422.152
NAM,NOR,9198.591999999999
NAM,POL,8335.684000000001
NAM,ROM,7511.557
NAM,RUS,8932.264000000001
NAM,SVK,7872.566
NAM,SWE,9115.85
NAM,THA,9940.421
NAM,TUR,7145.528
NAM,USA,11908.0
NAM,VNM,10778.08
NAM,YUG,7509.525
NCL,AUS,2220.1679999999997
NCL,BEL,16495.46
NCL,BRA,14380.56
NCL,CAN,13909.79
NCL,CHE,16703.95
NCL,CHN,8648.526
NCL,CZE,16091.42
NCL,DEU,15956.71
NCL,ESP,17811.61
NCL,FIN,14864.17
NCL,FRA,16757.74
NCL,GBR,16581.42
NCL,HUN,15995.31
NCL,IND,11110.26
NCL,ITA,16771.45
NCL,JPN,7035.106
NCL,KOR,7830.0
NCL,NLD,16332.64
NCL,NOR,15431.35
NCL,POL,15583.89
NCL,ROM,15661.58
NCL,RUS,14439.2
NCL,SVK,16070.09
NCL,SWE,15214.89
NCL,THA,8231.042
NCL,TUR,15259.61
NCL,USA,13806.11
NCL,VNM,8151.311
NCL,YUG,16047.71
NER,AUS,15941.6
NER,BEL,4156.513
NER,BRA,6395.668000000001
NER,CAN,8000.454000000001
NER,CHE,3752.594
NER,CHN,11024.17
NER,CZE,4221.885
NER,DEU,4456.21
NER,ESP,3045.1
NER,FIN,5514.121999999999
NER,FRA,3932.638
NER,GBR,4230.4929999999995
NER,HUN,4095.3559999999998
NER,IND,7865.206
NER,ITA,3311.987
NER,JPN,12975.32
NER,KOR,11953.51
NER,NLD,4327.557
NER,NOR,5211.265
NER,POL,4627.1320000000005
NER,ROM,4124.666
NER,RUS,5602.645
NER,SVK,4098.6359999999995
NER,SWE,5266.223000000001
NER,THA,10544.8
NER,TUR,4200.3
NER,USA,8139.29
NER,VNM,10863.09
NER,YUG,3895.527
NGA,AUS,15205.16
NGA,BEL,4643.222
NGA,BRA,6674.87
NGA,CAN,8736.006
NGA,CHE,4203.844
NGA,CHN,10960.48
NGA,CZE,4603.6140000000005
NGA,DEU,4858.187
NGA,ESP,3639.542
NGA,FIN,5862.641
NGA,FRA,4440.135
NGA,GBR,4757.643
NGA,HUN,4409.833
NGA,IND,7585.293000000001
NGA,ITA,3677.1929999999998
NGA,JPN,12990.9
NGA,KOR,11909.62
NGA,NLD,4809.195
NGA,NOR,5654.899
NGA,POL,4955.104
NGA,ROM,4326.185
NGA,RUS,5829.689
NGA,SVK,4439.536
NGA,SWE,5657.291
NGA,THA,10130.63
NGA,TUR,4264.208
NGA,USA,8874.532
NGA,VNM,10541.2
NGA,YUG,4170.116
NIC,AUS,13914.87
NIC,BEL,9021.177
NIC,BRA,5244.107
NIC,CAN,3842.074
NIC,CHE,9315.837
NIC,CHN,13785.57
NIC,CZE,9736.226999999999
NIC,DEU,9595.835
NIC,ESP,8523.871
NIC,FIN,9985.653
NIC,FRA,8906.699
NIC,GBR,8699.689
NIC,HUN,10146.51
NIC,IND,15167.33
NIC,ITA,9834.671999999999
NIC,JPN,12845.07
NIC,KOR,13509.79
NIC,NLD,9034.442
NIC,NOR,9241.96
NIC,POL,10095.17
NIC,ROM,10781.58
NIC,RUS,10876.95
NIC,SVK,9989.428
NIC,SWE,9656.951
NIC,THA,17062.34
NIC,TUR,11501.33
NIC,USA,3117.8579999999997
NIC,VNM,16115.17
NIC,YUG,10352.67
NPL,AUS,9696.438
NPL,BEL,7053.249
NPL,BRA,15051.1
NPL,CAN,11671.8
NPL,CHE,6921.61
NPL,CHN,3160.925
NPL,CZE,6359.505
NPL,DEU,6407.434
NPL,ESP,7988.503000000001
NPL,FIN,5740.605
NPL,FRA,7244.016
NPL,GBR,7342.558000000001
NPL,HUN,6044.132
NPL,IND,801.1843
NPL,ITA,6640.496999999999
NPL,JPN,5166.0070000000005
NPL,KOR,4022.39
NPL,NLD,6982.543000000001
NPL,NOR,6527.191
NPL,POL,5893.625
NPL,ROM,5511.807
NPL,RUS,4889.8679999999995
NPL,SVK,6179.245
NPL,SWE,6113.57
NPL,THA,2212.509
NPL,TUR,4964.282999999999
NPL,USA,12400.28
NPL,VNM,2208.786
NPL,YUG,5953.805
NZL,AUS,2397.488
NZL,BEL,19011.83
NZL,BRA,12070.38
NZL,CAN,14657.01
NZL,CHE,19006.65
NZL,CHN,11041.03
NZL,CZE,18419.03
NZL,DEU,18386.66
NZL,ESP,19586.18
NZL,FIN,17362.61
NZL,FRA,19263.88
NZL,GBR,19147.14
NZL,HUN,18128.41
NZL,IND,12761.04
NZL,ITA,18572.15
NZL,JPN,9575.732
NZL,KOR,10293.84
NZL,NLD,18867.02
NZL,NOR,17991.74
NZL,POL,17914.16
NZL,ROM,17555.44
NZL,RUS,16774.49
NZL,SVK,18263.92
NZL,SWE,17738.59
NZL,THA,9872.658000000001
NZL,TUR,16882.32
NZL,USA,14219.82
NZL,VNM,10080.76
NZL,YUG,18002.01
OMN,AUS,11549.48
OMN,BEL,5517.9
OMN,BRA,12365.4
OMN,CAN,11068.56
OMN,CHE,5207.722
OMN,CHN,5658.039000000001
OMN,CZE,4810.765
OMN,DEU,4976.974
OMN,ESP,6044.161999999999
OMN,FIN,4823.622
OMN,FRA,5620.005
OMN,GBR,5841.325
OMN,HUN,4388.210999999999
OMN,IND,1936.2220000000002
OMN,ITA,4702.792
OMN,JPN,7746.67
OMN,KOR,6590.233
OMN,NLD,5519.236999999999
OMN,NOR,5465.455
OMN,POL,4501.862
OMN,ROM,3747.594
OMN,RUS,3965.798
OMN,SVK,4546.616
OMN,SWE,5075.089
OMN,THA,4531.884
OMN,TUR,3022.0879999999997
OMN,USA,11684.96
OMN,VNM,4850.225
OMN,YUG,4171.733
PAK,AUS,11015.89
PAK,BEL,5752.111999999999
PAK,BRA,13836.4
PAK,CAN,10688.13
PAK,CHE,5597.236
PAK,CHN,3882.877
PAK,CZE,5048.6359999999995
PAK,DEU,5114.034000000001
PAK,ESP,6651.62
PAK,FIN,4537.599
PAK,FRA,5932.585999999999
PAK,GBR,6049.916
PAK,HUN,4718.152
PAK,IND,683.3699
PAK,ITA,5300.738
PAK,JPN,5980.15
PAK,KOR,4828.073
PAK,NLD,5691.659000000001
PAK,NOR,5308.435
PAK,POL,4598.316
PAK,ROM,4174.471
PAK,RUS,3658.638
PAK,SVK,4856.792
PAK,SWE,4891.005999999999
PAK,THA,3542.7709999999997
PAK,TUR,3625.6279999999997
PAK,USA,11392.76
PAK,VNM,3509.467
PAK,YUG,4617.9
PAL,AUS,14063.31
PAL,BEL,3271.921
PAL,BRA,10227.53
PAL,CAN,8950.944
PAL,CHE,2868.08
PAL,CHN,7206.27
PAL,CZE,2649.224
PAL,DEU,2890.074
PAL,ESP,3546.1020000000003
PAL,FIN,3259.2709999999997
PAL,FRA,3303.196
PAL,GBR,3586.255
PAL,HUN,2206.055
PAL,IND,4106.997
PAL,ITA,2261.774
PAL,JPN,9236.551
PAL,KOR,8153.009
PAL,NLD,3326.237
PAL,NOR,3612.9
PAL,POL,2551.304
PAL,ROM,1607.389
PAL,RUS,2707.708
PAL,SVK,2356.439
PAL,SWE,3327.054
PAL,THA,6967.803000000001
PAL,TUR,945.8355
PAL,USA,9470.571
PAL,VNM,7104.611
PAL,YUG,1912.517
PAN,AUS,14303.46
PAN,BEL,8814.414
PAN,BRA,4438.22
PAN,CAN,4075.321
PAN,CHE,9058.3
PAN,CHN,14352.56
PAN,CZE,9532.546
PAN,DEU,9423.655
PAN,ESP,8170.168000000001
PAN,FIN,9942.038
PAN,FRA,8671.104
PAN,GBR,8500.427
PAN,HUN,9918.198
PAN,IND,15161.38
PAN,ITA,9517.763
PAN,JPN,13584.86
PAN,KOR,14173.68
PAN,NLD,8849.443000000001
PAN,NOR,9169.77
PAN,POL,9935.298
PAN,ROM,10534.41
PAN,RUS,10819.55
PAN,SVK,9765.431999999999
PAN,SWE,9587.268
PAN,THA,17509.22
PAN,TUR,11224.22
PAN,USA,3339.086
PAN,VNM,16647.34
PAN,YUG,10093.19
PER,AUS,12861.16
PER,BEL,10464.8
PER,BRA,3171.635
PER,CAN,6403.348000000001
PER,CHE,10585.31
PER,CHN,16666.29
PER,CZE,11151.94
PER,DEU,11114.22
PER,ESP,9521.563
PER,FIN,11849.47
PER,FRA,10268.11
PER,GBR,10182.22
PER,HUN,11462.46
PER,IND,16792.93
PER,ITA,10875.48
PER,JPN,15505.62
PER,KOR,16329.76
PER,NLD,10542.52
PER,NOR,11058.24
PER,POL,11625.44
PER,ROM,11998.69
PER,RUS,12666.63
PER,SVK,11327.91
PER,SWE,11463.65
PER,THA,19711.86
PER,TUR,12570.07
PER,USA,5672.588000000001
PER,VNM,18993.92
PER,YUG,11555.25
PHL,AUS,6300.281999999999
PHL,BEL,10515.8
PHL,BRA,18832.29
PHL,CAN,13143.47
PHL,CHE,10523.38
PHL,CHN,2850.3190000000004
PHL,CZE,9908.748
PHL,DEU,9871.489
PHL,ESP,11665.22
PHL,FIN,8935.669
PHL,FRA,10751.64
PHL,GBR,10745.17
PHL,HUN,9691.141
PHL,IND,4756.725
PHL,ITA,10397.98
PHL,JPN,2999.5409999999997
PHL,KOR,2615.751
PHL,NLD,10399.29
PHL,NOR,9693.195
PHL,POL,9397.381
PHL,ROM,9261.544
PHL,RUS,8257.32
PHL,SVK,9799.565
PHL,SWE,9333.17
PHL,THA,2210.015
PHL,TUR,8821.542
PHL,USA,13794.33
PHL,VNM,1750.016
PHL,YUG,9677.129
PLW,AUS,4987.858
PLW,BEL,11992.08
PLW,BRA,19058.27
PLW,CAN,13435.73
PLW,CHE,12058.17
PLW,CHN,4048.2990000000004
PLW,CZE,11435.75
PLW,DEU,11366.3
PLW,ESP,13210.83
PLW,FIN,10361.74
PLW,FRA,12240.69
PLW,GBR,12188.67
PLW,HUN,11259.74
PLW,IND,6440.243
PLW,ITA,11999.44
PLW,JPN,3198.886
PLW,KOR,3441.6209999999996
PLW,NLD,11859.78
PLW,NOR,11078.09
PLW,POL,10919.33
PLW,ROM,10873.31
PLW,RUS,9764.49
PLW,SVK,11356.15
PLW,SWE,10752.79
PLW,THA,3782.2259999999997
PLW,TUR,10472.87
PLW,USA,13950.49
PLW,VNM,3433.4809999999998
PLW,YUG,11274.32
PNG,AUS,2878.813
PNG,BEL,14313.37
PNG,BRA,16768.98
PNG,CAN,14324.55
PNG,CHE,14395.83
PNG,CHN,6343.974
PNG,CZE,13772.91
PNG,DEU,13696.35
PNG,ESP,15548.85
PNG,FIN,12670.74
PNG,FRA,14565.84
PNG,GBR,14493.51
PNG,HUN,13598.13
PNG,IND,8612.271
PNG,ITA,14329.81
PNG,JPN,5086.215
PNG,KOR,5635.596
PNG,NLD,14175.06
PNG,NOR,13360.59
PNG,POL,13256.3
PNG,ROM,13197.55
PNG,RUS,12100.54
PNG,SVK,13695.38
PNG,SWE,13056.27
PNG,THA,5761.263000000001
PNG,TUR,12758.31
PNG,USA,14570.26
PNG,VNM,5645.951
PNG,YUG,13605.84
PRT,AUS,18069.91
PRT,BEL,1711.396
PRT,BRA,7287.52
PRT,CAN,5392.036
PRT,CHE,1626.974
PRT,CHN,9675.63
PRT,CZE,2245.294
PRT,DEU,2314.488
PRT,ESP,500.9223
PRT,FIN,3362.978
PRT,FRA,1452.86
PRT,GBR,1583.0910000000001
PRT,HUN,2471.427
PRT,IND,7782.4619999999995
PRT,ITA,1864.0410000000002
PRT,JPN,11156.39
PRT,KOR,10433.49
PRT,NLD,1862.043
PRT,NOR,2739.748
PRT,POL,2760.441
PRT,ROM,2978.071
PRT,RUS,3913.34
PRT,SVK,2354.2929999999997
PRT,SWE,2990.966
PRT,THA,10694.58
PRT,TUR,3583.115
PRT,USA,5740.448
PRT,VNM,10549.0
PRT,YUG,2535.624
PRY,AUS,12727.53
PRY,BEL,10416.98
PRY,BRA,1463.434
PRY,CAN,8075.323
PRY,CHE,10347.18
PRY,CHN,18311.35
PRY,CZE,10970.21
PRY,DEU,11042.98
PRY,ESP,9194.078000000001
PRY,FIN,12043.17
PRY,FRA,10168.73
PRY,GBR,10216.67
PRY,HUN,11132.86
PRY,IND,15567.39
PRY,ITA,10376.26
PRY,JPN,18005.33
PRY,KOR,18600.7
PRY,NLD,10548.14
PRY,NOR,11316.19
PRY,POL,11486.84
PRY,ROM,11487.62
PRY,RUS,12642.6
PRY,SVK,11041.69
PRY,SWE,11650.4
PRY,THA,17414.88
PRY,TUR,11826.99
PRY,USA,7414.781
PRY,VNM,18285.31
PRY,YUG,11101.26
PYF,AUS,6319.975
PYF,BEL,15666.17
PYF,BRA,10677.96
PYF,CAN,10198.62
PYF,CHE,16140.31
PYF,CHN,11590.93
PYF,CZE,16137.49
PYF,DEU,15864.42
PYF,ESP,15889.19
PYF,FIN,15272.44
PYF,FRA,15724.43
PYF,GBR,15393.27
PYF,HUN,16540.2
PYF,IND,15119.57
PYF,ITA,16831.7
PYF,JPN,9502.386999999999
PYF,KOR,10635.72
PYF,NLD,15562.6
PYF,NOR,15058.08
PYF,POL,16082.39
PYF,ROM,17014.63
PYF,RUS,15736.13
PYF,SVK,16417.6
PYF,SWE,15274.87
PYF,THA,12553.15
PYF,TUR,17530.26
PYF,USA,9803.997
PYF,VNM,12174.45
PYF,YUG,16857.33
QAT,AUS,12257.15
QAT,BEL,4900.595
QAT,BRA,11686.33
QAT,CAN,10530.02
QAT,CHE,4559.472
QAT,CHN,6164.891
QAT,CZE,4208.962
QAT,DEU,4398.253
QAT,ESP,5342.9169999999995
QAT,FIN,4383.723
QAT,FRA,4981.916
QAT,GBR,5224.117
QAT,HUN,3773.849
QAT,IND,2570.834
QAT,ITA,4019.4590000000003
QAT,JPN,8263.001
QAT,KOR,7113.408
QAT,NLD,4917.663
QAT,NOR,4960.628
QAT,POL,3949.9320000000002
QAT,ROM,3128.695
QAT,RUS,3575.788
QAT,SVK,3932.8979999999997
QAT,SWE,4591.33
QAT,THA,5265.259
QAT,TUR,2386.131
QAT,USA,11112.94
QAT,VNM,5544.335
QAT,YUG,3533.785
RWA,AUS,12480.44
RWA,BEL,6359.996
RWA,BRA,8670.851
RWA,CAN,11397.2
RWA,CHE,5872.97
RWA,CHN,9845.181999999999
RWA,CZE,5980.932
RWA,DEU,6259.643
RWA,ESP,5828.738
RWA,FIN,6921.999
RWA,FRA,6253.41
RWA,GBR,6595.6669999999995
RWA,HUN,5605.626
RWA,IND,6067.339
RWA,ITA,5188.542
RWA,JPN,11914.25
RWA,KOR,10759.94
RWA,NLD,6486.081999999999
RWA,NOR,7086.146
RWA,POL,6090.479
RWA,ROM,5173.646
RWA,RUS,6457.65
RWA,SVK,5714.688
RWA,SWE,6899.44
RWA,THA,7959.035
RWA,TUR,4667.988
RWA,USA,11625.29
RWA,VNM,8623.601999999999
RWA,YUG,5290.826
SAU,AUS,12640.23
SAU,BEL,4636.352
SAU,BRA,11201.76
SAU,CAN,10307.03
SAU,CHE,4263.906
SAU,CHN,6605.185
SAU,CZE,3968.0879999999997
SAU,DEU,4178.845
SAU,ESP,4975.897
SAU,FIN,4291.096
SAU,FRA,4694.5
SAU,GBR,4957.345
SAU,HUN,3525.0370000000003
SAU,IND,3053.153
SAU,ITA,3684.742
SAU,JPN,8701.921999999999
SAU,KOR,7557.272
SAU,NLD,4669.6720000000005
SAU,NOR,4804.221
SAU,POL,3763.1209999999996
SAU,ROM,2885.4
SAU,RUS,3539.5159999999996
SAU,SVK,3682.6620000000003
SAU,SWE,4458.122
SAU,THA,5741.941
SAU,TUR,2140.525
SAU,USA,10858.59
SAU,VNM,6029.935
SAU,YUG,3261.4320000000002
SDN,AUS,13407.31
SDN,BEL,4664.815
SDN,BRA,9499.726999999999
SDN,CAN,10149.23
SDN,CHE,4193.637
SDN,CHN,8402.046999999999
SDN,CZE,4176.877
SDN,DEU,4447.473
SDN,ESP,4459.155
SDN,FIN,4999.596
SDN,FRA,4612.387
SDN,GBR,4941.625
SDN,HUN,3766.6490000000003
SDN,IND,4801.305
SDN,ITA,3503.6079999999997
SDN,JPN,10497.92
SDN,KOR,9354.622
SDN,NLD,4764.768
SDN,NOR,5245.013000000001
SDN,POL,4210.109
SDN,ROM,3269.325
SDN,RUS,4495.9490000000005
SDN,SVK,3893.5570000000002
SDN,SWE,5014.678
SDN,THA,7289.875
SDN,TUR,2713.6479999999997
SDN,USA,10544.13
SDN,VNM,7708.9890000000005
SDN,YUG,3449.8790000000004
SEN,AUS,17371.34
SEN,BEL,4479.534000000001
SEN,BRA,4762.113
SEN,CAN,6400.359
SEN,CHE,4272.894
SEN,CHN,12312.88
SEN,CZE,4883.616
SEN,DEU,5020.935
SEN,ESP,3164.425
SEN,FIN,6113.44
SEN,FRA,4217.159000000001
SEN,GBR,4384.146
SEN,HUN,4966.707
SEN,IND,9685.851
SEN,ITA,4179.284000000001
SEN,JPN,13941.8
SEN,KOR,13142.53
SEN,NLD,4641.092000000001
SEN,NOR,5537.889
SEN,POL,5389.151999999999
SEN,ROM,5269.633000000001
SEN,RUS,6529.710999999999
SEN,SVK,4897.325
SEN,SWE,5761.315
SEN,THA,12506.49
SEN,TUR,5620.517
SEN,USA,6376.861
SEN,VNM,12679.42
SEN,YUG,4898.583
SGP,AUS,6217.666
SGP,BEL,10571.47
SGP,BRA,16540.27
SGP,CAN,14835.63
SGP,CHE,10399.17
SGP,CHN,4484.657
SGP,CZE,9865.71
SGP,DEU,9932.874
SGP,ESP,11400.13
SGP,FIN,9277.475
SGP,FRA,10748.26
SGP,GBR,10868.94
SGP,HUN,9520.76
SGP,IND,4154.034000000001
SGP,ITA,10033.4
SGP,JPN,5326.388000000001
SGP,KOR,4676.683
SGP,NLD,10510.19
SGP,NOR,10066.16
SGP,POL,9417.306
SGP,ROM,8944.426
SGP,RUS,8431.775
SGP,SVK,9664.326
SGP,SWE,9653.847
SGP,THA,1433.9360000000001
SGP,TUR,8313.423
SGP,USA,15564.31
SGP,VNM,2207.195
SGP,YUG,9391.66
SLB,AUS,3077.938
SLB,BEL,14915.82
SLB,BRA,15871.73
SLB,CAN,13412.78
SLB,CHE,15120.2
SLB,CHN,7089.695
SLB,CZE,14510.06
SLB,DEU,14372.07
SLB,ESP,16230.0
SLB,FIN,13280.01
SLB,FRA,15178.2
SLB,GBR,15016.78
SLB,HUN,14432.56
SLB,IND,9820.805
SLB,ITA,15224.34
SLB,JPN,5452.721
SLB,KOR,6253.0830000000005
SLB,NLD,14755.12
SLB,NOR,13861.47
SLB,POL,14005.35
SLB,ROM,14144.86
SLB,RUS,12866.88
SLB,SVK,14499.49
SLB,SWE,13633.36
SLB,THA,7054.736999999999
SLB,TUR,13821.37
SLB,USA,13519.54
SLB,VNM,6815.972
SLB,YUG,14507.98
SLE,AUS,16555.27
SLE,BEL,4983.31
SLE,BRA,4676.264
SLE,CAN,7206.32
SLE,CHE,4709.222
SLE,CHN,12570.8
SLE,CZE,5291.766
SLE,DEU,5464.394
SLE,ESP,3676.671
SLE,FIN,6568.571999999999
SLE,FRA,4724.351
SLE,GBR,4934.224
SLE,HUN,5304.363
SLE,IND,9613.527
SLE,ITA,4494.866
SLE,JPN,14362.78
SLE,KOR,13456.32
SLE,NLD,5152.225
SLE,NOR,6066.026999999999
SLE,POL,5775.365
SLE,ROM,5510.344
SLE,RUS,6877.9490000000005
SLE,SVK,5258.996999999999
SLE,SWE,6243.03
SLE,THA,12313.2
SLE,TUR,5748.845
SLE,USA,7155.967
SLE,VNM,12618.14
SLE,YUG,5185.954000000001
SLV,AUS,13755.5
SLV,BEL,9085.503
SLV,BRA,5598.948
SLV,CAN,3754.882
SLV,CHE,9401.104
SLV,CHN,13507.86
SLV,CZE,9795.607
SLV,DEU,9642.033000000001
SLV,ESP,8655.502
SLV,FIN,9973.599
SLV,FRA,8984.298
SLV,GBR,8762.369
SLV,HUN,10214.76
SLV,IND,15104.75
SLV,ITA,9943.909
SLV,JPN,12509.61
SLV,KOR,13198.76
SLV,NLD,9089.134
SLV,NOR,9246.207
SLV,POL,10133.43
SLV,ROM,10855.12
SLV,RUS,10866.28
SLV,SVK,10056.55
SLV,SWE,9657.947
SLV,THA,16803.46
SLV,TUR,11584.73
SLV,USA,3049.3779999999997
SLV,VNM,15838.32
SLV,YUG,10433.8
SVN,AUS,16081.15
SVN,BEL,916.7943
SVN,BRA,9292.304
SVN,CAN,6595.499
SVN,CHE,549.9726
SVN,CHN,7722.639
SVN,CZE,448.934
SVN,DEU,723.9545
SVN,ESP,1600.555
SVN,FIN,1710.8220000000001
SVN,FRA,965.7366
SVN,GBR,1230.756
SVN,HUN,381.6249
SVN,IND,5718.953
SVN,ITA,492.3427
SVN,JPN,9412.938
SVN,KOR,8551.701
SVN,NLD,986.5178
SVN,NOR,1561.207
SVN,POL,834.4019999999999
SVN,ROM,927.813
SVN,RUS,1937.979
SVN,SVK,308.8653
SVN,SWE,1495.6729999999998
SVN,THA,8615.622
SVN,TUR,1637.398
SVN,USA,7127.469
SVN,VNM,8452.795
SVN,YUG,488.0359
SWZ,AUS,10572.78
SWZ,BEL,8983.229
SWZ,BRA,8176.895
SWZ,CAN,13342.91
SWZ,CHE,8497.355
SWZ,CHN,11485.86
SWZ,CZE,8665.57
SWZ,DEU,8945.386
SWZ,ESP,8257.831
SWZ,FIN,9639.99
SWZ,FRA,8846.426
SWZ,GBR,9188.42
SWZ,HUN,8306.482
SWZ,IND,7850.425
SWZ,ITA,7830.920999999999
SWZ,JPN,13290.45
SWZ,KOR,12247.65
SWZ,NLD,9122.207
SWZ,NOR,9779.183
SWZ,POL,8801.896
SWZ,ROM,7890.974
SWZ,RUS,9157.108
SWZ,SVK,8408.446
SWZ,SWE,9610.1
SWZ,THA,8723.244
SWZ,TUR,7377.204000000001
SWZ,USA,13323.1
SWZ,VNM,9626.419
SWZ,YUG,7994.185
SYC,AUS,10050.98
SYC,BEL,7855.158
SYC,BRA,11300.58
SYC,CAN,13490.36
SYC,CHE,7420.805
SYC,CHN,7945.286
SYC,CZE,7250.67
SYC,DEU,7488.993
SYC,ESP,7829.129
SYC,FIN,7683.722
SYC,FRA,7855.244000000001
SYC,GBR,8160.399
SYC,HUN,6807.325
SYC,IND,4372.486
SYC,ITA,6758.052
SYC,JPN,9802.871
SYC,KOR,8724.405999999999
SYC,NLD,7921.132
SYC,NOR,8173.073
SYC,POL,7117.085
SYC,ROM,6195.57
SYC,RUS,6915.2080000000005
SYC,SVK,6957.8330000000005
SYC,SWE,7842.111999999999
SYC,THA,5377.11
SYC,TUR,5473.5869999999995
SYC,USA,13920.8
SYC,VNM,6194.894
SYC,YUG,6512.525
TGO,AUS,15411.13
TGO,BEL,4979.165
TGO,BRA,5951.629
TGO,CAN,8518.743
TGO,CHE,4576.338
TGO,CHN,11656.86
TGO,CZE,5040.073
TGO,DEU,5277.266
TGO,ESP,3845.382
TGO,FIN,6328.571
TGO,FRA,4753.380999999999
TGO,GBR,5047.5070000000005
TGO,HUN,4899.516
TGO,IND,8309.508
TGO,ITA,4125.414000000001
TGO,JPN,13665.04
TGO,KOR,12601.71
TGO,NLD,5150.458
TGO,NOR,6035.088000000001
TGO,POL,5435.845
TGO,ROM,4891.104
TGO,RUS,6383.357
TGO,SVK,4909.096
TGO,SWE,6086.823
TGO,THA,10835.92
TGO,TUR,4900.334
TGO,USA,8578.065
TGO,VNM,11262.65
TGO,YUG,4687.575
TJK,AUS,11649.17
TJK,BEL,5103.846
TJK,BRA,13416.81
TJK,CAN,10029.78
TJK,CHE,4969.973
TJK,CHN,4052.9179999999997
TJK,CZE,4407.229
TJK,DEU,4460.934
TJK,ESP,6048.096
TJK,FIN,3864.296
TJK,FRA,5291.823
TJK,GBR,5396.948
TJK,HUN,4093.559
TJK,IND,1356.5479999999998
TJK,ITA,4713.1990000000005
TJK,JPN,6136.1140000000005
TJK,KOR,5008.503
TJK,NLD,5037.606
TJK,NOR,4636.255999999999
TJK,POL,3945.934
TJK,ROM,3576.76
TJK,RUS,2986.597
TJK,SVK,4227.293
TJK,SWE,4218.952
TJK,THA,4165.016
TJK,TUR,3083.69
TJK,USA,10729.83
TJK,VNM,4037.862
TJK,YUG,4014.1220000000003
TON,AUS,3805.78
TON,BEL,16729.92
TON,BRA,12965.23
TON,CAN,12401.64
TON,CHE,17152.25
TON,CHN,9809.154
TON,CZE,16701.55
TON,DEU,16462.71
TON,ESP,17744.08
TON,FIN,15412.18
TON,FRA,16941.44
TON,GBR,16628.88
TON,HUN,16832.62
TON,IND,12778.76
TON,ITA,17615.05
TON,JPN,7904.4580000000005
TON,KOR,8895.192
TON,NLD,16561.3
TON,NOR,15693.28
TON,POL,16300.91
TON,ROM,16784.42
TON,RUS,15317.91
TON,SVK,16829.19
TON,SWE,15653.82
TON,THA,9986.011
TON,TUR,16650.94
TON,USA,12164.25
TON,VNM,9773.216
TON,YUG,17028.68
TTO,AUS,15895.26
TTO,BEL,7414.548000000001
TTO,BRA,3300.022
TTO,CAN,4101.213
TTO,CHE,7559.98
TTO,CHN,14403.7
TTO,CZE,8109.914000000001
TTO,DEU,8061.456
TTO,ESP,6541.816
TTO,FIN,8799.495
TTO,FRA,7225.325
TTO,GBR,7127.528
TTO,HUN,8439.339
TTO,IND,13808.25
TTO,ITA,7908.2609999999995
TTO,JPN,14416.8
TTO,KOR,14603.4
TTO,NLD,7487.81
TTO,NOR,8008.809
TTO,POL,8574.525
TTO,ROM,9004.277
TTO,RUS,9608.973
TTO,SVK,8299.201
TTO,SWE,8410.802
TTO,THA,16672.71
TTO,TUR,9627.348
TTO,USA,3498.427
TTO,VNM,16250.58
TTO,YUG,8557.292
TUN,AUS,16362.34
TUN,BEL,1626.5120000000002
TUN,BRA,8447.175
TUN,CAN,6919.073
TUN,CHE,1149.141
TUN,CHN,8646.589
TUN,CZE,1514.704
TUN,DEU,1765.1660000000002
TUN,ESP,1273.835
TUN,FIN,2798.361
TUN,FRA,1483.828
TUN,GBR,1826.619
TUN,HUN,1390.911
TUN,IND,6213.7919999999995
TUN,ITA,595.3532
TUN,JPN,10427.62
TUN,KOR,9513.838
TUN,NLD,1776.441
TUN,NOR,2569.439
TUN,POL,1912.4679999999998
TUN,ROM,1582.0970000000002
TUN,RUS,2946.28
TUN,SVK,1382.9070000000002
TUN,SWE,2567.493
TUN,THA,9131.021999999999
TUN,TUR,1998.9289999999999
TUN,USA,7347.75
TUN,VNM,9111.909
TUN,YUG,1240.114
TZA,AUS,11694.55
TZA,BEL,7021.161
TZA,BRA,9153.108
TZA,CAN,12173.33
TZA,CHE,6537.243
TZA,CHN,9670.167
TZA,CZE,6591.53
TZA,DEU,6866.7080000000005
TZA,ESP,6568.764
TZA,FIN,7439.781
TZA,FRA,6932.8
TZA,GBR,7272.619000000001
TZA,HUN,6194.630999999999
TZA,IND,5894.054
TZA,ITA,5846.278
TZA,JPN,11682.39
TZA,KOR,10545.37
TZA,NLD,7137.62
TZA,NOR,7677.382
TZA,POL,6650.986999999999
TZA,ROM,5712.306
TZA,RUS,6894.012
TZA,SVK,6314.768
TZA,SWE,7456.901
TZA,THA,7487.677
TZA,TUR,5139.468
TZA,USA,12411.02
TZA,VNM,8227.475
TZA,YUG,5877.545
UGA,AUS,12421.15
UGA,BEL,6219.309
UGA,BRA,9009.302
UGA,CAN,11406.39
UGA,CHE,5734.78
UGA,CHN,9468.473
UGA,CZE,5801.1
UGA,DEU,6077.621
UGA,ESP,5773.843000000001
UGA,FIN,6687.78
UGA,FRA,6128.938
UGA,GBR,6469.0
UGA,HUN,5410.857
UGA,IND,5691.471
UGA,ITA,5044.428
UGA,JPN,11538.8
UGA,KOR,10384.14
UGA,NLD,6337.427
UGA,NOR,6894.351
UGA,POL,5878.683000000001
UGA,ROM,4947.955
UGA,RUS,6185.184
UGA,SVK,5527.376
UGA,SWE,6686.84
UGA,THA,7623.443
UGA,TUR,4407.16
UGA,USA,11676.49
UGA,VNM,8269.625
UGA,YUG,5094.179
UKR,AUS,14913.19
UKR,BEL,1837.307
UKR,BRA,10568.55
UKR,CAN,7224.076
UKR,CHE,1730.779
UKR,CHN,6460.799
UKR,CZE,1141.565
UKR,DEU,1204.434
UKR,ESP,2863.877
UKR,FIN,1135.325
UKR,FRA,2025.144
UKR,GBR,2137.511
UKR,HUN,896.3701
UKR,IND,4583.481
UKR,ITA,1674.773
UKR,JPN,8215.83
UKR,KOR,7309.346
UKR,NLD,1781.7160000000001
UKR,NOR,1630.325
UKR,POL,690.8161
UKR,ROM,744.6108
UKR,RUS,763.4056
UKR,SVK,998.2211
UKR,SWE,1267.46
UKR,THA,7429.726
UKR,TUR,1181.469
UKR,USA,7842.3330000000005
UKR,VNM,7205.898
UKR,YUG,972.643
URY,AUS,11788.68
URY,BEL,11228.75
URY,BRA,2283.672
URY,CAN,9155.327
URY,CHE,11102.35
URY,CHN,19175.59
URY,CZE,11723.31
URY,DEU,11828.68
URY,ESP,9957.118
URY,FIN,12877.32
URY,FRA,10972.42
URY,GBR,11057.87
URY,HUN,11831.0
URY,IND,15606.99
URY,ITA,11041.93
URY,JPN,18587.08
URY,KOR,19629.5
URY,NLD,11371.8
URY,NOR,12189.46
URY,POL,12236.49
URY,ROM,12107.24
URY,RUS,13387.23
URY,SVK,11757.85
URY,SWE,12494.46
URY,THA,16710.97
URY,TUR,12342.1
URY,USA,8487.635
URY,VNM,17693.2
URY,YUG,11756.73
UZB,AUS,11785.05
UZB,BEL,4955.126
UZB,BRA,13423.63
UZB,CAN,9774.519
UZB,CHE,4848.8640000000005
UZB,CHN,3943.6209999999996
UZB,CZE,4270.401
UZB,DEU,4306.54
UZB,ESP,5948.543000000001
UZB,FIN,3654.514
UZB,FRA,5153.064
UZB,GBR,5240.294
UZB,HUN,3979.094
UZB,IND,1584.1029999999998
UZB,ITA,4633.52
UZB,JPN,6007.851
UZB,KOR,4896.334
UZB,NLD,4880.045999999999
UZB,NOR,4434.839
UZB,POL,3794.505
UZB,ROM,3493.961
UZB,RUS,2789.8559999999998
UZB,SVK,4106.411
UZB,SWE,4018.9390000000003
UZB,THA,4305.71
UZB,TUR,3054.375
UZB,USA,10479.86
UZB,VNM,4109.179
UZB,YUG,3922.494
WSM,AUS,3294.84
WSM,BEL,15758.12
WSM,BRA,14567.7
WSM,CAN,12859.88
WSM,CHE,16065.7
WSM,CHN,8268.319
WSM,CZE,15500.17
WSM,DEU,15313.59
WSM,ESP,17038.68
WSM,FIN,14210.98
WSM,FRA,16011.92
WSM,GBR,15775.63
WSM,HUN,15511.25
WSM,IND,11181.62
WSM,ITA,16322.46
WSM,JPN,6454.710999999999
WSM,KOR,7379.090999999999
WSM,NLD,15586.5
WSM,NOR,14670.42
WSM,POL,15027.53
WSM,ROM,15324.76
WSM,RUS,13940.53
WSM,SVK,15549.3
WSM,SWE,14521.58
WSM,THA,8427.921999999999
WSM,TUR,15090.39
WSM,USA,12807.26
WSM,VNM,8174.89
WSM,YUG,15641.0
YEM,AUS,12336.47
YEM,BEL,5307.951999999999
YEM,BRA,10700.02
YEM,CAN,10968.22
YEM,CHE,4881.538
YEM,CHN,7417.418000000001
YEM,CZE,4700.972
YEM,DEU,4942.02
YEM,ESP,5387.975
YEM,FIN,5217.143
YEM,FRA,5317.2609999999995
YEM,GBR,5616.0740000000005
YEM,HUN,4258.262
YEM,IND,3691.113
YEM,ITA,4231.959
YEM,JPN,9509.171999999999
YEM,KOR,8353.075
YEM,NLD,5371.253000000001
YEM,NOR,5647.263000000001
YEM,POL,4586.215999999999
YEM,ROM,3653.276
YEM,RUS,4525.518
YEM,SVK,4408.014
YEM,SWE,5336.479
YEM,THA,6046.795999999999
YEM,TUR,2945.615
YEM,USA,11448.37
YEM,VNM,6508.59
YEM,YUG,3962.1859999999997
ZAF,AUS,10827.98
ZAF,BEL,8838.753
ZAF,BRA,7900.19
ZAF,CAN,13075.43
ZAF,CHE,8354.959
ZAF,CHN,11674.59
ZAF,CZE,8549.082
ZAF,DEU,8828.848
ZAF,ESP,8070.031
ZAF,FIN,9561.048
ZAF,FRA,8692.812
ZAF,GBR,9033.48
ZAF,HUN,8202.181
ZAF,IND,8000.751
ZAF,ITA,7697.383000000001
ZAF,JPN,13517.0
ZAF,KOR,12457.03
ZAF,NLD,8981.913
ZAF,NOR,9665.516
ZAF,POL,8707.608
ZAF,ROM,7810.206999999999
ZAF,RUS,9113.282
ZAF,SVK,8298.498
ZAF,SWE,9513.372
ZAF,THA,8970.98
ZAF,TUR,7323.674
ZAF,USA,13040.41
ZAF,VNM,9862.524
ZAF,YUG,7892.755
ZMB,AUS,11624.6
ZMB,BEL,7738.871
ZMB,BRA,8113.184
ZMB,CAN,12319.87
ZMB,CHE,7252.695
ZMB,CHN,10960.79
ZMB,CZE,7422.563
ZMB,DEU,7702.419
ZMB,ESP,7043.9890000000005
ZMB,FIN,8419.353000000001
ZMB,FRA,7604.840999999999
ZMB,GBR,7947.2080000000005
ZMB,HUN,7068.177
ZMB,IND,7197.28
ZMB,ITA,6585.451
ZMB,JPN,12938.26
ZMB,KOR,11816.32
ZMB,NLD,7877.135
ZMB,NOR,8537.309000000001
ZMB,POL,7569.436
ZMB,ROM,6668.539000000001
ZMB,RUS,7975.7
ZMB,SVK,7167.647
ZMB,SWE,8376.296
ZMB,THA,8586.905
ZMB,TUR,6183.896
ZMB,USA,12399.13
ZMB,VNM,9393.863000000001
ZMB,YUG,6757.276
ZWE,AUS,11227.96
ZWE,BEL,8076.018
ZWE,BRA,8348.187
ZWE,CAN,12716.58
ZWE,CHE,7588.898
ZWE,CHN,10898.12
ZWE,CZE,7735.446
ZWE,DEU,8015.01
ZWE,ESP,7414.741
ZWE,FIN,8694.838
ZWE,FRA,7949.6759999999995
ZWE,GBR,8292.509
ZWE,HUN,7369.8240000000005
ZWE,IND,7167.757
ZWE,ITA,6915.104
ZWE,JPN,12826.9
ZWE,KOR,11725.41
ZWE,NLD,8210.55
ZWE,NOR,8846.312
ZWE,POL,7860.77
ZWE,ROM,6946.512
ZWE,RUS,8213.716
ZWE,SVK,7474.651
ZWE,SWE,8669.447
ZWE,THA,8393.07
ZWE,TUR,6431.728
ZWE,USA,12793.88
ZWE,VNM,9231.178
ZWE,YUG,7056.401999999999
