year,policy_scenario,destination_iso3,Hydro,Direct,Pyro,destination_recovered_lithium_t,destination_scrap_t,dominant_technology,direct_capable_observed,hydro_dominated_observed,reference_destination_recovered_lithium_t,reference_destination_scrap_t,reference_dominant_technology,reference_direct_share_pct,reference_hydro_share_pct,reference_pyro_share_pct,destination_recovered_li_delta_vs_reference_t,destination_scrap_delta_vs_reference_t,shift_from_reference_direct_capable_to_current_hydro_dominated
2030,critical_route_policy,AUS,100.0,0.0,0.0,52.92292628445212,11000.0,Hydro,False,True,61.35681957939812,11000.0,Hydro,0.0,100.0,0.0,-8.433893294946003,0.0,False
2030,critical_route_policy,BEL,100.0,0.0,0.0,153.152142227672,9000.0,Hydro,False,True,216.40982368099384,9000.0,Hydro,0.0,100.0,0.0,-63.25768145332185,0.0,False
2030,critical_route_policy,BRA,100.0,0.0,0.0,330.7875,10000.0,Hydro,False,True,308.73500000000007,10000.0,Hydro,0.0,100.0,0.0,22.052499999999952,0.0,False
2030,critical_route_policy,CAN,100.0,0.0,0.0,1041.5591249780339,80824.34208789561,Hydro,False,True,1041.5591249780339,80824.34208789561,Hydro,0.0,100.0,0.0,0.0,0.0,False
2030,critical_route_policy,CHE,100.0,0.0,0.0,269.64575898247386,20923.953559190428,Hydro,False,True,269.64575898247386,20923.953559190428,Hydro,0.0,100.0,0.0,0.0,0.0,False
2030,critical_route_policy,CHN,100.0,0.0,0.0,32035.78327296675,1917796.717660539,Hydro,False,True,42967.51324564399,2674650.5734128556,Hydro,0.0,100.0,0.0,-10931.72997267724,-756853.8557523165,False
2030,critical_route_policy,CZE,0.0,0.0,0.0,0.0,1000.0,Direct,False,False,32.77269451035252,1000.0,Hydro,0.0,100.0,0.0,-32.77269451035252,0.0,False
2030,critical_route_policy,DEU,100.0,0.0,0.0,1561.6294799540951,185000.0,Hydro,False,True,2842.9576583425655,185000.0,Hydro,0.0,100.0,0.0,-1281.3281783884704,0.0,False
2030,critical_route_policy,ESP,100.0,0.0,0.0,1122.7730334508647,92000.0,Hydro,False,True,1367.1118706448422,92000.0,Hydro,0.0,100.0,0.0,-244.3388371939775,0.0,False
2030,critical_route_policy,FIN,100.0,0.0,0.0,103.87977562629041,7000.000000000002,Hydro,False,True,42.38381314502119,7000.0,Hydro,0.0,100.0,0.0,61.49596248126922,1.8189894035458565e-12,False
2030,critical_route_policy,FRA,100.0,0.0,0.0,1036.3150481628118,89000.0,Hydro,False,True,1712.2061493677375,89000.0,Hydro,0.0,100.0,0.0,-675.8911012049257,0.0,False
2030,critical_route_policy,GBR,100.0,0.0,0.0,1454.4082462971974,126999.99999999999,Hydro,False,True,1317.0492202965902,127000.0,Hydro,0.0,100.0,0.0,137.35902600060717,-1.4551915228366852e-11,False
2030,critical_route_policy,HUN,100.0,0.0,0.0,37.411274749114654,2734.2804273124434,Hydro,False,True,37.411274749114654,2734.280427312443,Hydro,0.0,100.0,0.0,0.0,4.547473508864641e-13,False
2030,critical_route_policy,IND,100.0,0.0,0.0,5408.915350957552,260000.0,Hydro,False,True,919.4742580956239,259999.99999999988,Hydro,0.0,100.0,0.0,4489.441092861928,1.1641532182693481e-10,False
2030,critical_route_policy,ITA,0.0,0.0,0.0,0.0,90000.0,Direct,False,False,2523.4082297266873,90000.0,Hydro,0.0,100.0,0.0,-2523.4082297266873,0.0,False
2030,critical_route_policy,JPN,100.0,0.0,0.0,808.7483760504771,37277.83372939973,Hydro,False,True,215.05715489486485,16683.11381789768,Hydro,0.0,100.0,0.0,593.6912211556122,20594.719911502052,False
2030,critical_route_policy,KOR,100.0,0.0,0.0,12144.60452684283,811565.0442615029,Hydro,False,True,970.4940797252937,75305.90842068812,Hydro,0.0,100.0,0.0,11174.110447117537,736259.1358408148,False
2030,critical_route_policy,NLD,100.0,0.0,0.0,566.5702002548845,28000.0,Hydro,False,True,192.6967459954844,28000.0,Hydro,0.0,100.0,0.0,373.8734542594001,0.0,False
2030,critical_route_policy,NOR,100.0,0.0,0.0,187.86808136517973,14563.628634489778,Hydro,False,True,187.86808136517973,14563.628634489778,Hydro,0.0,100.0,0.0,0.0,0.0,False
2030,critical_route_policy,POL,100.0,0.0,0.0,937.7771043525595,71000.0,Hydro,False,True,950.7489817980809,71000.0,Hydro,0.0,100.0,0.0,-12.971877445521386,0.0,False
2030,critical_route_policy,ROM,0.0,0.0,0.0,0.0,1000.0,Direct,False,False,24.085776114632854,1000.0,Hydro,0.0,100.0,0.0,-24.085776114632854,0.0,False
2030,critical_route_policy,RUS,100.0,0.0,0.0,115.36702711044575,48000.0,Hydro,False,True,642.7319365337598,48000.0,Hydro,0.0,100.0,0.0,-527.3649094233141,0.0,False
2030,critical_route_policy,SVK,100.0,0.0,0.0,29.200512818918682,1000.0,Hydro,False,True,30.449628599085102,1000.0,Hydro,0.0,100.0,0.0,-1.24911578016642,0.0,False
2030,critical_route_policy,SWE,100.0,0.0,0.0,489.1338298357177,35733.22133192576,Hydro,False,True,489.13382983571756,35733.22133192575,Hydro,0.0,100.0,0.0,1.1368683772161603e-13,7.275957614183426e-12,False
2030,critical_route_policy,THA,100.0,0.0,0.0,185.72632162195708,47999.99999999999,Hydro,False,True,729.3893729894518,48000.0,Hydro,0.0,100.0,0.0,-543.6630513674947,-7.275957614183426e-12,False
2030,critical_route_policy,TUR,100.0,0.0,0.0,49.936124107790874,10000.0,Hydro,False,True,49.936124107790874,10000.0,Hydro,0.0,100.0,0.0,0.0,0.0,False
2030,critical_route_policy,USA,100.0,0.0,0.0,6252.6435866509455,539000.0,Hydro,False,True,6344.43447194625,539000.0,Hydro,0.0,100.0,0.0,-91.79088529530418,0.0,False
2030,critical_route_policy,VNM,100.0,0.0,0.0,110.2625,5000.0,Hydro,False,True,0.0,5000.0,Direct,0.0,0.0,0.0,110.2625,0.0,False
2030,critical_route_policy,YUG,100.0,0.0,0.0,4.153942827247619,322.0265151822132,Hydro,False,True,4.153942827247618,322.0265151822132,Hydro,0.0,100.0,0.0,8.881784197001252e-16,0.0,False
2030,current_policy,AUS,100.0,0.0,0.0,62.558014169243314,11000.0,Hydro,False,True,61.35681957939812,11000.0,Hydro,0.0,100.0,0.0,1.2011945898451941,0.0,False
2030,current_policy,BEL,100.0,0.0,0.0,200.80288141151257,9000.0,Hydro,False,True,216.40982368099384,9000.0,Hydro,0.0,100.0,0.0,-15.606942269481266,0.0,False
2030,current_policy,BRA,100.0,0.0,0.0,242.5775,10000.0,Hydro,False,True,308.73500000000007,10000.0,Hydro,0.0,100.0,0.0,-66.15750000000008,0.0,False
2030,current_policy,CAN,100.0,0.0,0.0,1041.5591249780339,80824.34208789561,Hydro,False,True,1041.5591249780339,80824.34208789561,Hydro,0.0,100.0,0.0,0.0,0.0,False
2030,current_policy,CHE,100.0,0.0,0.0,269.64575898247386,20923.953559190428,Hydro,False,True,269.64575898247386,20923.953559190428,Hydro,0.0,100.0,0.0,0.0,0.0,False
2030,current_policy,CHN,100.0,0.0,0.0,32286.181515151173,2105944.679767106,Hydro,False,True,42967.51324564399,2674650.5734128556,Hydro,0.0,100.0,0.0,-10681.331730492817,-568705.8936457494,False
2030,current_policy,CZE,100.0,0.0,0.0,30.8735,1000.0,Hydro,False,True,32.77269451035252,1000.0,Hydro,0.0,100.0,0.0,-1.8991945103525225,0.0,False
2030,current_policy,DEU,100.0,0.0,0.0,1773.0422937023347,185000.00000000003,Hydro,False,True,2842.9576583425655,185000.0,Hydro,0.0,100.0,0.0,-1069.9153646402308,2.9103830456733704e-11,False
2030,current_policy,ESP,100.0,0.0,0.0,1365.8048994005521,92000.0,Hydro,False,True,1367.1118706448422,92000.0,Hydro,0.0,100.0,0.0,-1.3069712442900254,0.0,False
2030,current_policy,FIN,100.0,0.0,0.0,47.0010691896335,7000.0,Hydro,False,True,42.38381314502119,7000.0,Hydro,0.0,100.0,0.0,4.617256044612304,0.0,False
2030,current_policy,FRA,0.0,0.0,0.0,0.0,89000.0,Direct,False,False,1712.2061493677375,89000.0,Hydro,0.0,100.0,0.0,-1712.2061493677375,0.0,False
2030,current_policy,GBR,100.0,0.0,0.0,1892.4740654889915,127000.0,Hydro,False,True,1317.0492202965902,127000.0,Hydro,0.0,100.0,0.0,575.4248451924013,0.0,False
2030,current_policy,HUN,100.0,0.0,0.0,37.411274749114654,2734.2804273124434,Hydro,False,True,37.411274749114654,2734.280427312443,Hydro,0.0,100.0,0.0,0.0,4.547473508864641e-13,False
2030,current_policy,IND,100.0,0.0,0.0,5935.71681315189,259999.99999999988,Hydro,False,True,919.4742580956239,259999.99999999988,Hydro,0.0,100.0,0.0,5016.242555056267,0.0,False
2030,current_policy,ITA,100.0,0.0,0.0,824.0438986011947,90000.0,Hydro,False,True,2523.4082297266873,90000.0,Hydro,0.0,100.0,0.0,-1699.3643311254928,0.0,False
2030,current_policy,JPN,100.0,0.0,0.0,215.05715489486488,16683.11381789768,Hydro,False,True,215.05715489486485,16683.11381789768,Hydro,0.0,100.0,0.0,2.842170943040401e-14,0.0,False
2030,current_policy,KOR,100.0,0.0,0.0,10747.436305363895,644011.8020664377,Hydro,False,True,970.4940797252937,75305.90842068812,Hydro,0.0,100.0,0.0,9776.942225638602,568705.8936457495,False
2030,current_policy,NLD,100.0,0.0,0.0,604.4714368192326,28000.0,Hydro,False,True,192.6967459954844,28000.0,Hydro,0.0,100.0,0.0,411.7746908237482,0.0,False
2030,current_policy,NOR,100.0,0.0,0.0,187.86808136517973,14563.628634489778,Hydro,False,True,187.86808136517973,14563.628634489778,Hydro,0.0,100.0,0.0,0.0,0.0,False
2030,current_policy,POL,100.0,0.0,0.0,998.3125324316597,71000.0,Hydro,False,True,950.7489817980809,71000.0,Hydro,0.0,100.0,0.0,47.56355063357887,0.0,False
2030,current_policy,ROM,0.0,0.0,0.0,0.0,1000.0,Direct,False,False,24.085776114632854,1000.0,Hydro,0.0,100.0,0.0,-24.085776114632854,0.0,False
2030,current_policy,RUS,100.0,0.0,0.0,168.98144683960206,48000.000000000015,Hydro,False,True,642.7319365337598,48000.0,Hydro,0.0,100.0,0.0,-473.75048969415775,1.4551915228366852e-11,False
2030,current_policy,SVK,100.0,0.0,0.0,31.886808704814847,1000.0,Hydro,False,True,30.449628599085102,1000.0,Hydro,0.0,100.0,0.0,1.4371801057297446,0.0,False
2030,current_policy,SWE,100.0,0.0,0.0,489.13382983571756,35733.22133192576,Hydro,False,True,489.13382983571756,35733.22133192575,Hydro,0.0,100.0,0.0,0.0,7.275957614183426e-12,False
2030,current_policy,THA,100.0,0.0,0.0,543.5010554969111,47999.99999999999,Hydro,False,True,729.3893729894518,48000.0,Hydro,0.0,100.0,0.0,-185.88831749254064,-7.275957614183426e-12,False
2030,current_policy,TUR,100.0,0.0,0.0,35.98289297473923,10000.0,Hydro,False,True,49.936124107790874,10000.0,Hydro,0.0,100.0,0.0,-13.953231133051645,0.0,False
2030,current_policy,USA,100.0,0.0,0.0,6344.43447194625,539000.0,Hydro,False,True,6344.43447194625,539000.0,Hydro,0.0,100.0,0.0,0.0,0.0,False
2030,current_policy,VNM,100.0,0.0,0.0,110.2625,5000.0,Hydro,False,True,0.0,5000.0,Direct,0.0,0.0,0.0,110.2625,0.0,False
2030,current_policy,YUG,100.0,0.0,0.0,4.153942827247618,322.0265151822132,Hydro,False,True,4.153942827247618,322.0265151822132,Hydro,0.0,100.0,0.0,0.0,0.0,False
2030,reference_policy,AUS,100.0,0.0,0.0,61.35681957939812,11000.0,Hydro,False,True,61.35681957939812,11000.0,Hydro,0.0,100.0,0.0,0.0,0.0,False
2030,reference_policy,BEL,100.0,0.0,0.0,216.40982368099384,9000.0,Hydro,False,True,216.40982368099384,9000.0,Hydro,0.0,100.0,0.0,0.0,0.0,False
2030,reference_policy,BRA,100.0,0.0,0.0,308.73500000000007,10000.0,Hydro,False,True,308.73500000000007,10000.0,Hydro,0.0,100.0,0.0,0.0,0.0,False
2030,reference_policy,CAN,100.0,0.0,0.0,1041.5591249780339,80824.34208789561,Hydro,False,True,1041.5591249780339,80824.34208789561,Hydro,0.0,100.0,0.0,0.0,0.0,False
2030,reference_policy,CHE,100.0,0.0,0.0,269.64575898247386,20923.953559190428,Hydro,False,True,269.64575898247386,20923.953559190428,Hydro,0.0,100.0,0.0,0.0,0.0,False
2030,reference_policy,CHN,100.0,0.0,0.0,42967.51324564399,2674650.5734128556,Hydro,False,True,42967.51324564399,2674650.5734128556,Hydro,0.0,100.0,0.0,0.0,0.0,False
2030,reference_policy,CZE,100.0,0.0,0.0,32.77269451035252,1000.0,Hydro,False,True,32.77269451035252,1000.0,Hydro,0.0,100.0,0.0,0.0,0.0,False
2030,reference_policy,DEU,100.0,0.0,0.0,2842.9576583425655,185000.0,Hydro,False,True,2842.9576583425655,185000.0,Hydro,0.0,100.0,0.0,0.0,0.0,False
2030,reference_policy,ESP,100.0,0.0,0.0,1367.1118706448422,92000.0,Hydro,False,True,1367.1118706448422,92000.0,Hydro,0.0,100.0,0.0,0.0,0.0,False
2030,reference_policy,FIN,100.0,0.0,0.0,42.38381314502119,7000.0,Hydro,False,True,42.38381314502119,7000.0,Hydro,0.0,100.0,0.0,0.0,0.0,False
2030,reference_policy,FRA,100.0,0.0,0.0,1712.2061493677375,89000.0,Hydro,False,True,1712.2061493677375,89000.0,Hydro,0.0,100.0,0.0,0.0,0.0,False
2030,reference_policy,GBR,100.0,0.0,0.0,1317.0492202965902,127000.0,Hydro,False,True,1317.0492202965902,127000.0,Hydro,0.0,100.0,0.0,0.0,0.0,False
2030,reference_policy,HUN,100.0,0.0,0.0,37.411274749114654,2734.280427312443,Hydro,False,True,37.411274749114654,2734.280427312443,Hydro,0.0,100.0,0.0,0.0,0.0,False
2030,reference_policy,IND,100.0,0.0,0.0,919.4742580956239,259999.99999999988,Hydro,False,True,919.4742580956239,259999.99999999988,Hydro,0.0,100.0,0.0,0.0,0.0,False
2030,reference_policy,ITA,100.0,0.0,0.0,2523.4082297266873,90000.0,Hydro,False,True,2523.4082297266873,90000.0,Hydro,0.0,100.0,0.0,0.0,0.0,False
2030,reference_policy,JPN,100.0,0.0,0.0,215.05715489486485,16683.11381789768,Hydro,False,True,215.05715489486485,16683.11381789768,Hydro,0.0,100.0,0.0,0.0,0.0,False
2030,reference_policy,KOR,100.0,0.0,0.0,970.4940797252937,75305.90842068812,Hydro,False,True,970.4940797252937,75305.90842068812,Hydro,0.0,100.0,0.0,0.0,0.0,False
2030,reference_policy,NLD,100.0,0.0,0.0,192.6967459954844,28000.0,Hydro,False,True,192.6967459954844,28000.0,Hydro,0.0,100.0,0.0,0.0,0.0,False
2030,reference_policy,NOR,100.0,0.0,0.0,187.86808136517973,14563.628634489778,Hydro,False,True,187.86808136517973,14563.628634489778,Hydro,0.0,100.0,0.0,0.0,0.0,False
2030,reference_policy,POL,100.0,0.0,0.0,950.7489817980809,71000.0,Hydro,False,True,950.7489817980809,71000.0,Hydro,0.0,100.0,0.0,0.0,0.0,False
2030,reference_policy,ROM,100.0,0.0,0.0,24.085776114632854,1000.0,Hydro,False,True,24.085776114632854,1000.0,Hydro,0.0,100.0,0.0,0.0,0.0,False
2030,reference_policy,RUS,100.0,0.0,0.0,642.7319365337598,48000.0,Hydro,False,True,642.7319365337598,48000.0,Hydro,0.0,100.0,0.0,0.0,0.0,False
2030,reference_policy,SVK,100.0,0.0,0.0,30.449628599085102,1000.0,Hydro,False,True,30.449628599085102,1000.0,Hydro,0.0,100.0,0.0,0.0,0.0,False
2030,reference_policy,SWE,100.0,0.0,0.0,489.13382983571756,35733.22133192575,Hydro,False,True,489.13382983571756,35733.22133192575,Hydro,0.0,100.0,0.0,0.0,0.0,False
2030,reference_policy,THA,100.0,0.0,0.0,729.3893729894518,48000.0,Hydro,False,True,729.3893729894518,48000.0,Hydro,0.0,100.0,0.0,0.0,0.0,False
2030,reference_policy,TUR,100.0,0.0,0.0,49.936124107790874,10000.0,Hydro,False,True,49.936124107790874,10000.0,Hydro,0.0,100.0,0.0,0.0,0.0,False
2030,reference_policy,USA,100.0,0.0,0.0,6344.43447194625,539000.0,Hydro,False,True,6344.43447194625,539000.0,Hydro,0.0,100.0,0.0,0.0,0.0,False
2030,reference_policy,VNM,0.0,0.0,0.0,0.0,5000.0,Direct,False,False,0.0,5000.0,Direct,0.0,0.0,0.0,0.0,0.0,False
2030,reference_policy,YUG,100.0,0.0,0.0,4.153942827247618,322.0265151822132,Hydro,False,True,4.153942827247618,322.0265151822132,Hydro,0.0,100.0,0.0,0.0,0.0,False
2030,route_access_open,AUS,100.0,0.0,0.0,151.67355260381453,11000.0,Hydro,False,True,61.35681957939812,11000.0,Hydro,0.0,100.0,0.0,90.31673302441641,0.0,False
2030,route_access_open,BEL,100.0,0.0,0.0,153.62919079751546,9000.0,Hydro,False,True,216.40982368099384,9000.0,Hydro,0.0,100.0,0.0,-62.780632883478376,0.0,False
2030,route_access_open,BRA,100.0,0.0,0.0,198.1465072990229,10000.0,Hydro,False,True,308.73500000000007,10000.0,Hydro,0.0,100.0,0.0,-110.58849270097718,0.0,False
2030,route_access_open,CAN,100.0,0.0,0.0,1041.5591249780339,80824.34208789561,Hydro,False,True,1041.5591249780339,80824.34208789561,Hydro,0.0,100.0,0.0,0.0,0.0,False
2030,route_access_open,CHE,100.0,0.0,0.0,269.64575898247386,20923.953559190428,Hydro,False,True,269.64575898247386,20923.953559190428,Hydro,0.0,100.0,0.0,0.0,0.0,False
2030,route_access_open,CHN,100.0,0.0,0.0,37852.99787778198,2674650.573412856,Hydro,False,True,42967.51324564399,2674650.5734128556,Hydro,0.0,100.0,0.0,-5114.515367862012,4.656612873077393e-10,False
2030,route_access_open,CZE,100.0,0.0,0.0,30.8735,1000.0,Hydro,False,True,32.77269451035252,1000.0,Hydro,0.0,100.0,0.0,-1.8991945103525225,0.0,False
2030,route_access_open,DEU,100.0,0.0,0.0,1773.0422937023347,185000.00000000003,Hydro,False,True,2842.9576583425655,185000.0,Hydro,0.0,100.0,0.0,-1069.9153646402308,2.9103830456733704e-11,False
2030,route_access_open,ESP,100.0,0.0,0.0,1105.3202593655803,91999.99999999999,Hydro,False,True,1367.1118706448422,92000.0,Hydro,0.0,100.0,0.0,-261.7916112792618,-1.4551915228366852e-11,False
2030,route_access_open,FIN,100.0,0.0,0.0,54.820415712925666,7000.0,Hydro,False,True,42.38381314502119,7000.0,Hydro,0.0,100.0,0.0,12.436602567904472,0.0,False
2030,route_access_open,FRA,100.0,0.0,0.0,2446.613838576117,89000.0,Hydro,False,True,1712.2061493677375,89000.0,Hydro,0.0,100.0,0.0,734.4076892083795,0.0,False
2030,route_access_open,GBR,100.0,0.0,0.0,1892.4740654889915,127000.0,Hydro,False,True,1317.0492202965902,127000.0,Hydro,0.0,100.0,0.0,575.4248451924013,0.0,False
2030,route_access_open,HUN,100.0,0.0,0.0,37.411274749114654,2734.2804273124434,Hydro,False,True,37.411274749114654,2734.280427312443,Hydro,0.0,100.0,0.0,0.0,4.547473508864641e-13,False
2030,route_access_open,IND,100.0,0.0,0.0,5792.9893105806295,259999.99999999983,Hydro,False,True,919.4742580956239,259999.99999999988,Hydro,0.0,100.0,0.0,4873.515052485006,-5.820766091346741e-11,False
2030,route_access_open,ITA,100.0,0.0,0.0,2394.2337070031303,90000.0,Hydro,False,True,2523.4082297266873,90000.0,Hydro,0.0,100.0,0.0,-129.17452272355695,0.0,False
2030,route_access_open,JPN,100.0,0.0,0.0,215.05715489486488,16683.11381789768,Hydro,False,True,215.05715489486485,16683.11381789768,Hydro,0.0,100.0,0.0,2.842170943040401e-14,0.0,False
2030,route_access_open,KOR,100.0,0.0,0.0,970.4940797252937,75305.90842068812,Hydro,False,True,970.4940797252937,75305.90842068812,Hydro,0.0,100.0,0.0,0.0,0.0,False
2030,route_access_open,NLD,100.0,0.0,0.0,605.0224316273309,28000.0,Hydro,False,True,192.6967459954844,28000.0,Hydro,0.0,100.0,0.0,412.32568563184645,0.0,False
2030,route_access_open,NOR,100.0,0.0,0.0,187.86808136517973,14563.628634489778,Hydro,False,True,187.86808136517973,14563.628634489778,Hydro,0.0,100.0,0.0,0.0,0.0,False
2030,route_access_open,POL,100.0,0.0,0.0,998.3125324316597,71000.0,Hydro,False,True,950.7489817980809,71000.0,Hydro,0.0,100.0,0.0,47.56355063357887,0.0,False
2030,route_access_open,ROM,100.0,0.0,0.0,22.413206688787106,1000.0,Hydro,False,True,24.085776114632854,1000.0,Hydro,0.0,100.0,0.0,-1.6725694258457473,0.0,False
2030,route_access_open,RUS,100.0,0.0,0.0,608.3142311770783,48000.0,Hydro,False,True,642.7319365337598,48000.0,Hydro,0.0,100.0,0.0,-34.417705356681495,0.0,False
2030,route_access_open,SVK,100.0,0.0,0.0,22.610162393693777,1000.0,Hydro,False,True,30.449628599085102,1000.0,Hydro,0.0,100.0,0.0,-7.839466205391325,0.0,False
2030,route_access_open,SWE,100.0,0.0,0.0,489.1338298357177,35733.22133192576,Hydro,False,True,489.13382983571756,35733.22133192575,Hydro,0.0,100.0,0.0,1.1368683772161603e-13,7.275957614183426e-12,False
2030,route_access_open,THA,100.0,0.0,0.0,714.0695664715677,48000.0,Hydro,False,True,729.3893729894518,48000.0,Hydro,0.0,100.0,0.0,-15.319806517884103,0.0,False
2030,route_access_open,TUR,100.0,0.0,0.0,95.38908476523659,10000.0,Hydro,False,True,49.936124107790874,10000.0,Hydro,0.0,100.0,0.0,45.452960657445715,0.0,False
2030,route_access_open,USA,100.0,0.0,0.0,6252.6435866509455,539000.0,Hydro,False,True,6344.43447194625,539000.0,Hydro,0.0,100.0,0.0,-91.79088529530418,0.0,False
2030,route_access_open,VNM,100.0,0.0,0.0,110.2625,5000.0,Hydro,False,True,0.0,5000.0,Direct,0.0,0.0,0.0,110.2625,0.0,False
2030,route_access_open,YUG,100.0,0.0,0.0,4.153942827247618,322.0265151822132,Hydro,False,True,4.153942827247618,322.0265151822132,Hydro,0.0,100.0,0.0,0.0,0.0,False
2030,strict_policy,AUS,100.0,0.0,0.0,105.27761248216343,11000.0,Hydro,False,True,61.35681957939812,11000.0,Hydro,0.0,100.0,0.0,43.920792902765314,0.0,False
2030,strict_policy,BEL,0.0,0.0,0.0,0.0,9000.0,Direct,False,False,216.40982368099384,9000.0,Hydro,0.0,100.0,0.0,-216.40982368099384,0.0,False
2030,strict_policy,BRA,100.0,0.0,0.0,220.525,10000.0,Hydro,False,True,308.73500000000007,10000.0,Hydro,0.0,100.0,0.0,-88.21000000000006,0.0,False
2030,strict_policy,CAN,100.0,0.0,0.0,1041.5591249780339,80824.34208789561,Hydro,False,True,1041.5591249780339,80824.34208789561,Hydro,0.0,100.0,0.0,0.0,0.0,False
2030,strict_policy,CHE,100.0,0.0,0.0,269.64575898247386,20923.953559190428,Hydro,False,True,269.64575898247386,20923.953559190428,Hydro,0.0,100.0,0.0,0.0,0.0,False
2030,strict_policy,CHN,100.0,0.0,0.0,30732.050206555345,1815439.5866677614,Hydro,False,True,42967.51324564399,2674650.5734128556,Hydro,0.0,100.0,0.0,-12235.463039088645,-859210.9867450942,False
2030,strict_policy,CZE,100.0,0.0,0.0,22.0525,1000.0,Hydro,False,True,32.77269451035252,1000.0,Hydro,0.0,100.0,0.0,-10.720194510352524,0.0,False
2030,strict_policy,DEU,100.0,0.0,0.0,1162.221283885092,185000.0,Hydro,False,True,2842.9576583425655,185000.0,Hydro,0.0,100.0,0.0,-1680.7363744574736,0.0,False
2030,strict_policy,ESP,100.0,0.0,0.0,1192.584129792001,92000.0,Hydro,False,True,1367.1118706448422,92000.0,Hydro,0.0,100.0,0.0,-174.52774085284113,0.0,False
2030,strict_policy,FIN,100.0,0.0,0.0,42.83491937767558,7000.000000000001,Hydro,False,True,42.38381314502119,7000.0,Hydro,0.0,100.0,0.0,0.4511062326543893,9.094947017729282e-13,False
2030,strict_policy,FRA,100.0,0.0,0.0,2352.4861932145127,89000.0,Hydro,False,True,1712.2061493677375,89000.0,Hydro,0.0,100.0,0.0,640.2800438467752,0.0,False
2030,strict_policy,GBR,100.0,0.0,0.0,1381.3129043854326,127000.0,Hydro,False,True,1317.0492202965902,127000.0,Hydro,0.0,100.0,0.0,64.26368408884241,0.0,False
2030,strict_policy,HUN,100.0,0.0,0.0,37.411274749114654,2734.2804273124434,Hydro,False,True,37.411274749114654,2734.280427312443,Hydro,0.0,100.0,0.0,0.0,4.547473508864641e-13,False
2030,strict_policy,IND,100.0,0.0,0.0,4053.1929501704103,259999.9999999999,Hydro,False,True,919.4742580956239,259999.99999999988,Hydro,0.0,100.0,0.0,3133.7186920747863,2.9103830456733704e-11,False
2030,strict_policy,ITA,100.0,0.0,0.0,1253.4161998146938,90000.0,Hydro,False,True,2523.4082297266873,90000.0,Hydro,0.0,100.0,0.0,-1269.9920299119935,0.0,False
2030,strict_policy,JPN,100.0,0.0,0.0,1145.949867110802,131200.00898368037,Hydro,False,True,215.05715489486485,16683.11381789768,Hydro,0.0,100.0,0.0,930.8927122159371,114516.89516578268,False
2030,strict_policy,KOR,100.0,0.0,0.0,11068.677514009629,819999.9999999999,Hydro,False,True,970.4940797252937,75305.90842068812,Hydro,0.0,100.0,0.0,10098.183434284336,744694.0915793118,False
2030,strict_policy,NLD,100.0,0.0,0.0,180.97654885238057,28000.0,Hydro,False,True,192.6967459954844,28000.0,Hydro,0.0,100.0,0.0,-11.720197143103832,0.0,False
2030,strict_policy,NOR,100.0,0.0,0.0,187.86808136517976,14563.628634489778,Hydro,False,True,187.86808136517973,14563.628634489778,Hydro,0.0,100.0,0.0,2.842170943040401e-14,0.0,False
2030,strict_policy,POL,100.0,0.0,0.0,998.3125324316597,71000.0,Hydro,False,True,950.7489817980809,71000.0,Hydro,0.0,100.0,0.0,47.56355063357887,0.0,False
2030,strict_policy,ROM,100.0,0.0,0.0,24.202342704624247,1000.0,Hydro,False,True,24.085776114632854,1000.0,Hydro,0.0,100.0,0.0,0.11656658999139324,0.0,False
2030,strict_policy,RUS,100.0,0.0,0.0,889.1944244749253,48000.00000000001,Hydro,False,True,642.7319365337598,48000.0,Hydro,0.0,100.0,0.0,246.46248794116548,7.275957614183426e-12,False
2030,strict_policy,SVK,0.0,0.0,0.0,0.0,1000.0,Direct,False,False,30.449628599085102,1000.0,Hydro,0.0,100.0,0.0,-30.449628599085102,0.0,False
2030,strict_policy,SWE,100.0,0.0,0.0,489.1338298357177,35733.22133192576,Hydro,False,True,489.13382983571756,35733.22133192575,Hydro,0.0,100.0,0.0,1.1368683772161603e-13,7.275957614183426e-12,False
2030,strict_policy,THA,100.0,0.0,0.0,797.7949031841611,48000.0,Hydro,False,True,729.3893729894518,48000.0,Hydro,0.0,100.0,0.0,68.40553019470929,0.0,False
2030,strict_policy,TUR,100.0,0.0,0.0,157.33997193062157,10000.0,Hydro,False,True,49.936124107790874,10000.0,Hydro,0.0,100.0,0.0,107.4038478228307,0.0,False
2030,strict_policy,USA,100.0,0.0,0.0,6681.0010513623665,539000.0,Hydro,False,True,6344.43447194625,539000.0,Hydro,0.0,100.0,0.0,336.56657941611684,0.0,False
2030,strict_policy,VNM,0.0,0.0,0.0,0.0,5000.0,Direct,False,False,0.0,5000.0,Direct,0.0,0.0,0.0,0.0,0.0,False
2030,strict_policy,YUG,100.0,0.0,0.0,4.153942827247618,322.0265151822132,Hydro,False,True,4.153942827247618,322.0265151822132,Hydro,0.0,100.0,0.0,0.0,0.0,False
2040,critical_route_policy,AUS,100.0,0.0,0.0,1562.0507491814901,116655.39146521644,Hydro,False,True,1562.0507491814906,116655.39146521644,Hydro,0.0,100.0,0.0,-4.547473508864641e-13,0.0,False
2040,critical_route_policy,BEL,100.0,0.0,0.0,670.346745177979,47156.99191770065,Hydro,False,True,670.3467451779791,47156.99191770066,Hydro,0.0,100.0,0.0,-1.1368683772161603e-13,-7.275957614183426e-12,False
2040,critical_route_policy,BRA,0.0,0.0,0.0,0.0,95625.28779139444,Direct,False,False,2191.253469739804,95625.28779139444,Hydro,0.0,100.0,0.0,-2191.253469739804,0.0,False
2040,critical_route_policy,CAN,100.0,0.0,0.0,15339.867786995093,1145595.4605979314,Hydro,False,True,15339.867786995092,1145595.4605979314,Hydro,0.0,100.0,0.0,1.8189894035458565e-12,0.0,False
2040,critical_route_policy,CHE,100.0,0.0,0.0,424.372768314959,31695.778878448138,Hydro,False,True,424.372768314959,31695.778878448138,Hydro,0.0,100.0,0.0,0.0,0.0,False
2040,critical_route_policy,CHN,100.0,0.0,0.0,351485.12425155216,20651975.833895076,Hydro,False,True,435805.68562057405,26487783.10987564,Hydro,0.0,100.0,0.0,-84320.56136902189,-5835807.275980566,False
2040,critical_route_policy,CZE,100.0,0.0,0.0,240.3069738541898,9562.528779139444,Hydro,False,True,328.6880204609705,9562.528779139444,Hydro,0.0,100.0,0.0,-88.3810466067807,0.0,False
2040,critical_route_policy,DEU,100.0,0.0,0.0,4460.708352185689,313785.0045035479,Hydro,False,True,4460.708352185689,313785.0045035479,Hydro,0.0,100.0,0.0,0.0,0.0,False
2040,critical_route_policy,ESP,100.0,0.0,0.0,2341.844890685389,164730.8693416901,Hydro,False,True,2341.844890685389,164730.8693416901,Hydro,0.0,100.0,0.0,0.0,0.0,False
2040,critical_route_policy,FIN,100.0,0.0,0.0,591.61995119636,41615.975925611725,Hydro,False,True,591.6199511963601,41615.975925611725,Hydro,0.0,100.0,0.0,-1.1368683772161603e-13,0.0,False
2040,critical_route_policy,FRA,100.0,0.0,0.0,3620.155444448098,254663.73861082748,Hydro,False,True,3620.1554444480985,254663.73861082748,Hydro,0.0,100.0,0.0,-4.547473508864641e-13,0.0,False
2040,critical_route_policy,GBR,100.0,0.0,0.0,3340.417398647268,249487.60802103434,Hydro,False,True,3340.4173986472683,249487.60802103434,Hydro,0.0,100.0,0.0,-4.547473508864641e-13,0.0,False
2040,critical_route_policy,HUN,100.0,0.0,0.0,618.0963489551326,43477.134196626954,Hydro,False,True,618.0963489551328,43477.13419662696,Hydro,0.0,100.0,0.0,-2.2737367544323206e-13,-7.275957614183426e-12,False
2040,critical_route_policy,IND,100.0,0.0,0.0,77172.63751656938,5871392.670391617,Hydro,False,True,76824.20603473557,5871392.670391617,Hydro,0.0,100.0,0.0,348.43148183380254,0.0,False
2040,critical_route_policy,ITA,100.0,0.0,0.0,2812.768801568557,197854.5289553171,Hydro,False,True,2812.768801568557,197854.5289553171,Hydro,0.0,100.0,0.0,0.0,0.0,False
2040,critical_route_policy,JPN,100.0,0.0,0.0,10422.881545883203,432151.226656404,Hydro,False,True,1318.0734718492229,98447.84155570791,Hydro,0.0,100.0,0.0,9104.808074033981,333703.38510069606,False
2040,critical_route_policy,KOR,100.0,0.0,0.0,75538.63349458342,5663523.106692288,Hydro,False,True,2161.397694205358,161419.21581241902,Hydro,0.0,100.0,0.0,73377.23580037807,5502103.890879869,False
2040,critical_route_policy,NLD,100.0,0.0,0.0,1024.432599525441,72072.28753755771,Hydro,False,True,1024.432599525441,72072.28753755771,Hydro,0.0,100.0,0.0,0.0,0.0,False
2040,critical_route_policy,NOR,100.0,0.0,0.0,289.0297564717278,21610.904015367058,Hydro,False,True,289.0297564717278,21610.904015367058,Hydro,0.0,100.0,0.0,0.0,0.0,False
2040,critical_route_policy,POL,100.0,0.0,0.0,2012.0739578602727,141532.5852294567,Hydro,False,True,2012.073957860272,141532.58522945666,Hydro,0.0,100.0,0.0,6.821210263296962e-13,2.9103830456733704e-11,False
2040,critical_route_policy,ROM,100.0,0.0,0.0,241.0378816713784,9562.528779139444,Hydro,False,True,325.81302178612486,9562.528779139444,Hydro,0.0,100.0,0.0,-84.77514011474648,0.0,False
2040,critical_route_policy,RUS,100.0,0.0,0.0,11099.62351645731,564189.1979692272,Hydro,False,True,7867.663641361482,564189.1979692271,Hydro,0.0,100.0,0.0,3231.9598750958276,1.1641532182693481e-10,False
2040,critical_route_policy,SVK,100.0,0.0,0.0,272.5356201453733,9562.528779139444,Hydro,False,True,267.91639078235687,9562.528779139444,Hydro,0.0,100.0,0.0,4.619229363016416,0.0,False
2040,critical_route_policy,SWE,100.0,0.0,0.0,673.7614629371761,47400.1552933355,Hydro,False,True,673.7614629371761,47400.1552933355,Hydro,0.0,100.0,0.0,0.0,0.0,False
2040,critical_route_policy,THA,100.0,0.0,0.0,7138.200481726305,564189.1979692271,Hydro,False,True,7555.760921220315,564189.1979692272,Hydro,0.0,100.0,0.0,-417.5604394940101,-1.1641532182693481e-10,False
2040,critical_route_policy,TUR,100.0,0.0,0.0,2201.6591367556725,95625.28779139445,Hydro,False,True,1181.9946835337967,95625.28779139445,Hydro,0.0,100.0,0.0,1019.6644532218759,0.0,False
2040,critical_route_policy,USA,100.0,0.0,0.0,82861.90240029691,7057146.23900491,Hydro,False,True,82861.87004451067,7057146.239004909,Hydro,0.0,100.0,0.0,0.03235578624298796,9.313225746154785e-10,False
2040,critical_route_policy,VNM,100.0,0.0,0.0,882.5763815193869,57375.17267483666,Hydro,False,True,866.7961862549456,57375.17267483666,Hydro,0.0,100.0,0.0,15.780195264441318,0.0,False
2040,critical_route_policy,YUG,100.0,0.0,0.0,36.57371832905679,2731.4005119115573,Hydro,False,True,36.57371832905679,2731.4005119115573,Hydro,0.0,100.0,0.0,0.0,0.0,False
2040,current_policy,AUS,100.0,0.0,0.0,1562.0507491814901,116655.39146521644,Hydro,False,True,1562.0507491814906,116655.39146521644,Hydro,0.0,100.0,0.0,-4.547473508864641e-13,0.0,False
2040,current_policy,BEL,100.0,0.0,0.0,670.346745177979,47156.99191770065,Hydro,False,True,670.3467451779791,47156.99191770066,Hydro,0.0,100.0,0.0,-1.1368683772161603e-13,-7.275957614183426e-12,False
2040,current_policy,BRA,100.0,0.0,0.0,2191.253469739804,95625.28779139444,Hydro,False,True,2191.253469739804,95625.28779139444,Hydro,0.0,100.0,0.0,0.0,0.0,False
2040,current_policy,CAN,100.0,0.0,0.0,15339.867786995095,1145595.4605979314,Hydro,False,True,15339.867786995092,1145595.4605979314,Hydro,0.0,100.0,0.0,3.637978807091713e-12,0.0,False
2040,current_policy,CHE,100.0,0.0,0.0,424.372768314959,31695.778878448138,Hydro,False,True,424.372768314959,31695.778878448138,Hydro,0.0,100.0,0.0,0.0,0.0,False
2040,current_policy,CHN,100.0,0.0,0.0,424825.38703929156,25718585.68551526,Hydro,False,True,435805.68562057405,26487783.10987564,Hydro,0.0,100.0,0.0,-10980.298581282492,-769197.4243603833,False
2040,current_policy,CZE,100.0,0.0,0.0,284.86295106617445,9562.528779139444,Hydro,False,True,328.6880204609705,9562.528779139444,Hydro,0.0,100.0,0.0,-43.82506939479606,0.0,False
2040,current_policy,DEU,100.0,0.0,0.0,4460.708352185689,313785.0045035479,Hydro,False,True,4460.708352185689,313785.0045035479,Hydro,0.0,100.0,0.0,0.0,0.0,False
2040,current_policy,ESP,100.0,0.0,0.0,2341.844890685389,164730.8693416901,Hydro,False,True,2341.844890685389,164730.8693416901,Hydro,0.0,100.0,0.0,0.0,0.0,False
2040,current_policy,FIN,100.0,0.0,0.0,591.61995119636,41615.975925611725,Hydro,False,True,591.6199511963601,41615.975925611725,Hydro,0.0,100.0,0.0,-1.1368683772161603e-13,0.0,False
2040,current_policy,FRA,100.0,0.0,0.0,3620.155444448098,254663.73861082748,Hydro,False,True,3620.1554444480985,254663.73861082748,Hydro,0.0,100.0,0.0,-4.547473508864641e-13,0.0,False
2040,current_policy,GBR,100.0,0.0,0.0,3340.417398647268,249487.60802103434,Hydro,False,True,3340.4173986472683,249487.60802103434,Hydro,0.0,100.0,0.0,-4.547473508864641e-13,0.0,False
2040,current_policy,HUN,100.0,0.0,0.0,618.0963489551326,43477.134196626954,Hydro,False,True,618.0963489551328,43477.13419662696,Hydro,0.0,100.0,0.0,-2.2737367544323206e-13,-7.275957614183426e-12,False
2040,current_policy,IND,100.0,0.0,0.0,75778.91158923425,5871392.670391617,Hydro,False,True,76824.20603473557,5871392.670391617,Hydro,0.0,100.0,0.0,-1045.2944455013203,0.0,False
2040,current_policy,ITA,100.0,0.0,0.0,2812.768801568557,197854.5289553171,Hydro,False,True,2812.768801568557,197854.5289553171,Hydro,0.0,100.0,0.0,0.0,0.0,False
2040,current_policy,JPN,100.0,0.0,0.0,1318.073471849223,98447.84155570791,Hydro,False,True,1318.0734718492229,98447.84155570791,Hydro,0.0,100.0,0.0,2.2737367544323206e-13,0.0,False
2040,current_policy,KOR,100.0,0.0,0.0,15411.540169208594,930616.6401728035,Hydro,False,True,2161.397694205358,161419.21581241902,Hydro,0.0,100.0,0.0,13250.142475003237,769197.4243603845,False
2040,current_policy,NLD,100.0,0.0,0.0,1024.432599525441,72072.28753755771,Hydro,False,True,1024.432599525441,72072.28753755771,Hydro,0.0,100.0,0.0,0.0,0.0,False
2040,current_policy,NOR,100.0,0.0,0.0,289.0297564717278,21610.904015367058,Hydro,False,True,289.0297564717278,21610.904015367058,Hydro,0.0,100.0,0.0,0.0,0.0,False
2040,current_policy,POL,100.0,0.0,0.0,2012.0739578602727,141532.5852294567,Hydro,False,True,2012.073957860272,141532.58522945666,Hydro,0.0,100.0,0.0,6.821210263296962e-13,2.9103830456733704e-11,False
2040,current_policy,ROM,100.0,0.0,0.0,240.4628819364093,9562.528779139444,Hydro,False,True,325.81302178612486,9562.528779139444,Hydro,0.0,100.0,0.0,-85.35013984971556,0.0,False
2040,current_policy,RUS,100.0,0.0,0.0,4480.257239926093,564189.1979692274,Hydro,False,True,7867.663641361482,564189.1979692271,Hydro,0.0,100.0,0.0,-3387.40640143539,3.4924596548080444e-10,False
2040,current_policy,SVK,0.0,0.0,0.0,0.0,9562.528779139444,Direct,False,False,267.91639078235687,9562.528779139444,Hydro,0.0,100.0,0.0,-267.91639078235687,0.0,False
2040,current_policy,SWE,100.0,0.0,0.0,673.7614629371761,47400.1552933355,Hydro,False,True,673.7614629371761,47400.1552933355,Hydro,0.0,100.0,0.0,0.0,0.0,False
2040,current_policy,THA,100.0,0.0,0.0,7555.339207616429,564189.1979692272,Hydro,False,True,7555.760921220315,564189.1979692272,Hydro,0.0,100.0,0.0,-0.421713603886019,0.0,False
2040,current_policy,TUR,100.0,0.0,0.0,1181.9946835337967,95625.28779139445,Hydro,False,True,1181.9946835337967,95625.28779139445,Hydro,0.0,100.0,0.0,0.0,0.0,False
2040,current_policy,USA,100.0,0.0,0.0,85896.81685445076,7057146.23900491,Hydro,False,True,82861.87004451067,7057146.239004909,Hydro,0.0,100.0,0.0,3034.9468099400983,9.313225746154785e-10,False
2040,current_policy,VNM,100.0,0.0,0.0,392.2196431615938,57375.172674836664,Hydro,False,True,866.7961862549456,57375.17267483666,Hydro,0.0,100.0,0.0,-474.5765430933518,7.275957614183426e-12,False
2040,current_policy,YUG,100.0,0.0,0.0,36.57371832905679,2731.4005119115573,Hydro,False,True,36.57371832905679,2731.4005119115573,Hydro,0.0,100.0,0.0,0.0,0.0,False
2040,reference_policy,AUS,100.0,0.0,0.0,1562.0507491814906,116655.39146521644,Hydro,False,True,1562.0507491814906,116655.39146521644,Hydro,0.0,100.0,0.0,0.0,0.0,False
2040,reference_policy,BEL,100.0,0.0,0.0,670.3467451779791,47156.99191770066,Hydro,False,True,670.3467451779791,47156.99191770066,Hydro,0.0,100.0,0.0,0.0,0.0,False
2040,reference_policy,BRA,100.0,0.0,0.0,2191.253469739804,95625.28779139444,Hydro,False,True,2191.253469739804,95625.28779139444,Hydro,0.0,100.0,0.0,0.0,0.0,False
2040,reference_policy,CAN,100.0,0.0,0.0,15339.867786995092,1145595.4605979314,Hydro,False,True,15339.867786995092,1145595.4605979314,Hydro,0.0,100.0,0.0,0.0,0.0,False
2040,reference_policy,CHE,100.0,0.0,0.0,424.372768314959,31695.778878448138,Hydro,False,True,424.372768314959,31695.778878448138,Hydro,0.0,100.0,0.0,0.0,0.0,False
2040,reference_policy,CHN,100.0,0.0,0.0,435805.68562057405,26487783.10987564,Hydro,False,True,435805.68562057405,26487783.10987564,Hydro,0.0,100.0,0.0,0.0,0.0,False
2040,reference_policy,CZE,100.0,0.0,0.0,328.6880204609705,9562.528779139444,Hydro,False,True,328.6880204609705,9562.528779139444,Hydro,0.0,100.0,0.0,0.0,0.0,False
2040,reference_policy,DEU,100.0,0.0,0.0,4460.708352185689,313785.0045035479,Hydro,False,True,4460.708352185689,313785.0045035479,Hydro,0.0,100.0,0.0,0.0,0.0,False
2040,reference_policy,ESP,100.0,0.0,0.0,2341.844890685389,164730.8693416901,Hydro,False,True,2341.844890685389,164730.8693416901,Hydro,0.0,100.0,0.0,0.0,0.0,False
2040,reference_policy,FIN,100.0,0.0,0.0,591.6199511963601,41615.975925611725,Hydro,False,True,591.6199511963601,41615.975925611725,Hydro,0.0,100.0,0.0,0.0,0.0,False
2040,reference_policy,FRA,100.0,0.0,0.0,3620.1554444480985,254663.73861082748,Hydro,False,True,3620.1554444480985,254663.73861082748,Hydro,0.0,100.0,0.0,0.0,0.0,False
2040,reference_policy,GBR,100.0,0.0,0.0,3340.4173986472683,249487.60802103434,Hydro,False,True,3340.4173986472683,249487.60802103434,Hydro,0.0,100.0,0.0,0.0,0.0,False
2040,reference_policy,HUN,100.0,0.0,0.0,618.0963489551328,43477.13419662696,Hydro,False,True,618.0963489551328,43477.13419662696,Hydro,0.0,100.0,0.0,0.0,0.0,False
2040,reference_policy,IND,100.0,0.0,0.0,76824.20603473557,5871392.670391617,Hydro,False,True,76824.20603473557,5871392.670391617,Hydro,0.0,100.0,0.0,0.0,0.0,False
2040,reference_policy,ITA,100.0,0.0,0.0,2812.768801568557,197854.5289553171,Hydro,False,True,2812.768801568557,197854.5289553171,Hydro,0.0,100.0,0.0,0.0,0.0,False
2040,reference_policy,JPN,100.0,0.0,0.0,1318.0734718492229,98447.84155570791,Hydro,False,True,1318.0734718492229,98447.84155570791,Hydro,0.0,100.0,0.0,0.0,0.0,False
2040,reference_policy,KOR,100.0,0.0,0.0,2161.397694205358,161419.21581241902,Hydro,False,True,2161.397694205358,161419.21581241902,Hydro,0.0,100.0,0.0,0.0,0.0,False
2040,reference_policy,NLD,100.0,0.0,0.0,1024.432599525441,72072.28753755771,Hydro,False,True,1024.432599525441,72072.28753755771,Hydro,0.0,100.0,0.0,0.0,0.0,False
2040,reference_policy,NOR,100.0,0.0,0.0,289.0297564717278,21610.904015367058,Hydro,False,True,289.0297564717278,21610.904015367058,Hydro,0.0,100.0,0.0,0.0,0.0,False
2040,reference_policy,POL,100.0,0.0,0.0,2012.073957860272,141532.58522945666,Hydro,False,True,2012.073957860272,141532.58522945666,Hydro,0.0,100.0,0.0,0.0,0.0,False
2040,reference_policy,ROM,100.0,0.0,0.0,325.81302178612486,9562.528779139444,Hydro,False,True,325.81302178612486,9562.528779139444,Hydro,0.0,100.0,0.0,0.0,0.0,False
2040,reference_policy,RUS,100.0,0.0,0.0,7867.663641361482,564189.1979692271,Hydro,False,True,7867.663641361482,564189.1979692271,Hydro,0.0,100.0,0.0,0.0,0.0,False
2040,reference_policy,SVK,100.0,0.0,0.0,267.91639078235687,9562.528779139444,Hydro,False,True,267.91639078235687,9562.528779139444,Hydro,0.0,100.0,0.0,0.0,0.0,False
2040,reference_policy,SWE,100.0,0.0,0.0,673.7614629371761,47400.1552933355,Hydro,False,True,673.7614629371761,47400.1552933355,Hydro,0.0,100.0,0.0,0.0,0.0,False
2040,reference_policy,THA,100.0,0.0,0.0,7555.760921220315,564189.1979692272,Hydro,False,True,7555.760921220315,564189.1979692272,Hydro,0.0,100.0,0.0,0.0,0.0,False
2040,reference_policy,TUR,100.0,0.0,0.0,1181.9946835337967,95625.28779139445,Hydro,False,True,1181.9946835337967,95625.28779139445,Hydro,0.0,100.0,0.0,0.0,0.0,False
2040,reference_policy,USA,100.0,0.0,0.0,82861.87004451067,7057146.239004909,Hydro,False,True,82861.87004451067,7057146.239004909,Hydro,0.0,100.0,0.0,0.0,0.0,False
2040,reference_policy,VNM,100.0,0.0,0.0,866.7961862549456,57375.17267483666,Hydro,False,True,866.7961862549456,57375.17267483666,Hydro,0.0,100.0,0.0,0.0,0.0,False
2040,reference_policy,YUG,100.0,0.0,0.0,36.57371832905679,2731.4005119115573,Hydro,False,True,36.57371832905679,2731.4005119115573,Hydro,0.0,100.0,0.0,0.0,0.0,False
2040,route_access_open,AUS,100.0,0.0,0.0,1562.05074918149,116655.39146521645,Hydro,False,True,1562.0507491814906,116655.39146521644,Hydro,0.0,100.0,0.0,-6.821210263296962e-13,1.4551915228366852e-11,False
2040,route_access_open,BEL,100.0,0.0,0.0,670.3467451779792,47156.99191770067,Hydro,False,True,670.3467451779791,47156.99191770066,Hydro,0.0,100.0,0.0,1.1368683772161603e-13,7.275957614183426e-12,False
2040,route_access_open,BRA,100.0,0.0,0.0,2191.253469739804,95625.28779139444,Hydro,False,True,2191.253469739804,95625.28779139444,Hydro,0.0,100.0,0.0,0.0,0.0,False
2040,route_access_open,CAN,100.0,0.0,0.0,15339.867786995092,1145595.4605979314,Hydro,False,True,15339.867786995092,1145595.4605979314,Hydro,0.0,100.0,0.0,0.0,0.0,False
2040,route_access_open,CHE,100.0,0.0,0.0,424.37276831495905,31695.778878448138,Hydro,False,True,424.372768314959,31695.778878448138,Hydro,0.0,100.0,0.0,5.684341886080802e-14,0.0,False
2040,route_access_open,CHN,100.0,0.0,0.0,433925.38359177334,26487783.10987564,Hydro,False,True,435805.68562057405,26487783.10987564,Hydro,0.0,100.0,0.0,-1880.30202880071,0.0,False
2040,route_access_open,CZE,100.0,0.0,0.0,242.4996973057555,9562.528779139444,Hydro,False,True,328.6880204609705,9562.528779139444,Hydro,0.0,100.0,0.0,-86.18832315521502,0.0,False
2040,route_access_open,DEU,100.0,0.0,0.0,4460.708352185688,313785.0045035479,Hydro,False,True,4460.708352185689,313785.0045035479,Hydro,0.0,100.0,0.0,-9.094947017729282e-13,0.0,False
2040,route_access_open,ESP,100.0,0.0,0.0,2341.844890685389,164730.8693416901,Hydro,False,True,2341.844890685389,164730.8693416901,Hydro,0.0,100.0,0.0,0.0,0.0,False
2040,route_access_open,FIN,100.0,0.0,0.0,591.6199511963601,41615.975925611725,Hydro,False,True,591.6199511963601,41615.975925611725,Hydro,0.0,100.0,0.0,0.0,0.0,False
2040,route_access_open,FRA,100.0,0.0,0.0,3620.155444448098,254663.73861082748,Hydro,False,True,3620.1554444480985,254663.73861082748,Hydro,0.0,100.0,0.0,-4.547473508864641e-13,0.0,False
2040,route_access_open,GBR,100.0,0.0,0.0,3340.4173986472683,249487.60802103434,Hydro,False,True,3340.4173986472683,249487.60802103434,Hydro,0.0,100.0,0.0,0.0,0.0,False
2040,route_access_open,HUN,100.0,0.0,0.0,618.0963489551328,43477.134196626954,Hydro,False,True,618.0963489551328,43477.13419662696,Hydro,0.0,100.0,0.0,0.0,-7.275957614183426e-12,False
2040,route_access_open,IND,100.0,0.0,0.0,76824.20603473557,5871392.670391617,Hydro,False,True,76824.20603473557,5871392.670391617,Hydro,0.0,100.0,0.0,0.0,0.0,False
2040,route_access_open,ITA,100.0,0.0,0.0,2812.7688015685567,197854.5289553171,Hydro,False,True,2812.768801568557,197854.5289553171,Hydro,0.0,100.0,0.0,-4.547473508864641e-13,0.0,False
2040,route_access_open,JPN,100.0,0.0,0.0,1318.0734718492229,98447.84155570791,Hydro,False,True,1318.0734718492229,98447.84155570791,Hydro,0.0,100.0,0.0,0.0,0.0,False
2040,route_access_open,KOR,100.0,0.0,0.0,2161.397694205358,161419.21581241902,Hydro,False,True,2161.397694205358,161419.21581241902,Hydro,0.0,100.0,0.0,0.0,0.0,False
2040,route_access_open,NLD,100.0,0.0,0.0,1024.432599525441,72072.28753755771,Hydro,False,True,1024.432599525441,72072.28753755771,Hydro,0.0,100.0,0.0,0.0,0.0,False
2040,route_access_open,NOR,100.0,0.0,0.0,289.0297564717278,21610.904015367058,Hydro,False,True,289.0297564717278,21610.904015367058,Hydro,0.0,100.0,0.0,0.0,0.0,False
2040,route_access_open,POL,100.0,0.0,0.0,2012.073957860272,141532.58522945666,Hydro,False,True,2012.073957860272,141532.58522945666,Hydro,0.0,100.0,0.0,0.0,0.0,False
2040,route_access_open,ROM,100.0,0.0,0.0,284.86295106617445,9562.528779139444,Hydro,False,True,325.81302178612486,9562.528779139444,Hydro,0.0,100.0,0.0,-40.95007071995042,0.0,False
2040,route_access_open,RUS,100.0,0.0,0.0,7776.403934884819,564189.1979692271,Hydro,False,True,7867.663641361482,564189.1979692271,Hydro,0.0,100.0,0.0,-91.25970647666327,0.0,False
2040,route_access_open,SVK,100.0,0.0,0.0,116.81287257997589,9562.528779139444,Hydro,False,True,267.91639078235687,9562.528779139444,Hydro,0.0,100.0,0.0,-151.103518202381,0.0,False
2040,route_access_open,SWE,100.0,0.0,0.0,673.7614629371761,47400.1552933355,Hydro,False,True,673.7614629371761,47400.1552933355,Hydro,0.0,100.0,0.0,0.0,0.0,False
2040,route_access_open,THA,100.0,0.0,0.0,7555.760921220315,564189.1979692272,Hydro,False,True,7555.760921220315,564189.1979692272,Hydro,0.0,100.0,0.0,0.0,0.0,False
2040,route_access_open,TUR,100.0,0.0,0.0,2201.6591367556725,95625.28779139445,Hydro,False,True,1181.9946835337967,95625.28779139445,Hydro,0.0,100.0,0.0,1019.6644532218759,0.0,False
2040,route_access_open,USA,100.0,0.0,0.0,83468.85940649868,7057146.239004909,Hydro,False,True,82861.87004451067,7057146.239004909,Hydro,0.0,100.0,0.0,606.9893619880168,0.0,False
2040,route_access_open,VNM,100.0,0.0,0.0,1489.946018399989,57375.17267483666,Hydro,False,True,866.7961862549456,57375.17267483666,Hydro,0.0,100.0,0.0,623.1498321450434,0.0,False
2040,route_access_open,YUG,100.0,0.0,0.0,36.57371832905679,2731.4005119115573,Hydro,False,True,36.57371832905679,2731.4005119115573,Hydro,0.0,100.0,0.0,0.0,0.0,False
2040,strict_policy,AUS,100.0,0.0,0.0,1562.0507491814906,116655.39146521644,Hydro,False,True,1562.0507491814906,116655.39146521644,Hydro,0.0,100.0,0.0,0.0,0.0,False
2040,strict_policy,BEL,100.0,0.0,0.0,670.3467451779792,47156.99191770067,Hydro,False,True,670.3467451779791,47156.99191770066,Hydro,0.0,100.0,0.0,1.1368683772161603e-13,7.275957614183426e-12,False
2040,strict_policy,BRA,0.0,0.0,0.0,0.0,95625.28779139444,Direct,False,False,2191.253469739804,95625.28779139444,Hydro,0.0,100.0,0.0,-2191.253469739804,0.0,False
2040,strict_policy,CAN,100.0,0.0,0.0,15339.867786995092,1145595.4605979314,Hydro,False,True,15339.867786995092,1145595.4605979314,Hydro,0.0,100.0,0.0,0.0,0.0,False
2040,strict_policy,CHE,100.0,0.0,0.0,424.372768314959,31695.778878448138,Hydro,False,True,424.372768314959,31695.778878448138,Hydro,0.0,100.0,0.0,0.0,0.0,False
2040,strict_policy,CHN,100.0,0.0,0.0,323749.95218006894,18607732.944662027,Hydro,False,True,435805.68562057405,26487783.10987564,Hydro,0.0,100.0,0.0,-112055.73344050511,-7880050.165213615,False
2040,strict_policy,CZE,100.0,0.0,0.0,328.6880204609705,9562.528779139444,Hydro,False,True,328.6880204609705,9562.528779139444,Hydro,0.0,100.0,0.0,0.0,0.0,False
2040,strict_policy,DEU,100.0,0.0,0.0,4460.708352185689,313785.0045035479,Hydro,False,True,4460.708352185689,313785.0045035479,Hydro,0.0,100.0,0.0,0.0,0.0,False
2040,strict_policy,ESP,100.0,0.0,0.0,2341.844890685389,164730.8693416901,Hydro,False,True,2341.844890685389,164730.8693416901,Hydro,0.0,100.0,0.0,0.0,0.0,False
2040,strict_policy,FIN,100.0,0.0,0.0,591.6199511963601,41615.975925611725,Hydro,False,True,591.6199511963601,41615.975925611725,Hydro,0.0,100.0,0.0,0.0,0.0,False
2040,strict_policy,FRA,100.0,0.0,0.0,3620.155444448099,254663.7386108275,Hydro,False,True,3620.1554444480985,254663.73861082748,Hydro,0.0,100.0,0.0,4.547473508864641e-13,2.9103830456733704e-11,False
2040,strict_policy,GBR,100.0,0.0,0.0,3340.4173986472683,249487.60802103434,Hydro,False,True,3340.4173986472683,249487.60802103434,Hydro,0.0,100.0,0.0,0.0,0.0,False
2040,strict_policy,HUN,100.0,0.0,0.0,618.0963489551328,43477.13419662696,Hydro,False,True,618.0963489551328,43477.13419662696,Hydro,0.0,100.0,0.0,0.0,0.0,False
2040,strict_policy,IND,100.0,0.0,0.0,75430.48010740048,5871392.670391617,Hydro,False,True,76824.20603473557,5871392.670391617,Hydro,0.0,100.0,0.0,-1393.7259273350937,0.0,False
2040,strict_policy,ITA,100.0,0.0,0.0,2812.7688015685576,197854.5289553171,Hydro,False,True,2812.768801568557,197854.5289553171,Hydro,0.0,100.0,0.0,4.547473508864641e-13,0.0,False
2040,strict_policy,JPN,100.0,0.0,0.0,1318.0734718492229,98447.84155570791,Hydro,False,True,1318.0734718492229,98447.84155570791,Hydro,0.0,100.0,0.0,0.0,0.0,False
2040,strict_policy,KOR,100.0,0.0,0.0,114328.8072734223,8041469.381026034,Hydro,False,True,2161.397694205358,161419.21581241902,Hydro,0.0,100.0,0.0,112167.40957921694,7880050.165213616,False
2040,strict_policy,NLD,100.0,0.0,0.0,1024.4325995254412,72072.28753755771,Hydro,False,True,1024.432599525441,72072.28753755771,Hydro,0.0,100.0,0.0,2.2737367544323206e-13,0.0,False
2040,strict_policy,NOR,100.0,0.0,0.0,289.02975647172775,21610.904015367058,Hydro,False,True,289.0297564717278,21610.904015367058,Hydro,0.0,100.0,0.0,-5.684341886080802e-14,0.0,False
2040,strict_policy,POL,100.0,0.0,0.0,2012.0739578602722,141532.58522945666,Hydro,False,True,2012.073957860272,141532.58522945666,Hydro,0.0,100.0,0.0,2.2737367544323206e-13,0.0,False
2040,strict_policy,ROM,0.0,0.0,0.0,0.0,9562.528779139444,Direct,False,False,325.81302178612486,9562.528779139444,Hydro,0.0,100.0,0.0,-325.81302178612486,0.0,False
2040,strict_policy,RUS,100.0,0.0,0.0,9102.954969539882,564189.1979692272,Hydro,False,True,7867.663641361482,564189.1979692271,Hydro,0.0,100.0,0.0,1235.2913281783995,1.1641532182693481e-10,False
2040,strict_policy,SVK,100.0,0.0,0.0,169.80757246770068,9562.528779139444,Hydro,False,True,267.91639078235687,9562.528779139444,Hydro,0.0,100.0,0.0,-98.10881831465619,0.0,False
2040,strict_policy,SWE,100.0,0.0,0.0,673.7614629371761,47400.1552933355,Hydro,False,True,673.7614629371761,47400.1552933355,Hydro,0.0,100.0,0.0,0.0,0.0,False
2040,strict_policy,THA,100.0,0.0,0.0,7424.636467161676,564189.1979692273,Hydro,False,True,7555.760921220315,564189.1979692272,Hydro,0.0,100.0,0.0,-131.12445405863946,1.1641532182693481e-10,False
2040,strict_policy,TUR,100.0,0.0,0.0,1365.921855400908,95625.28779139445,Hydro,False,True,1181.9946835337967,95625.28779139445,Hydro,0.0,100.0,0.0,183.92717186711138,0.0,False
2040,strict_policy,USA,100.0,0.0,0.0,85028.75419973746,7057146.23900491,Hydro,False,True,82861.87004451067,7057146.239004909,Hydro,0.0,100.0,0.0,2166.8841552267986,9.313225746154785e-10,False
2040,strict_policy,VNM,100.0,0.0,0.0,1309.043083505116,57375.17267483666,Hydro,False,True,866.7961862549456,57375.17267483666,Hydro,0.0,100.0,0.0,442.2468972501705,0.0,False
2040,strict_policy,YUG,100.0,0.0,0.0,36.57371832905679,2731.4005119115573,Hydro,False,True,36.57371832905679,2731.4005119115573,Hydro,0.0,100.0,0.0,0.0,0.0,False
2050,critical_route_policy,AUS,100.0,0.0,0.0,1772.6463919625328,130768.35266470697,Hydro,False,True,1772.646391962533,130768.35266470697,Hydro,0.0,100.0,0.0,-2.2737367544323206e-13,0.0,False
2050,critical_route_policy,BEL,100.0,0.0,0.0,692.8072247659819,48137.79819259899,Hydro,False,True,692.8072247659818,48137.79819259898,Hydro,0.0,100.0,0.0,1.1368683772161603e-13,7.275957614183426e-12,False
2050,critical_route_policy,BRA,100.0,0.0,0.0,5794.265570147784,249779.7422199713,Hydro,False,True,7570.184601458958,249779.74221997126,Hydro,0.0,100.0,0.0,-1775.919031311174,2.9103830456733704e-11,False
2050,critical_route_policy,CAN,100.0,0.0,0.0,19020.913255070296,1403175.3700929824,Hydro,False,True,19020.913255070296,1403175.3700929824,Hydro,0.0,100.0,0.0,0.0,0.0,False
2050,critical_route_policy,CHE,100.0,0.0,0.0,475.4249062246597,35070.96988135103,Hydro,False,True,475.4249062246596,35070.96988135103,Hydro,0.0,100.0,0.0,1.1368683772161603e-13,0.0,False
2050,critical_route_policy,CHN,100.0,0.0,0.0,435895.2171889266,26776364.119180676,Hydro,False,True,989782.3205443645,82268930.07188013,Hydro,0.0,100.0,0.0,-553887.103355438,-55492565.95269945,False
2050,critical_route_policy,CZE,100.0,0.0,0.0,579.4265570147784,24977.974221997127,Hydro,False,True,868.8305966709802,24977.974221997127,Hydro,0.0,100.0,0.0,-289.4040396562018,0.0,False
2050,critical_route_policy,DEU,100.0,0.0,0.0,4288.494693200249,297977.1738769626,Hydro,False,True,4288.494693200249,297977.1738769626,Hydro,0.0,100.0,0.0,0.0,0.0,False
2050,critical_route_policy,ESP,100.0,0.0,0.0,2411.1956846437247,167539.59702030307,Hydro,False,True,2411.1956846437247,167539.59702030307,Hydro,0.0,100.0,0.0,0.0,0.0,False
2050,critical_route_policy,FIN,100.0,0.0,0.0,1297.414632685067,90148.18117351356,Hydro,False,True,1297.4146326850673,90148.18117351356,Hydro,0.0,100.0,0.0,-2.2737367544323206e-13,0.0,False
2050,critical_route_policy,FRA,100.0,0.0,0.0,3796.409417999258,263787.2025588353,Hydro,False,True,3796.409417999258,263787.2025588353,Hydro,0.0,100.0,0.0,0.0,0.0,False
2050,critical_route_policy,GBR,100.0,0.0,0.0,3813.5317165579218,281317.5411254553,Hydro,False,True,3813.5317165579218,281317.5411254553,Hydro,0.0,100.0,0.0,0.0,0.0,False
2050,critical_route_policy,HUN,100.0,0.0,0.0,548.3543283472154,38102.127454454516,Hydro,False,True,548.3543283472153,38102.127454454516,Hydro,0.0,100.0,0.0,1.1368683772161603e-13,0.0,False
2050,critical_route_policy,IND,100.0,0.0,0.0,407799.0331186772,15336476.172306236,Hydro,False,True,407799.0331186772,15336476.172306236,Hydro,0.0,100.0,0.0,0.0,0.0,False
2050,critical_route_policy,ITA,100.0,0.0,0.0,2771.3924834072354,192569.09975238587,Hydro,False,True,2771.3924834072354,192569.09975238587,Hydro,0.0,100.0,0.0,0.0,0.0,False
2050,critical_route_policy,JPN,100.0,0.0,0.0,61685.53613410673,4441957.57663745,Hydro,False,True,3538.288716197804,261010.47024878173,Hydro,0.0,100.0,0.0,58147.247417908926,4180947.106388668,False
2050,critical_route_policy,KOR,100.0,0.0,0.0,501939.17273040273,51479604.87153607,Hydro,False,True,2277.2103166850625,167986.02522527333,Hydro,0.0,100.0,0.0,499661.96241371764,51311618.846310794,False
2050,critical_route_policy,NLD,100.0,0.0,0.0,1057.1421942263096,73452.42901524386,Hydro,False,True,1057.1421942263098,73452.42901524386,Hydro,0.0,100.0,0.0,-2.2737367544323206e-13,0.0,False
2050,critical_route_policy,NOR,100.0,0.0,0.0,327.87694117597545,24177.888545446058,Hydro,False,True,327.87694117597545,24177.888545446058,Hydro,0.0,100.0,0.0,0.0,0.0,False
2050,critical_route_policy,POL,100.0,0.0,0.0,2042.7804092872823,141941.6146583191,Hydro,False,True,2042.7804092872816,141941.6146583191,Hydro,0.0,100.0,0.0,6.821210263296962e-13,0.0,False
2050,critical_route_policy,ROM,100.0,0.0,0.0,809.4760605648669,24977.974221997127,Hydro,False,True,612.6410235538198,24977.97422199713,Hydro,0.0,100.0,0.0,196.83503701104712,-3.637978807091713e-12,False
2050,critical_route_policy,RUS,100.0,0.0,0.0,12063.781464359392,1473700.4790978306,Hydro,False,True,16280.703526418072,1473700.4790978308,Hydro,0.0,100.0,0.0,-4216.92206205868,-2.3283064365386963e-10,False
2050,critical_route_policy,SVK,100.0,0.0,0.0,304.79397513294214,21178.41262942357,Hydro,False,True,304.79397513294214,21178.41262942357,Hydro,0.0,100.0,0.0,0.0,0.0,False
2050,critical_route_policy,SWE,100.0,0.0,0.0,694.2725340874815,48237.78446811977,Hydro,False,True,694.2725340874816,48237.784468119775,Hydro,0.0,100.0,0.0,-1.1368683772161603e-13,-7.275957614183426e-12,False
2050,critical_route_policy,THA,100.0,0.0,0.0,23486.173134526405,1473700.4790978306,Hydro,False,True,20366.957246188478,1473700.479097831,Hydro,0.0,100.0,0.0,3119.215888337927,-4.656612873077393e-10,False
2050,critical_route_policy,TUR,0.0,0.0,0.0,0.0,249779.7422199713,Direct,False,False,2016.4748270316584,249779.7422199713,Hydro,0.0,100.0,0.0,-2016.4748270316584,0.0,False
2050,critical_route_policy,USA,100.0,0.0,0.0,146422.80931347085,11515432.65950429,Hydro,False,True,146422.80931347082,11515432.659504289,Hydro,0.0,100.0,0.0,2.9103830456733704e-11,1.862645149230957e-09,False
2050,critical_route_policy,VNM,100.0,0.0,0.0,2939.989074031539,149867.84533198277,Hydro,False,True,1879.4265155115336,149867.84533198277,Hydro,0.0,100.0,0.0,1060.5625585200055,0.0,False
2050,critical_route_policy,YUG,100.0,0.0,0.0,194.56162318959204,14352.628951205166,Hydro,False,True,194.56162318959204,14352.628951205166,Hydro,0.0,100.0,0.0,0.0,0.0,False
2050,current_policy,AUS,100.0,0.0,0.0,1772.646391962533,130768.35266470697,Hydro,False,True,1772.646391962533,130768.35266470697,Hydro,0.0,100.0,0.0,0.0,0.0,False
2050,current_policy,BEL,100.0,0.0,0.0,692.8072247659819,48137.79819259899,Hydro,False,True,692.8072247659818,48137.79819259898,Hydro,0.0,100.0,0.0,1.1368683772161603e-13,7.275957614183426e-12,False
2050,current_policy,BRA,0.0,0.0,0.0,0.0,249779.7422199713,Direct,False,False,7570.184601458958,249779.74221997126,Hydro,0.0,100.0,0.0,-7570.184601458958,2.9103830456733704e-11,False
2050,current_policy,CAN,100.0,0.0,0.0,19020.913255070296,1403175.3700929824,Hydro,False,True,19020.913255070296,1403175.3700929824,Hydro,0.0,100.0,0.0,0.0,0.0,False
2050,current_policy,CHE,100.0,0.0,0.0,475.4249062246596,35070.96988135103,Hydro,False,True,475.4249062246596,35070.96988135103,Hydro,0.0,100.0,0.0,0.0,0.0,False
2050,current_policy,CHN,100.0,0.0,0.0,1087681.0219633456,81268619.16138436,Hydro,False,True,989782.3205443645,82268930.07188013,Hydro,0.0,100.0,0.0,97898.70141898107,-1000310.910495773,False
2050,current_policy,CZE,100.0,0.0,0.0,811.1971798206897,24977.974221997127,Hydro,False,True,868.8305966709802,24977.974221997127,Hydro,0.0,100.0,0.0,-57.63341685029047,0.0,False
2050,current_policy,DEU,100.0,0.0,0.0,4288.494693200249,297977.1738769626,Hydro,False,True,4288.494693200249,297977.1738769626,Hydro,0.0,100.0,0.0,0.0,0.0,False
2050,current_policy,ESP,100.0,0.0,0.0,2411.1956846437247,167539.59702030307,Hydro,False,True,2411.1956846437247,167539.59702030307,Hydro,0.0,100.0,0.0,0.0,0.0,False
2050,current_policy,FIN,100.0,0.0,0.0,1297.414632685067,90148.18117351356,Hydro,False,True,1297.4146326850673,90148.18117351356,Hydro,0.0,100.0,0.0,-2.2737367544323206e-13,0.0,False
2050,current_policy,FRA,100.0,0.0,0.0,3796.409417999258,263787.2025588353,Hydro,False,True,3796.409417999258,263787.2025588353,Hydro,0.0,100.0,0.0,0.0,0.0,False
2050,current_policy,GBR,100.0,0.0,0.0,3813.531716557921,281317.5411254553,Hydro,False,True,3813.5317165579218,281317.5411254553,Hydro,0.0,100.0,0.0,-9.094947017729282e-13,0.0,False
2050,current_policy,HUN,100.0,0.0,0.0,548.3543283472154,38102.127454454516,Hydro,False,True,548.3543283472153,38102.127454454516,Hydro,0.0,100.0,0.0,1.1368683772161603e-13,0.0,False
2050,current_policy,IND,100.0,0.0,0.0,299780.8075224974,15336476.172306236,Hydro,False,True,407799.0331186772,15336476.172306236,Hydro,0.0,100.0,0.0,-108018.22559617984,0.0,False
2050,current_policy,ITA,100.0,0.0,0.0,2771.3924834072354,192569.09975238587,Hydro,False,True,2771.3924834072354,192569.09975238587,Hydro,0.0,100.0,0.0,0.0,0.0,False
2050,current_policy,JPN,100.0,0.0,0.0,3538.288716197804,261010.4702487817,Hydro,False,True,3538.288716197804,261010.47024878173,Hydro,0.0,100.0,0.0,0.0,-2.9103830456733704e-11,False
2050,current_policy,KOR,100.0,0.0,0.0,19088.893922250598,1168296.9357210537,Hydro,False,True,2277.2103166850625,167986.02522527333,Hydro,0.0,100.0,0.0,16811.683605565537,1000310.9104957804,False
2050,current_policy,NLD,100.0,0.0,0.0,1057.1421942263098,73452.42901524386,Hydro,False,True,1057.1421942263098,73452.42901524386,Hydro,0.0,100.0,0.0,0.0,0.0,False
2050,current_policy,NOR,100.0,0.0,0.0,327.8769411759755,24177.88854544606,Hydro,False,True,327.87694117597545,24177.888545446058,Hydro,0.0,100.0,0.0,5.684341886080802e-14,3.637978807091713e-12,False
2050,current_policy,POL,100.0,0.0,0.0,2042.7804092872823,141941.6146583191,Hydro,False,True,2042.7804092872816,141941.6146583191,Hydro,0.0,100.0,0.0,6.821210263296962e-13,0.0,False
2050,current_policy,ROM,100.0,0.0,0.0,757.8641767492458,24977.974221997127,Hydro,False,True,612.6410235538198,24977.97422199713,Hydro,0.0,100.0,0.0,145.223153195426,-3.637978807091713e-12,False
2050,current_policy,RUS,100.0,0.0,0.0,19925.30594719162,1473700.4790978306,Hydro,False,True,16280.703526418072,1473700.4790978308,Hydro,0.0,100.0,0.0,3644.602420773548,-2.3283064365386963e-10,False
2050,current_policy,SVK,100.0,0.0,0.0,304.79397513294214,21178.41262942357,Hydro,False,True,304.79397513294214,21178.41262942357,Hydro,0.0,100.0,0.0,0.0,0.0,False
2050,current_policy,SWE,100.0,0.0,0.0,694.2725340874815,48237.78446811977,Hydro,False,True,694.2725340874816,48237.784468119775,Hydro,0.0,100.0,0.0,-1.1368683772161603e-13,-7.275957614183426e-12,False
2050,current_policy,THA,100.0,0.0,0.0,20366.957246188478,1473700.479097831,Hydro,False,True,20366.957246188478,1473700.479097831,Hydro,0.0,100.0,0.0,0.0,0.0,False
2050,current_policy,TUR,0.0,0.0,0.0,0.0,249779.7422199713,Direct,False,False,2016.4748270316584,249779.7422199713,Hydro,0.0,100.0,0.0,-2016.4748270316584,0.0,False
2050,current_policy,USA,100.0,0.0,0.0,146422.80931347085,11515432.65950429,Hydro,False,True,146422.80931347082,11515432.659504289,Hydro,0.0,100.0,0.0,2.9103830456733704e-11,1.862645149230957e-09,False
2050,current_policy,VNM,100.0,0.0,0.0,1041.7343585165854,149867.84533198277,Hydro,False,True,1879.4265155115336,149867.84533198277,Hydro,0.0,100.0,0.0,-837.6921569949482,0.0,False
2050,current_policy,YUG,100.0,0.0,0.0,194.561623189592,14352.628951205166,Hydro,False,True,194.56162318959204,14352.628951205166,Hydro,0.0,100.0,0.0,-2.842170943040401e-14,0.0,False
2050,reference_policy,AUS,100.0,0.0,0.0,1772.646391962533,130768.35266470697,Hydro,False,True,1772.646391962533,130768.35266470697,Hydro,0.0,100.0,0.0,0.0,0.0,False
2050,reference_policy,BEL,100.0,0.0,0.0,692.8072247659818,48137.79819259898,Hydro,False,True,692.8072247659818,48137.79819259898,Hydro,0.0,100.0,0.0,0.0,0.0,False
2050,reference_policy,BRA,100.0,0.0,0.0,7570.184601458958,249779.74221997126,Hydro,False,True,7570.184601458958,249779.74221997126,Hydro,0.0,100.0,0.0,0.0,0.0,False
2050,reference_policy,CAN,100.0,0.0,0.0,19020.913255070296,1403175.3700929824,Hydro,False,True,19020.913255070296,1403175.3700929824,Hydro,0.0,100.0,0.0,0.0,0.0,False
2050,reference_policy,CHE,100.0,0.0,0.0,475.4249062246596,35070.96988135103,Hydro,False,True,475.4249062246596,35070.96988135103,Hydro,0.0,100.0,0.0,0.0,0.0,False
2050,reference_policy,CHN,100.0,0.0,0.0,989782.3205443645,82268930.07188013,Hydro,False,True,989782.3205443645,82268930.07188013,Hydro,0.0,100.0,0.0,0.0,0.0,False
2050,reference_policy,CZE,100.0,0.0,0.0,868.8305966709802,24977.974221997127,Hydro,False,True,868.8305966709802,24977.974221997127,Hydro,0.0,100.0,0.0,0.0,0.0,False
2050,reference_policy,DEU,100.0,0.0,0.0,4288.494693200249,297977.1738769626,Hydro,False,True,4288.494693200249,297977.1738769626,Hydro,0.0,100.0,0.0,0.0,0.0,False
2050,reference_policy,ESP,100.0,0.0,0.0,2411.1956846437247,167539.59702030307,Hydro,False,True,2411.1956846437247,167539.59702030307,Hydro,0.0,100.0,0.0,0.0,0.0,False
2050,reference_policy,FIN,100.0,0.0,0.0,1297.4146326850673,90148.18117351356,Hydro,False,True,1297.4146326850673,90148.18117351356,Hydro,0.0,100.0,0.0,0.0,0.0,False
2050,reference_policy,FRA,100.0,0.0,0.0,3796.409417999258,263787.2025588353,Hydro,False,True,3796.409417999258,263787.2025588353,Hydro,0.0,100.0,0.0,0.0,0.0,False
2050,reference_policy,GBR,100.0,0.0,0.0,3813.5317165579218,281317.5411254553,Hydro,False,True,3813.5317165579218,281317.5411254553,Hydro,0.0,100.0,0.0,0.0,0.0,False
2050,reference_policy,HUN,100.0,0.0,0.0,548.3543283472153,38102.127454454516,Hydro,False,True,548.3543283472153,38102.127454454516,Hydro,0.0,100.0,0.0,0.0,0.0,False
2050,reference_policy,IND,100.0,0.0,0.0,407799.0331186772,15336476.172306236,Hydro,False,True,407799.0331186772,15336476.172306236,Hydro,0.0,100.0,0.0,0.0,0.0,False
2050,reference_policy,ITA,100.0,0.0,0.0,2771.3924834072354,192569.09975238587,Hydro,False,True,2771.3924834072354,192569.09975238587,Hydro,0.0,100.0,0.0,0.0,0.0,False
2050,reference_policy,JPN,100.0,0.0,0.0,3538.288716197804,261010.47024878173,Hydro,False,True,3538.288716197804,261010.47024878173,Hydro,0.0,100.0,0.0,0.0,0.0,False
2050,reference_policy,KOR,100.0,0.0,0.0,2277.2103166850625,167986.02522527333,Hydro,False,True,2277.2103166850625,167986.02522527333,Hydro,0.0,100.0,0.0,0.0,0.0,False
2050,reference_policy,NLD,100.0,0.0,0.0,1057.1421942263098,73452.42901524386,Hydro,False,True,1057.1421942263098,73452.42901524386,Hydro,0.0,100.0,0.0,0.0,0.0,False
2050,reference_policy,NOR,100.0,0.0,0.0,327.87694117597545,24177.888545446058,Hydro,False,True,327.87694117597545,24177.888545446058,Hydro,0.0,100.0,0.0,0.0,0.0,False
2050,reference_policy,POL,100.0,0.0,0.0,2042.7804092872816,141941.6146583191,Hydro,False,True,2042.7804092872816,141941.6146583191,Hydro,0.0,100.0,0.0,0.0,0.0,False
2050,reference_policy,ROM,100.0,0.0,0.0,612.6410235538198,24977.97422199713,Hydro,False,True,612.6410235538198,24977.97422199713,Hydro,0.0,100.0,0.0,0.0,0.0,False
2050,reference_policy,RUS,100.0,0.0,0.0,16280.703526418072,1473700.4790978308,Hydro,False,True,16280.703526418072,1473700.4790978308,Hydro,0.0,100.0,0.0,0.0,0.0,False
2050,reference_policy,SVK,100.0,0.0,0.0,304.79397513294214,21178.41262942357,Hydro,False,True,304.79397513294214,21178.41262942357,Hydro,0.0,100.0,0.0,0.0,0.0,False
2050,reference_policy,SWE,100.0,0.0,0.0,694.2725340874816,48237.784468119775,Hydro,False,True,694.2725340874816,48237.784468119775,Hydro,0.0,100.0,0.0,0.0,0.0,False
2050,reference_policy,THA,100.0,0.0,0.0,20366.957246188478,1473700.479097831,Hydro,False,True,20366.957246188478,1473700.479097831,Hydro,0.0,100.0,0.0,0.0,0.0,False
2050,reference_policy,TUR,100.0,0.0,0.0,2016.4748270316584,249779.7422199713,Hydro,False,True,2016.4748270316584,249779.7422199713,Hydro,0.0,100.0,0.0,0.0,0.0,False
2050,reference_policy,USA,100.0,0.0,0.0,146422.80931347082,11515432.659504289,Hydro,False,True,146422.80931347082,11515432.659504289,Hydro,0.0,100.0,0.0,0.0,0.0,False
2050,reference_policy,VNM,100.0,0.0,0.0,1879.4265155115336,149867.84533198277,Hydro,False,True,1879.4265155115336,149867.84533198277,Hydro,0.0,100.0,0.0,0.0,0.0,False
2050,reference_policy,YUG,100.0,0.0,0.0,194.56162318959204,14352.628951205166,Hydro,False,True,194.56162318959204,14352.628951205166,Hydro,0.0,100.0,0.0,0.0,0.0,False
2050,route_access_open,AUS,100.0,0.0,0.0,1772.6463919625326,130768.35266470697,Hydro,False,True,1772.646391962533,130768.35266470697,Hydro,0.0,100.0,0.0,-4.547473508864641e-13,0.0,False
2050,route_access_open,BEL,100.0,0.0,0.0,692.8072247659819,48137.79819259899,Hydro,False,True,692.8072247659818,48137.79819259898,Hydro,0.0,100.0,0.0,1.1368683772161603e-13,7.275957614183426e-12,False
2050,route_access_open,BRA,100.0,0.0,0.0,7600.672983535448,249779.7422199713,Hydro,False,True,7570.184601458958,249779.74221997126,Hydro,0.0,100.0,0.0,30.48838207648987,2.9103830456733704e-11,False
2050,route_access_open,CAN,100.0,0.0,0.0,19020.9132550703,1403175.3700929824,Hydro,False,True,19020.913255070296,1403175.3700929824,Hydro,0.0,100.0,0.0,3.637978807091713e-12,0.0,False
2050,route_access_open,CHE,100.0,0.0,0.0,475.4249062246596,35070.96988135103,Hydro,False,True,475.4249062246596,35070.96988135103,Hydro,0.0,100.0,0.0,0.0,0.0,False
2050,route_access_open,CHN,100.0,0.0,0.0,1393566.7489306952,82268930.07188013,Hydro,False,True,989782.3205443645,82268930.07188013,Hydro,0.0,100.0,0.0,403784.4283863307,0.0,False
2050,route_access_open,CZE,100.0,0.0,0.0,811.1971798206897,24977.974221997127,Hydro,False,True,868.8305966709802,24977.974221997127,Hydro,0.0,100.0,0.0,-57.63341685029047,0.0,False
2050,route_access_open,DEU,100.0,0.0,0.0,4288.494693200249,297977.1738769626,Hydro,False,True,4288.494693200249,297977.1738769626,Hydro,0.0,100.0,0.0,0.0,0.0,False
2050,route_access_open,ESP,100.0,0.0,0.0,2411.1956846437247,167539.59702030307,Hydro,False,True,2411.1956846437247,167539.59702030307,Hydro,0.0,100.0,0.0,0.0,0.0,False
2050,route_access_open,FIN,100.0,0.0,0.0,1297.414632685067,90148.18117351356,Hydro,False,True,1297.4146326850673,90148.18117351356,Hydro,0.0,100.0,0.0,-2.2737367544323206e-13,0.0,False
2050,route_access_open,FRA,100.0,0.0,0.0,3796.4094179992576,263787.2025588353,Hydro,False,True,3796.409417999258,263787.2025588353,Hydro,0.0,100.0,0.0,-4.547473508864641e-13,0.0,False
2050,route_access_open,GBR,100.0,0.0,0.0,3813.5317165579218,281317.5411254553,Hydro,False,True,3813.5317165579218,281317.5411254553,Hydro,0.0,100.0,0.0,0.0,0.0,False
2050,route_access_open,HUN,100.0,0.0,0.0,548.3543283472153,38102.127454454516,Hydro,False,True,548.3543283472153,38102.127454454516,Hydro,0.0,100.0,0.0,0.0,0.0,False
2050,route_access_open,IND,0.0,0.0,0.0,0.0,15336476.172306236,Direct,False,False,407799.0331186772,15336476.172306236,Hydro,0.0,100.0,0.0,-407799.0331186772,0.0,False
2050,route_access_open,ITA,100.0,0.0,0.0,2771.392483407235,192569.09975238587,Hydro,False,True,2771.3924834072354,192569.09975238587,Hydro,0.0,100.0,0.0,-4.547473508864641e-13,0.0,False
2050,route_access_open,JPN,100.0,0.0,0.0,3538.288716197804,261010.47024878173,Hydro,False,True,3538.288716197804,261010.47024878173,Hydro,0.0,100.0,0.0,0.0,0.0,False
2050,route_access_open,KOR,100.0,0.0,0.0,2277.2103166850625,167986.02522527333,Hydro,False,True,2277.2103166850625,167986.02522527333,Hydro,0.0,100.0,0.0,0.0,0.0,False
2050,route_access_open,NLD,100.0,0.0,0.0,1057.1421942263096,73452.42901524386,Hydro,False,True,1057.1421942263098,73452.42901524386,Hydro,0.0,100.0,0.0,-2.2737367544323206e-13,0.0,False
2050,route_access_open,NOR,100.0,0.0,0.0,327.8769411759755,24177.88854544606,Hydro,False,True,327.87694117597545,24177.888545446058,Hydro,0.0,100.0,0.0,5.684341886080802e-14,3.637978807091713e-12,False
2050,route_access_open,POL,100.0,0.0,0.0,2042.7804092872816,141941.61465831907,Hydro,False,True,2042.7804092872816,141941.6146583191,Hydro,0.0,100.0,0.0,0.0,-2.9103830456733704e-11,False
2050,route_access_open,ROM,100.0,0.0,0.0,811.1971798206897,24977.974221997127,Hydro,False,True,612.6410235538198,24977.97422199713,Hydro,0.0,100.0,0.0,198.55615626686995,-3.637978807091713e-12,False
2050,route_access_open,RUS,100.0,0.0,0.0,16875.218689669233,1473700.4790978308,Hydro,False,True,16280.703526418072,1473700.4790978308,Hydro,0.0,100.0,0.0,594.5151632511606,0.0,False
2050,route_access_open,SVK,100.0,0.0,0.0,304.79397513294214,21178.41262942357,Hydro,False,True,304.79397513294214,21178.41262942357,Hydro,0.0,100.0,0.0,0.0,0.0,False
2050,route_access_open,SWE,100.0,0.0,0.0,694.2725340874815,48237.784468119775,Hydro,False,True,694.2725340874816,48237.784468119775,Hydro,0.0,100.0,0.0,-1.1368683772161603e-13,0.0,False
2050,route_access_open,THA,100.0,0.0,0.0,20319.151484349823,1473700.479097831,Hydro,False,True,20366.957246188478,1473700.479097831,Hydro,0.0,100.0,0.0,-47.8057618386556,0.0,False
2050,route_access_open,TUR,100.0,0.0,0.0,6041.295474391065,249779.7422199713,Hydro,False,True,2016.4748270316584,249779.7422199713,Hydro,0.0,100.0,0.0,4024.8206473594064,0.0,False
2050,route_access_open,USA,100.0,0.0,0.0,146422.80931347082,11515432.659504289,Hydro,False,True,146422.80931347082,11515432.659504289,Hydro,0.0,100.0,0.0,0.0,0.0,False
2050,route_access_open,VNM,100.0,0.0,0.0,1151.0900775930008,149867.84533198277,Hydro,False,True,1879.4265155115336,149867.84533198277,Hydro,0.0,100.0,0.0,-728.3364379185327,0.0,False
2050,route_access_open,YUG,100.0,0.0,0.0,194.56162318959204,14352.628951205166,Hydro,False,True,194.56162318959204,14352.628951205166,Hydro,0.0,100.0,0.0,0.0,0.0,False
2050,strict_policy,AUS,100.0,0.0,0.0,1772.6463919625332,130768.35266470698,Hydro,False,True,1772.646391962533,130768.35266470697,Hydro,0.0,100.0,0.0,2.2737367544323206e-13,1.4551915228366852e-11,False
2050,strict_policy,BEL,100.0,0.0,0.0,692.8072247659819,48137.79819259899,Hydro,False,True,692.8072247659818,48137.79819259898,Hydro,0.0,100.0,0.0,1.1368683772161603e-13,7.275957614183426e-12,False
2050,strict_policy,BRA,100.0,0.0,0.0,7382.068936807791,249779.7422199713,Hydro,False,True,7570.184601458958,249779.74221997126,Hydro,0.0,100.0,0.0,-188.1156646511672,2.9103830456733704e-11,False
2050,strict_policy,CAN,100.0,0.0,0.0,40959.76445917564,3322070.5715256166,Hydro,False,True,19020.913255070296,1403175.3700929824,Hydro,0.0,100.0,0.0,21938.851204105344,1918895.2014326341,False
2050,strict_policy,CHE,100.0,0.0,0.0,475.4249062246597,35070.96988135103,Hydro,False,True,475.4249062246596,35070.96988135103,Hydro,0.0,100.0,0.0,1.1368683772161603e-13,0.0,False
2050,strict_policy,CHN,100.0,0.0,0.0,330420.1320399307,18934734.10367351,Hydro,False,True,989782.3205443645,82268930.07188013,Hydro,0.0,100.0,0.0,-659362.1885044338,-63334195.96820662,False
2050,strict_policy,CZE,100.0,0.0,0.0,724.9662793796862,24977.974221997127,Hydro,False,True,868.8305966709802,24977.974221997127,Hydro,0.0,100.0,0.0,-143.86431729129401,0.0,False
2050,strict_policy,DEU,100.0,0.0,0.0,4288.494693200249,297977.1738769626,Hydro,False,True,4288.494693200249,297977.1738769626,Hydro,0.0,100.0,0.0,0.0,0.0,False
2050,strict_policy,ESP,100.0,0.0,0.0,2411.1956846437247,167539.59702030307,Hydro,False,True,2411.1956846437247,167539.59702030307,Hydro,0.0,100.0,0.0,0.0,0.0,False
2050,strict_policy,FIN,100.0,0.0,0.0,1297.414632685067,90148.18117351356,Hydro,False,True,1297.4146326850673,90148.18117351356,Hydro,0.0,100.0,0.0,-2.2737367544323206e-13,0.0,False
2050,strict_policy,FRA,100.0,0.0,0.0,3796.409417999258,263787.2025588354,Hydro,False,True,3796.409417999258,263787.2025588353,Hydro,0.0,100.0,0.0,0.0,5.820766091346741e-11,False
2050,strict_policy,GBR,100.0,0.0,0.0,3813.5317165579218,281317.5411254553,Hydro,False,True,3813.5317165579218,281317.5411254553,Hydro,0.0,100.0,0.0,0.0,0.0,False
2050,strict_policy,HUN,100.0,0.0,0.0,548.3543283472153,38102.127454454516,Hydro,False,True,548.3543283472153,38102.127454454516,Hydro,0.0,100.0,0.0,0.0,0.0,False
2050,strict_policy,IND,100.0,0.0,0.0,299780.8075224974,15336476.172306236,Hydro,False,True,407799.0331186772,15336476.172306236,Hydro,0.0,100.0,0.0,-108018.22559617984,0.0,False
2050,strict_policy,ITA,100.0,0.0,0.0,2771.3924834072354,192569.09975238587,Hydro,False,True,2771.3924834072354,192569.09975238587,Hydro,0.0,100.0,0.0,0.0,0.0,False
2050,strict_policy,JPN,100.0,0.0,0.0,124392.2329187841,9091982.616806954,Hydro,False,True,3538.288716197804,261010.47024878173,Hydro,0.0,100.0,0.0,120853.9442025863,8830972.146558173,False
2050,strict_policy,KOR,100.0,0.0,0.0,604487.0666618132,51479604.871536046,Hydro,False,True,2277.2103166850625,167986.02522527333,Hydro,0.0,100.0,0.0,602209.8563451282,51311618.84631077,False
2050,strict_policy,NLD,100.0,0.0,0.0,1057.1421942263096,73452.42901524386,Hydro,False,True,1057.1421942263098,73452.42901524386,Hydro,0.0,100.0,0.0,-2.2737367544323206e-13,0.0,False
2050,strict_policy,NOR,100.0,0.0,0.0,327.8769411759755,24177.888545446058,Hydro,False,True,327.87694117597545,24177.888545446058,Hydro,0.0,100.0,0.0,5.684341886080802e-14,0.0,False
2050,strict_policy,POL,100.0,0.0,0.0,19484.227790867404,1400226.4817,Hydro,False,True,2042.7804092872816,141941.6146583191,Hydro,0.0,100.0,0.0,17441.44738158012,1258284.8670416807,False
2050,strict_policy,ROM,100.0,0.0,0.0,811.1971798206897,24977.974221997127,Hydro,False,True,612.6410235538198,24977.97422199713,Hydro,0.0,100.0,0.0,198.55615626686995,-3.637978807091713e-12,False
2050,strict_policy,RUS,100.0,0.0,0.0,19469.12418144304,1473700.4790978306,Hydro,False,True,16280.703526418072,1473700.4790978308,Hydro,0.0,100.0,0.0,3188.4206550249673,-2.3283064365386963e-10,False
2050,strict_policy,SVK,100.0,0.0,0.0,419.3764041897848,24977.974221997127,Hydro,False,True,304.79397513294214,21178.41262942357,Hydro,0.0,100.0,0.0,114.58242905684267,3799.5615925735583,False
2050,strict_policy,SWE,100.0,0.0,0.0,694.2725340874815,48237.784468119775,Hydro,False,True,694.2725340874816,48237.784468119775,Hydro,0.0,100.0,0.0,-1.1368683772161603e-13,0.0,False
2050,strict_policy,THA,100.0,0.0,0.0,17599.217107480712,1473700.4790978301,Hydro,False,True,20366.957246188478,1473700.479097831,Hydro,0.0,100.0,0.0,-2767.740138707766,-9.313225746154785e-10,False
2050,strict_policy,TUR,100.0,0.0,0.0,7133.324256383059,249779.74221997132,Hydro,False,True,2016.4748270316584,249779.7422199713,Hydro,0.0,100.0,0.0,5116.8494293514,2.9103830456733704e-11,False
2050,strict_policy,USA,100.0,0.0,0.0,146422.80931347082,11515432.659504289,Hydro,False,True,146422.80931347082,11515432.659504289,Hydro,0.0,100.0,0.0,0.0,0.0,False
2050,strict_policy,VNM,100.0,0.0,0.0,1041.734358516585,149867.84533198277,Hydro,False,True,1879.4265155115336,149867.84533198277,Hydro,0.0,100.0,0.0,-837.6921569949486,0.0,False
2050,strict_policy,YUG,100.0,0.0,0.0,449.8801983484674,24977.97422199713,Hydro,False,True,194.56162318959204,14352.628951205166,Hydro,0.0,100.0,0.0,255.31857515887535,10625.345270791964,False
