policy_scenario,destination_iso3,destination_recovered_lithium_t_2030,destination_recovered_lithium_t_2040,destination_recovered_lithium_t_2050,destination_recovered_lithium_t_delta_2030_2040,destination_recovered_lithium_t_ratio_2030_2040,destination_recovered_lithium_t_cagr_2030_2040_pct,destination_recovered_lithium_t_delta_2040_2050,destination_recovered_lithium_t_ratio_2040_2050,destination_recovered_lithium_t_cagr_2040_2050_pct,destination_recovered_lithium_t_delta_2030_2050,destination_recovered_lithium_t_ratio_2030_2050,destination_recovered_lithium_t_cagr_2030_2050_pct,destination_recovered_li_delta_vs_reference_t_2030,destination_recovered_li_delta_vs_reference_t_2040,destination_recovered_li_delta_vs_reference_t_2050,destination_recovered_li_delta_vs_reference_t_delta_2030_2040,destination_recovered_li_delta_vs_reference_t_ratio_2030_2040,destination_recovered_li_delta_vs_reference_t_cagr_2030_2040_pct,destination_recovered_li_delta_vs_reference_t_delta_2040_2050,destination_recovered_li_delta_vs_reference_t_ratio_2040_2050,destination_recovered_li_delta_vs_reference_t_cagr_2040_2050_pct,destination_recovered_li_delta_vs_reference_t_delta_2030_2050,destination_recovered_li_delta_vs_reference_t_ratio_2030_2050,destination_recovered_li_delta_vs_reference_t_cagr_2030_2050_pct,Direct_2030,Direct_2040,Direct_2050,Direct_delta_2030_2040,Direct_ratio_2030_2040,Direct_cagr_2030_2040_pct,Direct_delta_2040_2050,Direct_ratio_2040_2050,Direct_cagr_2040_2050_pct,Direct_delta_2030_2050,Direct_ratio_2030_2050,Direct_cagr_2030_2050_pct,Hydro_2030,Hydro_2040,Hydro_2050,Hydro_delta_2030_2040,Hydro_ratio_2030_2040,Hydro_cagr_2030_2040_pct,Hydro_delta_2040_2050,Hydro_ratio_2040_2050,Hydro_cagr_2040_2050_pct,Hydro_delta_2030_2050,Hydro_ratio_2030_2050,Hydro_cagr_2030_2050_pct,Pyro_2030,Pyro_2040,Pyro_2050,Pyro_delta_2030_2040,Pyro_ratio_2030_2040,Pyro_cagr_2030_2040_pct,Pyro_delta_2040_2050,Pyro_ratio_2040_2050,Pyro_cagr_2040_2050_pct,Pyro_delta_2030_2050,Pyro_ratio_2030_2050,Pyro_cagr_2030_2050_pct
critical_route_policy,AUS,52.92292628445212,1562.05074918149,1772.6463919625328,1509.1278228970377,29.515577819444854,40.28302717416572,210.5956427810429,1.1348199748896728,1.272771923005589,1719.7234656780806,33.49486727991659,19.192495634910166,-8.433893294946003,-4.547473508864641e-13,-2.273736754432321e-13,8.433893294945548,5.391903062835414e-14,,2.27373675443232e-13,,,8.433893294945776,2.6959515314177075e-14,,0.0,0.0,0.0,0.0,,,0.0,,,0.0,,,100.0,100.0,100.0,0.0,1.0,0.0,0.0,1.0,0.0,0.0,1.0,0.0,0.0,0.0,0.0,0.0,,,0.0,,,0.0,,
critical_route_policy,BEL,153.152142227672,670.346745177979,692.8072247659819,517.194602950307,4.3769988158667665,15.909129154608337,22.460479588002954,1.0335057636209446,0.3301104375863062,539.6550825383099,4.523653503560353,7.8386560042654985,-63.25768145332185,-1.1368683772161605e-13,1.1368683772161605e-13,63.25768145332174,1.797202096404784e-15,,2.273736754432321e-13,,,63.257681453321965,-1.797202096404784e-15,,0.0,0.0,0.0,0.0,,,0.0,,,0.0,,,100.0,100.0,100.0,0.0,1.0,0.0,0.0,1.0,0.0,0.0,1.0,0.0,0.0,0.0,0.0,0.0,,,0.0,,,0.0,,
critical_route_policy,BRA,330.7875,0.0,5794.265570147784,-330.7875,0.0,,5794.265570147784,,,5463.478070147784,17.516579587039363,15.391140364783462,22.052499999999952,-2191.253469739804,-1775.919031311174,-2213.305969739804,-99.36530868336057,,415.33443842863016,0.8104580578357518,,-1797.971531311174,-80.53141509176636,,0.0,0.0,0.0,0.0,,,0.0,,,0.0,,,100.0,0.0,100.0,-100.0,0.0,,100.0,,,0.0,1.0,0.0,0.0,0.0,0.0,0.0,,,0.0,,,0.0,,
critical_route_policy,CAN,1041.559124978034,15339.867786995092,19020.913255070296,14298.308662017058,14.727793573234358,30.86206490016692,3681.0454680752046,1.239965918819453,2.1741362140935028,17979.354130092262,18.261962090218773,15.631822801368989,0.0,1.8189894035458565e-12,0.0,1.8189894035458565e-12,,,-1.8189894035458565e-12,0.0,,0.0,,,0.0,0.0,0.0,0.0,,,0.0,,,0.0,,,100.0,100.0,100.0,0.0,1.0,0.0,0.0,1.0,0.0,0.0,1.0,0.0,0.0,0.0,0.0,0.0,,,0.0,,,0.0,,
critical_route_policy,CHE,269.64575898247386,424.372768314959,475.4249062246597,154.72700933248512,1.5738158460802711,4.639436290506582,51.05213790970072,1.120300221223929,1.1424436469005483,205.77914724218584,1.7631462405294527,2.876082197253216,0.0,0.0,1.1368683772161605e-13,0.0,,,1.1368683772161605e-13,,,1.1368683772161605e-13,,,0.0,0.0,0.0,0.0,,,0.0,,,0.0,,,100.0,100.0,100.0,0.0,1.0,0.0,0.0,1.0,0.0,0.0,1.0,0.0,0.0,0.0,0.0,0.0,,,0.0,,,0.0,,
critical_route_policy,CHN,32035.78327296675,351485.12425155216,435895.2171889266,319449.3409785854,10.97164134420123,27.06535678156996,84410.09293737443,1.2401526753575025,2.1756749979022327,403859.43391595985,13.606510366074138,13.942918156444396,-10931.72997267724,-84320.56136902189,-553887.103355438,-73388.83139634464,7.713377624563784,,-469566.5419864161,6.5688260889464125,,-542955.3733827608,50.66783617413009,,0.0,0.0,0.0,0.0,,,0.0,,,0.0,,,100.0,100.0,100.0,0.0,1.0,0.0,0.0,1.0,0.0,0.0,1.0,0.0,0.0,0.0,0.0,0.0,,,0.0,,,0.0,,
critical_route_policy,CZE,0.0,240.3069738541898,579.4265570147784,240.3069738541898,,,339.1195831605886,2.4111932655202715,9.200141770737446,579.4265570147784,,,-32.77269451035252,-88.3810466067807,-289.4040396562018,-55.60835209642818,2.6967891388626017,,-201.0229930494211,3.274503423158132,,-256.6313451458493,8.83064526674126,,0.0,0.0,0.0,0.0,,,0.0,,,0.0,,,0.0,100.0,100.0,100.0,,,0.0,1.0,0.0,100.0,,,0.0,0.0,0.0,0.0,,,0.0,,,0.0,,
critical_route_policy,DEU,1561.6294799540951,4460.708352185689,4288.494693200249,2899.0788722315942,2.8564447645524815,11.066371294957268,-172.21365898544082,0.9613932036374765,-0.3929438749839531,2726.8652132461534,2.7461665832066076,5.180769531215534,-1281.3281783884704,0.0,0.0,1281.3281783884704,-0.0,,0.0,,,1281.3281783884704,-0.0,,0.0,0.0,0.0,0.0,,,0.0,,,0.0,,,100.0,100.0,100.0,0.0,1.0,0.0,0.0,1.0,0.0,0.0,1.0,0.0,0.0,0.0,0.0,0.0,,,0.0,,,0.0,,
critical_route_policy,ESP,1122.773033450865,2341.844890685389,2411.1956846437247,1219.0718572345243,2.085768735901755,7.628333391320274,69.35079395833554,1.0296137435208352,0.2922635156674458,1288.4226511928598,2.147536156290526,3.8955685976760135,-244.3388371939775,0.0,0.0,244.3388371939775,-0.0,,0.0,,,244.3388371939775,-0.0,,0.0,0.0,0.0,0.0,,,0.0,,,0.0,,,100.0,100.0,100.0,0.0,1.0,0.0,0.0,1.0,0.0,0.0,1.0,0.0,0.0,0.0,0.0,0.0,,,0.0,,,0.0,,
critical_route_policy,FIN,103.8797756262904,591.61995119636,1297.414632685067,487.74017557006965,5.695237091430817,19.00115616564506,705.794681488707,2.1929866125397997,8.169195091019654,1193.5348570587767,12.48957869674789,13.455979469301461,61.49596248126922,-1.1368683772161605e-13,-2.273736754432321e-13,-61.49596248126933,-1.8486878346890406e-15,,-1.1368683772161605e-13,,,-61.495962481269444,-3.697375669378081e-15,,0.0,0.0,0.0,0.0,,,0.0,,,0.0,,,100.0,100.0,100.0,0.0,1.0,0.0,0.0,1.0,0.0,0.0,1.0,0.0,0.0,0.0,0.0,0.0,,,0.0,,,0.0,,
critical_route_policy,FRA,1036.3150481628118,3620.155444448098,3796.409417999258,2583.8403962852863,3.493296223832647,13.324429510143677,176.25397355116002,1.0486868523343285,0.47651940648936186,2760.0943698364463,3.6633738212424545,6.707282979678975,-675.8911012049257,-4.547473508864641e-13,0.0,675.8911012049252,6.728115669458825e-16,,4.547473508864641e-13,,,675.8911012049257,-0.0,,0.0,0.0,0.0,0.0,,,0.0,,,0.0,,,100.0,100.0,100.0,0.0,1.0,0.0,0.0,1.0,0.0,0.0,1.0,0.0,0.0,0.0,0.0,0.0,,,0.0,,,0.0,,
critical_route_policy,GBR,1454.4082462971974,3340.417398647268,3813.5317165579218,1886.0091523500705,2.296753615878962,8.670443848822917,473.1143179106539,1.1416332935226137,1.3334111894617529,2359.1234702607244,2.622050394905871,4.937823355900073,137.35902600060717,-4.547473508864641e-13,0.0,-137.35902600060763,-3.3106477537519375e-15,,4.547473508864641e-13,,,-137.35902600060717,0.0,,0.0,0.0,0.0,0.0,,,0.0,,,0.0,,,100.0,100.0,100.0,0.0,1.0,0.0,0.0,1.0,0.0,0.0,1.0,0.0,0.0,0.0,0.0,0.0,,,0.0,,,0.0,,
critical_route_policy,HUN,37.411274749114654,618.0963489551326,548.3543283472154,580.6850742060179,16.52165966276677,32.37481530470107,-69.7420206079172,0.8871664252251071,-1.1900886263478627,510.94305359810073,14.657461741802646,14.367581806913643,0.0,-2.273736754432321e-13,1.1368683772161605e-13,-2.273736754432321e-13,,,3.410605131648482e-13,,,1.1368683772161605e-13,,,0.0,0.0,0.0,0.0,,,0.0,,,0.0,,,100.0,100.0,100.0,0.0,1.0,0.0,0.0,1.0,0.0,0.0,1.0,0.0,0.0,0.0,0.0,0.0,,,0.0,,,0.0,,
critical_route_policy,IND,5408.915350957552,77172.63751656938,407799.0331186772,71763.72216561182,14.267673370578326,30.44736648687678,330626.39560210786,5.284243823221937,18.113158928705133,402390.11776771967,75.39386488022662,24.1271546829924,4489.441092861928,348.43148183380254,0.0,-4141.009611028126,0.07761132725135825,-22.55515568619355,-348.43148183380254,0.0,,-4489.441092861928,0.0,,0.0,0.0,0.0,0.0,,,0.0,,,0.0,,,100.0,100.0,100.0,0.0,1.0,0.0,0.0,1.0,0.0,0.0,1.0,0.0,0.0,0.0,0.0,0.0,,,0.0,,,0.0,,
critical_route_policy,ITA,0.0,2812.768801568557,2771.3924834072354,2812.768801568557,,,-41.376318161321706,0.9852898261178636,-0.14808466006658305,2771.3924834072354,,,-2523.4082297266878,0.0,0.0,2523.4082297266878,-0.0,,0.0,,,2523.4082297266878,-0.0,,0.0,0.0,0.0,0.0,,,0.0,,,0.0,,,0.0,100.0,100.0,100.0,,,0.0,1.0,0.0,100.0,,,0.0,0.0,0.0,0.0,,,0.0,,,0.0,,
critical_route_policy,JPN,808.7483760504771,10422.881545883203,61685.53613410673,9614.133169832727,12.887669211508465,29.12711204560583,51262.65458822353,5.918280454647505,19.459186836164278,60876.787758056256,76.27284080043297,24.199113537377336,593.6912211556122,9104.80807403398,58147.247417908926,8511.116852878367,15.335931793486164,31.392633365786637,49042.43934387495,6.386433074162121,20.372099802468902,57553.556196753314,97.94190202901446,25.76170791149297,0.0,0.0,0.0,0.0,,,0.0,,,0.0,,,100.0,100.0,100.0,0.0,1.0,0.0,0.0,1.0,0.0,0.0,1.0,0.0,0.0,0.0,0.0,0.0,,,0.0,,,0.0,,
critical_route_policy,KOR,12144.60452684283,75538.63349458342,501939.17273040273,63394.028967740596,6.21993357853875,20.054536309540396,426400.5392358193,6.644800806019277,20.8504290615392,489794.5682035599,41.330219656060656,20.45182532362095,11174.110447117537,73377.23580037807,499661.9624137176,62203.12535326053,6.566718321573991,20.707662184086463,426284.7266133395,6.80949557398213,21.146673670158943,488487.85196660005,44.716039346345454,20.926968704682693,0.0,0.0,0.0,0.0,,,0.0,,,0.0,,,100.0,100.0,100.0,0.0,1.0,0.0,0.0,1.0,0.0,0.0,1.0,0.0,0.0,0.0,0.0,0.0,,,0.0,,,0.0,,
critical_route_policy,NLD,566.5702002548845,1024.432599525441,1057.1421942263096,457.86239927055647,1.808130041192736,6.101852400192209,32.70959470086859,1.0319294746340766,0.31479771250446653,490.57199397142506,1.8658626834781111,3.167755914565129,373.8734542594001,0.0,-2.273736754432321e-13,-373.8734542594001,0.0,,-2.273736754432321e-13,,,-373.8734542594003,-6.081567783239197e-16,,0.0,0.0,0.0,0.0,,,0.0,,,0.0,,,100.0,100.0,100.0,0.0,1.0,0.0,0.0,1.0,0.0,0.0,1.0,0.0,0.0,0.0,0.0,0.0,,,0.0,,,0.0,,
critical_route_policy,NOR,187.86808136517973,289.0297564717278,327.87694117597545,101.16167510654807,1.538471859463498,4.4020330022132015,38.84718470424764,1.134405485367551,1.2690723579054985,140.0088598107957,1.7452509164590082,2.823620994465892,0.0,0.0,0.0,0.0,,,0.0,,,0.0,,,0.0,0.0,0.0,0.0,,,0.0,,,0.0,,,100.0,100.0,100.0,0.0,1.0,0.0,0.0,1.0,0.0,0.0,1.0,0.0,0.0,0.0,0.0,0.0,,,0.0,,,0.0,,
critical_route_policy,POL,937.7771043525596,2012.073957860273,2042.7804092872825,1074.2968535077134,2.1455780361042263,7.933045485279866,30.706451427009597,1.015261094805712,0.1515729125542098,1105.003304934723,2.178321905926266,3.9695353196937067,-12.971877445521386,6.821210263296962e-13,6.821210263296962e-13,12.971877445522068,-5.25846030533693e-14,,0.0,,0.0,12.971877445522068,-5.25846030533693e-14,,0.0,0.0,0.0,0.0,,,0.0,,,0.0,,,100.0,100.0,100.0,0.0,1.0,0.0,0.0,1.0,0.0,0.0,1.0,0.0,0.0,0.0,0.0,0.0,,,0.0,,,0.0,,
critical_route_policy,ROM,0.0,241.0378816713784,809.4760605648669,241.0378816713784,,,568.4381788934885,3.358293953431249,12.87866664116024,809.4760605648669,,,-24.085776114632854,-84.77514011474648,196.83503701104712,-60.68936400011363,3.5197180157812293,,281.6101771257936,-2.321848560139484,,220.92081312567998,-8.17225220703865,,0.0,0.0,0.0,0.0,,,0.0,,,0.0,,,0.0,100.0,100.0,100.0,,,0.0,1.0,0.0,100.0,,,0.0,0.0,0.0,0.0,,,0.0,,,0.0,,
critical_route_policy,RUS,115.36702711044576,11099.62351645731,12063.781464359392,10984.256489346864,96.21140281123105,57.87837755330067,964.157947902082,1.0868640225925261,0.8364438673667873,11948.414437248946,104.56871227868446,26.17406292905189,-527.3649094233141,3231.959875095828,-4216.92206205868,3759.324784519142,-6.128507637396754,,-7448.881937154509,-1.3047569354287383,,-3689.557152635366,7.996212843721406,,0.0,0.0,0.0,0.0,,,0.0,,,0.0,,,100.0,100.0,100.0,0.0,1.0,0.0,0.0,1.0,0.0,0.0,1.0,0.0,0.0,0.0,0.0,0.0,,,0.0,,,0.0,,
critical_route_policy,SVK,29.20051281891868,272.5356201453733,304.79397513294214,243.33510732645462,9.33324773559458,25.026847096861783,32.25835498756885,1.1183638122985975,1.12494783363839,275.59346231402344,10.437966518706808,12.442578192046216,-1.24911578016642,4.619229363016416,0.0,5.868345143182836,-3.697999365920263,,-4.619229363016416,0.0,,1.24911578016642,-0.0,,0.0,0.0,0.0,0.0,,,0.0,,,0.0,,,100.0,100.0,100.0,0.0,1.0,0.0,0.0,1.0,0.0,0.0,1.0,0.0,0.0,0.0,0.0,0.0,,,0.0,,,0.0,,
critical_route_policy,SWE,489.1338298357177,673.7614629371761,694.2725340874815,184.62763310145846,1.3774583188479688,3.2542286336254556,20.511071150305384,1.0304426303352079,0.30033458452842776,205.13870425176384,1.4193917732508146,1.766564642912205,1.1368683772161605e-13,0.0,-1.1368683772161605e-13,-1.1368683772161605e-13,,,-1.1368683772161605e-13,,,-2.273736754432321e-13,,,0.0,0.0,0.0,0.0,,,0.0,,,0.0,,,100.0,100.0,100.0,0.0,1.0,0.0,0.0,1.0,0.0,0.0,1.0,0.0,0.0,0.0,0.0,0.0,,,0.0,,,0.0,,
critical_route_policy,THA,185.72632162195708,7138.200481726305,23486.173134526405,6952.474160104348,38.433973275236646,44.036157946177724,16347.972652800101,3.290209233356598,12.647705913075757,23300.446812904447,126.45581374476436,27.378737476748285,-543.6630513674947,-417.5604394940101,3119.215888337927,126.10261187348465,0.768050060499248,,3536.776327831937,-7.470094370332878,,3662.8789397054215,-5.737406433069259,,0.0,0.0,0.0,0.0,,,0.0,,,0.0,,,100.0,100.0,100.0,0.0,1.0,0.0,0.0,1.0,0.0,0.0,1.0,0.0,0.0,0.0,0.0,0.0,,,0.0,,,0.0,,
critical_route_policy,TUR,49.93612410779088,2201.6591367556725,0.0,2151.7230126478817,44.08950786815624,46.02712172860388,-2201.6591367556725,0.0,,-49.93612410779088,0.0,,0.0,1019.664453221876,-2016.4748270316584,1019.664453221876,,,-3036.1392802535343,-1.977586666535368,,-2016.4748270316584,,,0.0,0.0,0.0,0.0,,,0.0,,,0.0,,,100.0,100.0,0.0,0.0,1.0,0.0,-100.0,0.0,,-100.0,0.0,,0.0,0.0,0.0,0.0,,,0.0,,,0.0,,
critical_route_policy,USA,6252.6435866509455,82861.90240029691,146422.80931347085,76609.25881364597,13.252299007927235,29.487880609021744,63560.90691317394,1.7670703311410598,5.858414130606726,140170.1657268199,23.41774439631832,17.07852787938693,-91.79088529530418,0.0323557862429879,2.9103830456733704e-11,91.82324108154717,-0.0003524945438634216,,-0.03235578621388407,8.994938413230816e-10,-87.5433913784638,91.79088529533328,-3.1706667130513655e-13,,0.0,0.0,0.0,0.0,,,0.0,,,0.0,,,100.0,100.0,100.0,0.0,1.0,0.0,0.0,1.0,0.0,0.0,1.0,0.0,0.0,0.0,0.0,0.0,,,0.0,,,0.0,,
critical_route_policy,VNM,110.2625,882.5763815193869,2939.989074031539,772.3138815193869,8.004320430965985,23.121088562272817,2057.4126925121523,3.331144063667603,12.78707698367132,2829.7265740315393,26.663544487305646,17.8408574900339,110.2625,15.780195264441318,1060.5625585200055,-94.48230473555869,0.14311479663930454,-17.668040113440576,1044.7823632555642,67.20845596314322,52.31490074454601,950.3000585200055,9.618524507606898,11.983857310887647,0.0,0.0,0.0,0.0,,,0.0,,,0.0,,,100.0,100.0,100.0,0.0,1.0,0.0,0.0,1.0,0.0,0.0,1.0,0.0,0.0,0.0,0.0,0.0,,,0.0,,,0.0,,
critical_route_policy,YUG,4.153942827247619,36.57371832905679,194.56162318959204,32.41977550180917,8.80457913121793,24.299923141362335,157.98790486053525,5.319711313985221,18.192197258000697,190.40768036234442,46.83781921921818,21.207594791243277,8.881784197001252e-16,0.0,0.0,-8.881784197001252e-16,,,0.0,,,-8.881784197001252e-16,,,0.0,0.0,0.0,0.0,,,0.0,,,0.0,,,100.0,100.0,100.0,0.0,1.0,0.0,0.0,1.0,0.0,0.0,1.0,0.0,0.0,0.0,0.0,0.0,,,0.0,,,0.0,,
current_policy,AUS,62.558014169243314,1562.05074918149,1772.646391962533,1499.4927350122466,24.96963450526972,37.95619850973735,210.59564278104313,1.1348199748896728,1.272771923005589,1710.0883777932897,28.33604000227449,18.199858828348493,1.201194589845194,-4.547473508864641e-13,0.0,-1.2011945898456486,-3.7857925329572996e-13,,4.547473508864641e-13,,,-1.201194589845194,0.0,,0.0,0.0,0.0,0.0,,,0.0,,,0.0,,,100.0,100.0,100.0,0.0,1.0,0.0,0.0,1.0,0.0,0.0,1.0,0.0,0.0,0.0,0.0,0.0,,,0.0,,,0.0,,
current_policy,BEL,200.80288141151257,670.346745177979,692.8072247659819,469.5438637664664,3.3383323011397095,12.81139157597635,22.460479588002954,1.0335057636209446,0.3301104375863062,492.00434335446937,3.4501856741098607,6.387872313697018,-15.606942269481266,-1.1368683772161605e-13,1.1368683772161605e-13,15.606942269481152,7.284376129456569e-15,,2.273736754432321e-13,,,15.60694226948138,-7.284376129456569e-15,,0.0,0.0,0.0,0.0,,,0.0,,,0.0,,,100.0,100.0,100.0,0.0,1.0,0.0,0.0,1.0,0.0,0.0,1.0,0.0,0.0,0.0,0.0,0.0,,,0.0,,,0.0,,
current_policy,BRA,242.5775,2191.253469739804,0.0,1948.6759697398043,9.033209880305487,24.6189851170155,-2191.253469739804,0.0,,-242.5775,0.0,,-66.15750000000008,0.0,-7570.184601458958,66.15750000000008,-0.0,,-7570.184601458958,,,-7504.027101458958,114.42670296578541,,0.0,0.0,0.0,0.0,,,0.0,,,0.0,,,100.0,100.0,0.0,0.0,1.0,0.0,-100.0,0.0,,-100.0,0.0,,0.0,0.0,0.0,0.0,,,0.0,,,0.0,,
current_policy,CAN,1041.559124978034,15339.867786995095,19020.913255070296,14298.308662017062,14.727793573234361,30.86206490016692,3681.045468075201,1.2399659188194525,2.1741362140935028,17979.354130092262,18.261962090218773,15.631822801368989,0.0,3.637978807091713e-12,0.0,3.637978807091713e-12,,,-3.637978807091713e-12,0.0,,0.0,,,0.0,0.0,0.0,0.0,,,0.0,,,0.0,,,100.0,100.0,100.0,0.0,1.0,0.0,0.0,1.0,0.0,0.0,1.0,0.0,0.0,0.0,0.0,0.0,,,0.0,,,0.0,,
current_policy,CHE,269.64575898247386,424.372768314959,475.4249062246596,154.72700933248512,1.5738158460802711,4.639436290506582,51.052137909700605,1.1203002212239288,1.1424436469005483,205.77914724218573,1.7631462405294522,2.876082197253216,0.0,0.0,0.0,0.0,,,0.0,,,0.0,,,0.0,0.0,0.0,0.0,,,0.0,,,0.0,,,100.0,100.0,100.0,0.0,1.0,0.0,0.0,1.0,0.0,0.0,1.0,0.0,0.0,0.0,0.0,0.0,,,0.0,,,0.0,,
current_policy,CHN,32286.181515151173,424825.3870392916,1087681.0219633456,392539.20552414045,13.158118027674803,29.39556098155325,662855.6349240539,2.560301373568212,9.857347532069038,1055394.8404481944,33.68874765982845,19.226897602250514,-10681.331730492817,-10980.298581282492,97898.70141898109,-298.96685078967494,1.0279896606839942,,108879.00000026358,-8.915850574943708,,108580.03314947391,-9.165402207245577,,0.0,0.0,0.0,0.0,,,0.0,,,0.0,,,100.0,100.0,100.0,0.0,1.0,0.0,0.0,1.0,0.0,0.0,1.0,0.0,0.0,0.0,0.0,0.0,,,0.0,,,0.0,,
current_policy,CZE,30.8735,284.86295106617445,811.1971798206897,253.98945106617444,9.226778663454887,24.88348517715655,526.3342287545153,2.8476752655428554,11.032225888883396,780.3236798206897,26.274869380559046,17.754368649239805,-1.8991945103525223,-43.82506939479606,-57.63341685029047,-41.92587488444354,23.075608715118598,,-13.808347455494413,1.3150787356684497,,-55.73422233993795,30.346242333858022,,0.0,0.0,0.0,0.0,,,0.0,,,0.0,,,100.0,100.0,100.0,0.0,1.0,0.0,0.0,1.0,0.0,0.0,1.0,0.0,0.0,0.0,0.0,0.0,,,0.0,,,0.0,,
current_policy,DEU,1773.0422937023347,4460.708352185689,4288.494693200249,2687.6660584833544,2.5158499422318745,9.66510869346937,-172.21365898544082,0.9613932036374765,-0.3929438749839531,2515.4523994979136,2.418721035833462,4.5151598409837845,-1069.9153646402308,0.0,0.0,1069.9153646402308,-0.0,,0.0,,,1069.9153646402308,-0.0,,0.0,0.0,0.0,0.0,,,0.0,,,0.0,,,100.0,100.0,100.0,0.0,1.0,0.0,0.0,1.0,0.0,0.0,1.0,0.0,0.0,0.0,0.0,0.0,,,0.0,,,0.0,,
current_policy,ESP,1365.804899400552,2341.844890685389,2411.1956846437247,976.0399912848372,1.71462621909851,5.539965054888096,69.35079395833554,1.0296137435208352,0.2922635156674458,1045.3907852431728,1.7654027201849927,2.8826612540673535,-1.3069712442900254,0.0,0.0,1.3069712442900254,-0.0,,0.0,,,1.3069712442900254,-0.0,,0.0,0.0,0.0,0.0,,,0.0,,,0.0,,,100.0,100.0,100.0,0.0,1.0,0.0,0.0,1.0,0.0,0.0,1.0,0.0,0.0,0.0,0.0,0.0,,,0.0,,,0.0,,
current_policy,FIN,47.0010691896335,591.61995119636,1297.414632685067,544.6188820067265,12.587372189542595,28.823029275613955,705.794681488707,2.1929866125397997,8.169195091019654,1250.4135634954337,27.603938698722697,18.0452599045384,4.617256044612304,-1.1368683772161605e-13,-2.273736754432321e-13,-4.617256044612418,-2.4622164468066003e-14,,-1.1368683772161605e-13,,,-4.617256044612532,-4.924432893613201e-14,,0.0,0.0,0.0,0.0,,,0.0,,,0.0,,,100.0,100.0,100.0,0.0,1.0,0.0,0.0,1.0,0.0,0.0,1.0,0.0,0.0,0.0,0.0,0.0,,,0.0,,,0.0,,
current_policy,FRA,0.0,3620.155444448098,3796.409417999258,3620.155444448098,,,176.25397355116002,1.0486868523343285,0.47651940648936186,3796.409417999258,,,-1712.2061493677377,-4.547473508864641e-13,0.0,1712.2061493677372,2.65591471596097e-16,,4.547473508864641e-13,,,1712.2061493677377,-0.0,,0.0,0.0,0.0,0.0,,,0.0,,,0.0,,,0.0,100.0,100.0,100.0,,,0.0,1.0,0.0,100.0,,,0.0,0.0,0.0,0.0,,,0.0,,,0.0,,
current_policy,GBR,1892.4740654889915,3340.417398647268,3813.531716557921,1447.9433331582763,1.7651060374157075,5.846640908935741,473.11431791065297,1.1416332935226134,1.3334111894617529,1921.0576510689293,2.0151038189115433,3.565443977460392,575.4248451924013,-4.547473508864641e-13,-9.094947017729282e-13,-575.4248451924018,-7.902810500551345e-16,,-4.547473508864641e-13,,,-575.4248451924022,-1.580562100110269e-15,,0.0,0.0,0.0,0.0,,,0.0,,,0.0,,,100.0,100.0,100.0,0.0,1.0,0.0,0.0,1.0,0.0,0.0,1.0,0.0,0.0,0.0,0.0,0.0,,,0.0,,,0.0,,
current_policy,HUN,37.411274749114654,618.0963489551326,548.3543283472154,580.6850742060179,16.52165966276677,32.37481530470107,-69.7420206079172,0.8871664252251071,-1.1900886263478627,510.94305359810073,14.657461741802646,14.367581806913643,0.0,-2.273736754432321e-13,1.1368683772161605e-13,-2.273736754432321e-13,,,3.410605131648482e-13,,,1.1368683772161605e-13,,,0.0,0.0,0.0,0.0,,,0.0,,,0.0,,,100.0,100.0,100.0,0.0,1.0,0.0,0.0,1.0,0.0,0.0,1.0,0.0,0.0,0.0,0.0,0.0,,,0.0,,,0.0,,
current_policy,IND,5935.71681315189,75778.91158923425,299780.8075224974,69843.19477608237,12.76659820113543,29.00528989449338,224001.89593326312,3.9559925213426608,14.74282713024535,293845.0907093455,50.50456700667843,21.665244327420965,5016.242555056267,-1045.2944455013203,-108018.22559617984,-6061.537000557587,-0.20838195801510545,,-106972.93115067852,103.33760603154703,,-113034.4681512361,-21.53369268144734,,0.0,0.0,0.0,0.0,,,0.0,,,0.0,,,100.0,100.0,100.0,0.0,1.0,0.0,0.0,1.0,0.0,0.0,1.0,0.0,0.0,0.0,0.0,0.0,,,0.0,,,0.0,,
current_policy,ITA,824.0438986011947,2812.768801568557,2771.3924834072354,1988.7249029673626,3.4133725234094943,13.062443928597457,-41.376318161321706,0.9852898261178636,-0.14808466006658305,1947.348584806041,3.363161220065634,6.252066235364495,-1699.3643311254928,0.0,0.0,1699.3643311254928,-0.0,,0.0,,,1699.3643311254928,-0.0,,0.0,0.0,0.0,0.0,,,0.0,,,0.0,,,100.0,100.0,100.0,0.0,1.0,0.0,0.0,1.0,0.0,0.0,1.0,0.0,0.0,0.0,0.0,0.0,,,0.0,,,0.0,,
current_policy,JPN,215.05715489486488,1318.073471849223,3538.288716197804,1103.0163169543582,6.12894498903601,19.877747048470006,2220.215244348581,2.684439670296737,10.378722878194369,3323.2315613029396,16.452783065634666,15.0302248138521,2.8421709430404014e-14,2.273736754432321e-13,0.0,1.989519660128281e-13,,23.11444133449163,-2.273736754432321e-13,,,-2.8421709430404014e-14,,,0.0,0.0,0.0,0.0,,,0.0,,,0.0,,,100.0,100.0,100.0,0.0,1.0,0.0,0.0,1.0,0.0,0.0,1.0,0.0,0.0,0.0,0.0,0.0,,,0.0,,,0.0,,
current_policy,KOR,10747.436305363895,15411.540169208594,19088.8939222506,4664.103863844699,1.4339736222969668,3.6702429410385484,3677.353753042007,1.2386103992636088,2.1629611311737795,8341.457616886706,1.7761346408467293,2.9138426065447476,9776.942225638602,13250.142475003237,16811.683605565537,3473.200249364634,1.35524401895888,3.086489378364643,3561.5411305623,1.2687926667416027,2.4092218017467637,7034.741379926934,1.7195236729004446,2.7472975581954495,0.0,0.0,0.0,0.0,,,0.0,,,0.0,,,100.0,100.0,100.0,0.0,1.0,0.0,0.0,1.0,0.0,0.0,1.0,0.0,0.0,0.0,0.0,0.0,,,0.0,,,0.0,,
current_policy,NLD,604.4714368192326,1024.432599525441,1057.1421942263098,419.96116270620837,1.6947576628534688,5.417026190693042,32.70959470086882,1.0319294746340768,0.31479771250446653,452.6707574070772,1.7488703846604559,2.834272777966196,411.7746908237482,0.0,0.0,-411.7746908237482,0.0,,0.0,,,-411.7746908237482,0.0,,0.0,0.0,0.0,0.0,,,0.0,,,0.0,,,100.0,100.0,100.0,0.0,1.0,0.0,0.0,1.0,0.0,0.0,1.0,0.0,0.0,0.0,0.0,0.0,,,0.0,,,0.0,,
current_policy,NOR,187.86808136517973,289.0297564717278,327.8769411759755,101.16167510654807,1.538471859463498,4.4020330022132015,38.847184704247695,1.1344054853675511,1.2690723579054985,140.00885981079577,1.7452509164590084,2.823620994465892,0.0,0.0,5.684341886080803e-14,0.0,,,5.684341886080803e-14,,,5.684341886080803e-14,,,0.0,0.0,0.0,0.0,,,0.0,,,0.0,,,100.0,100.0,100.0,0.0,1.0,0.0,0.0,1.0,0.0,0.0,1.0,0.0,0.0,0.0,0.0,0.0,,,0.0,,,0.0,,
current_policy,POL,998.3125324316596,2012.073957860273,2042.7804092872825,1013.7614254286133,2.015475006568658,7.259987420766545,30.706451427009597,1.015261094805712,0.1515729125542098,1044.4678768556228,2.0462333617224453,3.644857329105089,47.56355063357887,6.821210263296962e-13,6.821210263296962e-13,-47.56355063357819,1.434125537819149e-14,-95.8727695697806,0.0,,0.0,-47.56355063357819,1.434125537819149e-14,-79.68441379083686,0.0,0.0,0.0,0.0,,,0.0,,,0.0,,,100.0,100.0,100.0,0.0,1.0,0.0,0.0,1.0,0.0,0.0,1.0,0.0,0.0,0.0,0.0,0.0,,,0.0,,,0.0,,
current_policy,ROM,0.0,240.4628819364093,757.8641767492458,240.4628819364093,,,517.4012948128365,3.1516888205210143,12.164218076914167,757.8641767492458,,,-24.085776114632854,-85.35013984971556,145.223153195426,-61.26436373508271,3.5435910158553168,,230.57329304514155,-1.7014987140165765,,169.30892931005886,-6.029415556478516,,0.0,0.0,0.0,0.0,,,0.0,,,0.0,,,0.0,100.0,100.0,100.0,,,0.0,1.0,0.0,100.0,,,0.0,0.0,0.0,0.0,,,0.0,,,0.0,,
current_policy,RUS,168.98144683960206,4480.257239926093,19925.30594719162,4311.275793086491,26.513308553801014,38.78623443838735,15445.048707265527,4.447357569031084,16.094114900107126,19756.324500352017,117.91416347680352,26.93409726091469,-473.75048969415775,-3387.40640143539,3644.602420773548,-2913.655911741232,7.150190818002574,,7032.008822208938,-1.075927122068723,,4118.352910467705,-7.693084229055717,,0.0,0.0,0.0,0.0,,,0.0,,,0.0,,,100.0,100.0,100.0,0.0,1.0,0.0,0.0,1.0,0.0,0.0,1.0,0.0,0.0,0.0,0.0,0.0,,,0.0,,,0.0,,
current_policy,SVK,31.886808704814847,0.0,304.79397513294214,-31.886808704814847,0.0,,304.79397513294214,,,272.9071664281273,9.558622750696241,11.948883370464426,1.4371801057297446,-267.91639078235687,0.0,-269.3535708880866,-186.41810425445547,,267.91639078235687,-0.0,,-1.4371801057297446,0.0,,0.0,0.0,0.0,0.0,,,0.0,,,0.0,,,100.0,0.0,100.0,-100.0,0.0,,100.0,,,0.0,1.0,0.0,0.0,0.0,0.0,0.0,,,0.0,,,0.0,,
current_policy,SWE,489.1338298357176,673.7614629371761,694.2725340874815,184.6276331014585,1.377458318847969,3.2542286336254556,20.511071150305384,1.0304426303352079,0.30033458452842776,205.1387042517639,1.4193917732508148,1.766564642912205,0.0,0.0,-1.1368683772161605e-13,0.0,,,-1.1368683772161605e-13,,,-1.1368683772161605e-13,,,0.0,0.0,0.0,0.0,,,0.0,,,0.0,,,100.0,100.0,100.0,0.0,1.0,0.0,0.0,1.0,0.0,0.0,1.0,0.0,0.0,0.0,0.0,0.0,,,0.0,,,0.0,,
current_policy,THA,543.5010554969111,7555.339207616429,20366.95724618848,7011.838152119518,13.9012410945711,30.108406399801837,12811.618038572053,2.695703883904623,10.42495181855494,19823.45619069157,37.47362960972986,19.863315938977255,-185.88831749254064,-0.421713603886019,0.0,185.46660388865462,0.0022686396303680653,,0.421713603886019,-0.0,,185.88831749254064,-0.0,,0.0,0.0,0.0,0.0,,,0.0,,,0.0,,,100.0,100.0,100.0,0.0,1.0,0.0,0.0,1.0,0.0,0.0,1.0,0.0,0.0,0.0,0.0,0.0,,,0.0,,,0.0,,
current_policy,TUR,35.98289297473923,1181.994683533797,0.0,1146.0117905590578,32.84879524177177,41.79207060450345,-1181.994683533797,0.0,,-35.98289297473923,0.0,,-13.953231133051643,0.0,-2016.4748270316584,13.953231133051643,-0.0,,-2016.4748270316584,,,-2002.5215958986068,144.51669350299403,,0.0,0.0,0.0,0.0,,,0.0,,,0.0,,,100.0,100.0,0.0,0.0,1.0,0.0,-100.0,0.0,,-100.0,0.0,,0.0,0.0,0.0,0.0,,,0.0,,,0.0,,
current_policy,USA,6344.43447194625,85896.81685445076,146422.80931347085,79552.38238250451,13.538924112821775,29.76525228019291,60525.99245902008,1.704636035134798,5.478310897399452,140078.3748415246,23.078937919671425,16.99324606014512,0.0,3034.9468099400983,2.9103830456733704e-11,3034.9468099400983,,,-3034.946809940069,9.58956854249058e-15,-96.03557773309444,2.9103830456733704e-11,,,0.0,0.0,0.0,0.0,,,0.0,,,0.0,,,100.0,100.0,100.0,0.0,1.0,0.0,0.0,1.0,0.0,0.0,1.0,0.0,0.0,0.0,0.0,0.0,,,0.0,,,0.0,,
current_policy,VNM,110.2625,392.2196431615938,1041.7343585165854,281.9571431615938,3.557144479415883,13.529872603431281,649.5147153549916,2.655997415426215,10.261212720813395,931.4718585165854,9.447766543626214,11.88360663338388,110.2625,-474.5765430933518,-837.6921569949482,-584.8390430933518,-4.304061154910797,,-363.11561390159636,1.7651360337676225,,-947.9546569949482,-7.5972534360725374,,0.0,0.0,0.0,0.0,,,0.0,,,0.0,,,100.0,100.0,100.0,0.0,1.0,0.0,0.0,1.0,0.0,0.0,1.0,0.0,0.0,0.0,0.0,0.0,,,0.0,,,0.0,,
current_policy,YUG,4.153942827247618,36.57371832905679,194.561623189592,32.41977550180917,8.804579131217931,24.299923141362335,157.98790486053522,5.31971131398522,18.192197258000697,190.4076803623444,46.83781921921819,21.207594791243277,0.0,0.0,-2.8421709430404014e-14,0.0,,,-2.8421709430404014e-14,,,-2.8421709430404014e-14,,,0.0,0.0,0.0,0.0,,,0.0,,,0.0,,,100.0,100.0,100.0,0.0,1.0,0.0,0.0,1.0,0.0,0.0,1.0,0.0,0.0,0.0,0.0,0.0,,,0.0,,,0.0,,
reference_policy,AUS,61.35681957939812,1562.0507491814906,1772.646391962533,1500.6939296020923,25.45846997757333,38.22392784560813,210.59564278104244,1.1348199748896723,1.272771923005589,1711.2895723831348,28.890780260679243,18.31449750140619,0.0,0.0,0.0,0.0,,,0.0,,,0.0,,,0.0,0.0,0.0,0.0,,,0.0,,,0.0,,,100.0,100.0,100.0,0.0,1.0,0.0,0.0,1.0,0.0,0.0,1.0,0.0,0.0,0.0,0.0,0.0,,,0.0,,,0.0,,
reference_policy,BEL,216.40982368099384,670.3467451779791,692.8072247659818,453.93692149698524,3.097580016358805,11.970148292144156,22.460479588002727,1.0335057636209444,0.3301104375863062,476.39740108498796,3.201366800183884,5.9904587397551445,0.0,0.0,0.0,0.0,,,0.0,,,0.0,,,0.0,0.0,0.0,0.0,,,0.0,,,0.0,,,100.0,100.0,100.0,0.0,1.0,0.0,0.0,1.0,0.0,0.0,1.0,0.0,0.0,0.0,0.0,0.0,,,0.0,,,0.0,,
reference_policy,BRA,308.73500000000007,2191.253469739804,7570.184601458958,1882.518469739804,7.097522048811452,21.64959713851784,5378.931131719154,3.4547279472684025,13.198685920488007,7261.449601458959,24.520007778382613,17.348091330183024,0.0,0.0,0.0,0.0,,,0.0,,,0.0,,,0.0,0.0,0.0,0.0,,,0.0,,,0.0,,,100.0,100.0,100.0,0.0,1.0,0.0,0.0,1.0,0.0,0.0,1.0,0.0,0.0,0.0,0.0,0.0,,,0.0,,,0.0,,
reference_policy,CAN,1041.559124978034,15339.867786995092,19020.913255070296,14298.308662017058,14.727793573234358,30.86206490016692,3681.0454680752046,1.239965918819453,2.1741362140935028,17979.354130092262,18.261962090218773,15.631822801368989,0.0,0.0,0.0,0.0,,,0.0,,,0.0,,,0.0,0.0,0.0,0.0,,,0.0,,,0.0,,,100.0,100.0,100.0,0.0,1.0,0.0,0.0,1.0,0.0,0.0,1.0,0.0,0.0,0.0,0.0,0.0,,,0.0,,,0.0,,
reference_policy,CHE,269.64575898247386,424.372768314959,475.4249062246596,154.72700933248512,1.5738158460802711,4.639436290506582,51.052137909700605,1.1203002212239288,1.1424436469005483,205.77914724218573,1.7631462405294522,2.876082197253216,0.0,0.0,0.0,0.0,,,0.0,,,0.0,,,0.0,0.0,0.0,0.0,,,0.0,,,0.0,,,100.0,100.0,100.0,0.0,1.0,0.0,0.0,1.0,0.0,0.0,1.0,0.0,0.0,0.0,0.0,0.0,,,0.0,,,0.0,,
reference_policy,CHN,42967.51324564399,435805.6856205741,989782.3205443644,392838.1723749301,10.142678798493318,26.071020188202997,553976.6349237903,2.271155134506665,8.54871334849252,946814.8072987203,23.035597030849992,16.98225092705843,0.0,0.0,0.0,0.0,,,0.0,,,0.0,,,0.0,0.0,0.0,0.0,,,0.0,,,0.0,,,100.0,100.0,100.0,0.0,1.0,0.0,0.0,1.0,0.0,0.0,1.0,0.0,0.0,0.0,0.0,0.0,,,0.0,,,0.0,,
reference_policy,CZE,32.77269451035252,328.6880204609705,868.8305966709802,295.915325950618,10.029325490985848,25.929411155995187,540.1425762100097,2.6433290615596015,10.208508028647255,836.0579021606277,26.51080753816341,17.80701388469328,0.0,0.0,0.0,0.0,,,0.0,,,0.0,,,0.0,0.0,0.0,0.0,,,0.0,,,0.0,,,100.0,100.0,100.0,0.0,1.0,0.0,0.0,1.0,0.0,0.0,1.0,0.0,0.0,0.0,0.0,0.0,,,0.0,,,0.0,,
reference_policy,DEU,2842.957658342565,4460.708352185689,4288.494693200249,1617.7506938431243,1.569037913419459,4.607625420216643,-172.21365898544082,0.9613932036374765,-0.3929438749839531,1445.5370348576835,1.5084623862109952,2.076724165385402,0.0,0.0,0.0,0.0,,,0.0,,,0.0,,,0.0,0.0,0.0,0.0,,,0.0,,,0.0,,,100.0,100.0,100.0,0.0,1.0,0.0,0.0,1.0,0.0,0.0,1.0,0.0,0.0,0.0,0.0,0.0,,,0.0,,,0.0,,
reference_policy,ESP,1367.1118706448422,2341.844890685389,2411.1956846437247,974.733020040547,1.712987021011516,5.5298709960386105,69.35079395833554,1.0296137435208352,0.2922635156674458,1044.0838139988825,1.7637149793062705,2.877741181992799,0.0,0.0,0.0,0.0,,,0.0,,,0.0,,,0.0,0.0,0.0,0.0,,,0.0,,,0.0,,,100.0,100.0,100.0,0.0,1.0,0.0,0.0,1.0,0.0,0.0,1.0,0.0,0.0,0.0,0.0,0.0,,,0.0,,,0.0,,
reference_policy,FIN,42.38381314502119,591.6199511963601,1297.414632685067,549.2361380513389,13.958629658262767,30.162019594804622,705.7946814887069,2.192986612539799,8.169195091019654,1255.030819540046,30.611087969971237,18.65715693118364,0.0,0.0,0.0,0.0,,,0.0,,,0.0,,,0.0,0.0,0.0,0.0,,,0.0,,,0.0,,,100.0,100.0,100.0,0.0,1.0,0.0,0.0,1.0,0.0,0.0,1.0,0.0,0.0,0.0,0.0,0.0,,,0.0,,,0.0,,
reference_policy,FRA,1712.2061493677377,3620.1554444480985,3796.409417999258,1907.9492950803608,2.114322183567034,7.7747729624946915,176.25397355115956,1.0486868523343285,0.47651940648936186,2084.2032686315206,2.217261875505557,4.061683952817541,0.0,0.0,0.0,0.0,,,0.0,,,0.0,,,0.0,0.0,0.0,0.0,,,0.0,,,0.0,,,100.0,100.0,100.0,0.0,1.0,0.0,0.0,1.0,0.0,0.0,1.0,0.0,0.0,0.0,0.0,0.0,,,0.0,,,0.0,,
reference_policy,GBR,1317.0492202965902,3340.4173986472683,3813.5317165579218,2023.3681783506781,2.536288961087597,9.7538776902941,473.1143179106534,1.1416332935226134,1.3334111894617529,2496.4824962613316,2.8955119199714807,5.459635963853304,0.0,0.0,0.0,0.0,,,0.0,,,0.0,,,0.0,0.0,0.0,0.0,,,0.0,,,0.0,,,100.0,100.0,100.0,0.0,1.0,0.0,0.0,1.0,0.0,0.0,1.0,0.0,0.0,0.0,0.0,0.0,,,0.0,,,0.0,,
reference_policy,HUN,37.411274749114654,618.0963489551328,548.3543283472153,580.6850742060182,16.521659662766776,32.3748153047011,-69.74202060791754,0.8871664252251067,-1.1900886263478738,510.9430535981006,14.657461741802642,14.367581806913643,0.0,0.0,0.0,0.0,,,0.0,,,0.0,,,0.0,0.0,0.0,0.0,,,0.0,,,0.0,,,100.0,100.0,100.0,0.0,1.0,0.0,0.0,1.0,0.0,0.0,1.0,0.0,0.0,0.0,0.0,0.0,,,0.0,,,0.0,,
reference_policy,IND,919.474258095624,76824.20603473557,407799.0331186772,75904.73177663995,83.55231846713208,55.66674720840956,330974.82708394167,5.308210187480408,18.166619409112972,406879.5588605816,443.5132680748379,35.62674246633932,0.0,0.0,0.0,0.0,,,0.0,,,0.0,,,0.0,0.0,0.0,0.0,,,0.0,,,0.0,,,100.0,100.0,100.0,0.0,1.0,0.0,0.0,1.0,0.0,0.0,1.0,0.0,0.0,0.0,0.0,0.0,,,0.0,,,0.0,,
reference_policy,ITA,2523.4082297266878,2812.768801568557,2771.3924834072354,289.3605718418694,1.1146705350458535,1.0915026655500482,-41.376318161321706,0.9852898261178636,-0.14808466006658305,247.98425368054768,1.0982735376540351,0.4697972813081597,0.0,0.0,0.0,0.0,,,0.0,,,0.0,,,0.0,0.0,0.0,0.0,,,0.0,,,0.0,,,100.0,100.0,100.0,0.0,1.0,0.0,0.0,1.0,0.0,0.0,1.0,0.0,0.0,0.0,0.0,0.0,,,0.0,,,0.0,,
reference_policy,JPN,215.05715489486485,1318.0734718492229,3538.288716197804,1103.016316954358,6.128944989036009,19.877747048469985,2220.215244348581,2.6844396702967375,10.378722878194369,3323.2315613029396,16.45278306563467,15.0302248138521,0.0,0.0,0.0,0.0,,,0.0,,,0.0,,,0.0,0.0,0.0,0.0,,,0.0,,,0.0,,,100.0,100.0,100.0,0.0,1.0,0.0,0.0,1.0,0.0,0.0,1.0,0.0,0.0,0.0,0.0,0.0,,,0.0,,,0.0,,
reference_policy,KOR,970.4940797252935,2161.397694205358,2277.2103166850625,1190.9036144800648,2.2271106432891994,8.336344965681942,115.81262247970426,1.0535822827933028,0.5233251415684759,1306.716236959769,2.346444315589896,4.356742137891456,0.0,0.0,0.0,0.0,,,0.0,,,0.0,,,0.0,0.0,0.0,0.0,,,0.0,,,0.0,,,100.0,100.0,100.0,0.0,1.0,0.0,0.0,1.0,0.0,0.0,1.0,0.0,0.0,0.0,0.0,0.0,,,0.0,,,0.0,,
reference_policy,NLD,192.6967459954844,1024.432599525441,1057.1421942263098,831.7358535299566,5.31629423337251,18.184603066688943,32.70959470086882,1.0319294746340768,0.31479771250446653,864.4454482308254,5.486040715244266,8.883720313771137,0.0,0.0,0.0,0.0,,,0.0,,,0.0,,,0.0,0.0,0.0,0.0,,,0.0,,,0.0,,,100.0,100.0,100.0,0.0,1.0,0.0,0.0,1.0,0.0,0.0,1.0,0.0,0.0,0.0,0.0,0.0,,,0.0,,,0.0,,
reference_policy,NOR,187.86808136517973,289.0297564717278,327.87694117597545,101.16167510654807,1.538471859463498,4.4020330022132015,38.84718470424764,1.134405485367551,1.2690723579054985,140.0088598107957,1.7452509164590082,2.823620994465892,0.0,0.0,0.0,0.0,,,0.0,,,0.0,,,0.0,0.0,0.0,0.0,,,0.0,,,0.0,,,100.0,100.0,100.0,0.0,1.0,0.0,0.0,1.0,0.0,0.0,1.0,0.0,0.0,0.0,0.0,0.0,,,0.0,,,0.0,,
reference_policy,POL,950.7489817980808,2012.073957860272,2042.7804092872816,1061.3249760621911,2.1163040890719507,7.784871204429122,30.706451427009597,1.015261094805712,0.1515729125542098,1092.0314274892007,2.1486012064129936,3.8981442919008513,0.0,0.0,0.0,0.0,,,0.0,,,0.0,,,0.0,0.0,0.0,0.0,,,0.0,,,0.0,,,100.0,100.0,100.0,0.0,1.0,0.0,0.0,1.0,0.0,0.0,1.0,0.0,0.0,0.0,0.0,0.0,,,0.0,,,0.0,,
reference_policy,ROM,24.085776114632854,325.81302178612486,612.6410235538198,301.727245671492,13.52719631019834,29.754007259503325,286.8280017676949,1.8803454208038957,6.51818645767106,588.5552474391869,25.435801638196804,17.56343623294523,0.0,0.0,0.0,0.0,,,0.0,,,0.0,,,0.0,0.0,0.0,0.0,,,0.0,,,0.0,,,100.0,100.0,100.0,0.0,1.0,0.0,0.0,1.0,0.0,0.0,1.0,0.0,0.0,0.0,0.0,0.0,,,0.0,,,0.0,,
reference_policy,RUS,642.7319365337598,7867.663641361482,16280.703526418072,7224.931704827723,12.240972004272312,28.464044339390494,8413.03988505659,2.069318703563785,7.543146348699081,15637.971589884313,25.33047231824137,17.539046792701352,0.0,0.0,0.0,0.0,,,0.0,,,0.0,,,0.0,0.0,0.0,0.0,,,0.0,,,0.0,,,100.0,100.0,100.0,0.0,1.0,0.0,0.0,1.0,0.0,0.0,1.0,0.0,0.0,0.0,0.0,0.0,,,0.0,,,0.0,,
reference_policy,SVK,30.449628599085106,267.91639078235687,304.79397513294214,237.46676218327175,8.798675159880496,24.291585608014255,36.877584350585266,1.13764586870888,1.2979623424632436,274.34434653385705,10.00977644574949,12.207327561107517,0.0,0.0,0.0,0.0,,,0.0,,,0.0,,,0.0,0.0,0.0,0.0,,,0.0,,,0.0,,,100.0,100.0,100.0,0.0,1.0,0.0,0.0,1.0,0.0,0.0,1.0,0.0,0.0,0.0,0.0,0.0,,,0.0,,,0.0,,
reference_policy,SWE,489.1338298357176,673.7614629371761,694.2725340874816,184.6276331014585,1.377458318847969,3.2542286336254556,20.511071150305497,1.030442630335208,0.30033458452842776,205.138704251764,1.419391773250815,1.766564642912205,0.0,0.0,0.0,0.0,,,0.0,,,0.0,,,0.0,0.0,0.0,0.0,,,0.0,,,0.0,,,100.0,100.0,100.0,0.0,1.0,0.0,0.0,1.0,0.0,0.0,1.0,0.0,0.0,0.0,0.0,0.0,,,0.0,,,0.0,,
reference_policy,THA,729.3893729894518,7555.760921220315,20366.95724618848,6826.3715482308635,10.359022493366632,26.33738331891673,12811.196324968167,2.69555342718534,10.424335482562896,19637.56787319903,27.92329858428445,18.113172845357116,0.0,0.0,0.0,0.0,,,0.0,,,0.0,,,0.0,0.0,0.0,0.0,,,0.0,,,0.0,,,100.0,100.0,100.0,0.0,1.0,0.0,0.0,1.0,0.0,0.0,1.0,0.0,0.0,0.0,0.0,0.0,,,0.0,,,0.0,,
reference_policy,TUR,49.93612410779088,1181.994683533797,2016.4748270316584,1132.058559426006,23.670132687558457,37.220838643047614,834.4801434978615,1.705993144574073,5.486705320092122,1966.5387029238675,40.38108409613341,20.311986808110994,0.0,0.0,0.0,0.0,,,0.0,,,0.0,,,0.0,0.0,0.0,0.0,,,0.0,,,0.0,,,100.0,100.0,100.0,0.0,1.0,0.0,0.0,1.0,0.0,0.0,1.0,0.0,0.0,0.0,0.0,0.0,,,0.0,,,0.0,,
reference_policy,USA,6344.43447194625,82861.87004451067,146422.80931347082,76517.43557256441,13.060560466170527,29.29930229578146,63560.93926896015,1.7670710211441922,5.858418264150433,140078.37484152458,23.078937919671418,16.99324606014512,0.0,0.0,0.0,0.0,,,0.0,,,0.0,,,0.0,0.0,0.0,0.0,,,0.0,,,0.0,,,100.0,100.0,100.0,0.0,1.0,0.0,0.0,1.0,0.0,0.0,1.0,0.0,0.0,0.0,0.0,0.0,,,0.0,,,0.0,,
reference_policy,VNM,0.0,866.7961862549456,1879.4265155115336,866.7961862549456,,,1012.630329256588,2.1682450215104536,8.04653299957705,1879.4265155115336,,,0.0,0.0,0.0,0.0,,,0.0,,,0.0,,,0.0,0.0,0.0,0.0,,,0.0,,,0.0,,,0.0,100.0,100.0,100.0,,,0.0,1.0,0.0,100.0,,,0.0,0.0,0.0,0.0,,,0.0,,,0.0,,
reference_policy,YUG,4.153942827247618,36.57371832905679,194.56162318959204,32.41977550180917,8.804579131217931,24.299923141362335,157.98790486053525,5.319711313985221,18.192197258000697,190.40768036234442,46.8378192192182,21.207594791243277,0.0,0.0,0.0,0.0,,,0.0,,,0.0,,,0.0,0.0,0.0,0.0,,,0.0,,,0.0,,,100.0,100.0,100.0,0.0,1.0,0.0,0.0,1.0,0.0,0.0,1.0,0.0,0.0,0.0,0.0,0.0,,,0.0,,,0.0,,
route_access_open,AUS,151.67355260381453,1562.05074918149,1772.6463919625326,1410.3771965776755,10.298768126449257,26.26370476511173,210.59564278104267,1.1348199748896726,1.272771923005589,1620.972839358718,11.687247786651707,13.079951250568156,90.3167330244164,-6.821210263296962e-13,-4.547473508864641e-13,-90.31673302441708,-7.552543183169506e-15,,2.2737367544323206e-13,,,-90.31673302441685,-5.03502878877967e-15,,0.0,0.0,0.0,0.0,,,0.0,,,0.0,,,100.0,100.0,100.0,0.0,1.0,0.0,0.0,1.0,0.0,0.0,1.0,0.0,0.0,0.0,0.0,0.0,,,0.0,,,0.0,,
route_access_open,BEL,153.62919079751546,670.3467451779792,692.8072247659819,516.7175543804638,4.363407381748835,15.873086719516461,22.460479588002727,1.0335057636209442,0.3301104375863062,539.1780339684665,4.509606678063595,7.821888257037601,-62.780632883478376,1.1368683772161605e-13,1.1368683772161605e-13,62.78063288347849,-1.8108584208225523e-15,,0.0,,0.0,62.78063288347849,-1.8108584208225523e-15,,0.0,0.0,0.0,0.0,,,0.0,,,0.0,,,100.0,100.0,100.0,0.0,1.0,0.0,0.0,1.0,0.0,0.0,1.0,0.0,0.0,0.0,0.0,0.0,,,0.0,,,0.0,,
route_access_open,BRA,198.1465072990229,2191.253469739804,7600.672983535448,1993.1069624407812,11.058753947315275,27.16588543429146,5409.419513795644,3.468641619281942,13.244193474614562,7402.526476236425,38.35885419905622,20.00332551013564,-110.58849270097718,0.0,30.48838207648987,110.58849270097718,-0.0,,30.48838207648987,,,141.07687477746705,-0.2756921749438083,,0.0,0.0,0.0,0.0,,,0.0,,,0.0,,,100.0,100.0,100.0,0.0,1.0,0.0,0.0,1.0,0.0,0.0,1.0,0.0,0.0,0.0,0.0,0.0,,,0.0,,,0.0,,
route_access_open,CAN,1041.559124978034,15339.867786995092,19020.9132550703,14298.308662017058,14.727793573234358,30.86206490016692,3681.045468075208,1.2399659188194532,2.1741362140935028,17979.354130092266,18.261962090218777,15.631822801368989,0.0,0.0,3.637978807091713e-12,0.0,,,3.637978807091713e-12,,,3.637978807091713e-12,,,0.0,0.0,0.0,0.0,,,0.0,,,0.0,,,100.0,100.0,100.0,0.0,1.0,0.0,0.0,1.0,0.0,0.0,1.0,0.0,0.0,0.0,0.0,0.0,,,0.0,,,0.0,,
route_access_open,CHE,269.64575898247386,424.3727683149591,475.4249062246596,154.72700933248524,1.5738158460802716,4.639436290506582,51.05213790970049,1.1203002212239284,1.1424436469005483,205.77914724218573,1.7631462405294522,2.876082197253216,0.0,5.684341886080803e-14,0.0,5.684341886080803e-14,,,-5.684341886080803e-14,,,0.0,,,0.0,0.0,0.0,0.0,,,0.0,,,0.0,,,100.0,100.0,100.0,0.0,1.0,0.0,0.0,1.0,0.0,0.0,1.0,0.0,0.0,0.0,0.0,0.0,,,0.0,,,0.0,,
route_access_open,CHN,37852.99787778198,433925.3835917733,1393566.7489306952,396072.3857139913,11.463435075679122,27.623742979429956,959641.365338922,3.2115354427887763,12.375405515223758,1355713.7510529133,36.81522804165154,19.75712868420039,-5114.515367862012,-1880.30202880071,403784.4283863307,3234.2133390613017,0.3676403126317559,,405664.73041513143,-214.7444517963274,,408898.94375419273,-78.94871739433684,,0.0,0.0,0.0,0.0,,,0.0,,,0.0,,,100.0,100.0,100.0,0.0,1.0,0.0,0.0,1.0,0.0,0.0,1.0,0.0,0.0,0.0,0.0,0.0,,,0.0,,,0.0,,
route_access_open,CZE,30.8735,242.4996973057555,811.1971798206897,211.62619730575548,7.854622809391727,22.88886509516146,568.6974825149342,3.345147185061813,12.834399807041752,780.3236798206897,26.274869380559046,17.754368649239805,-1.8991945103525223,-86.18832315521502,-57.63341685029047,-84.2891286448625,45.38151447121497,,28.554906304924543,0.668691706027271,,-55.73422233993795,30.346242333858022,,0.0,0.0,0.0,0.0,,,0.0,,,0.0,,,100.0,100.0,100.0,0.0,1.0,0.0,0.0,1.0,0.0,0.0,1.0,0.0,0.0,0.0,0.0,0.0,,,0.0,,,0.0,,
route_access_open,DEU,1773.0422937023347,4460.708352185688,4288.494693200249,2687.6660584833535,2.515849942231874,9.66510869346937,-172.2136589854399,0.9613932036374767,-0.3929438749839531,2515.4523994979136,2.418721035833462,4.5151598409837845,-1069.9153646402308,-9.094947017729282e-13,0.0,1069.9153646402299,8.500622870097341e-16,,9.094947017729282e-13,,,1069.9153646402308,-0.0,,0.0,0.0,0.0,0.0,,,0.0,,,0.0,,,100.0,100.0,100.0,0.0,1.0,0.0,0.0,1.0,0.0,0.0,1.0,0.0,0.0,0.0,0.0,0.0,,,0.0,,,0.0,,
route_access_open,ESP,1105.3202593655803,2341.844890685389,2411.1956846437247,1236.5246313198088,2.118702584922795,7.7970806886558774,69.35079395833554,1.0296137435208352,0.2922635156674458,1305.8754252781443,2.181445299869629,3.976984100551517,-261.7916112792618,0.0,0.0,261.7916112792618,-0.0,,0.0,,,261.7916112792618,-0.0,,0.0,0.0,0.0,0.0,,,0.0,,,0.0,,,100.0,100.0,100.0,0.0,1.0,0.0,0.0,1.0,0.0,0.0,1.0,0.0,0.0,0.0,0.0,0.0,,,0.0,,,0.0,,
route_access_open,FIN,54.82041571292567,591.6199511963601,1297.414632685067,536.7995354834345,10.791963970037292,26.855718269976347,705.7946814887069,2.192986612539799,8.169195091019654,1242.5942169721413,23.666632509303646,17.140432549809614,12.436602567904472,0.0,-2.273736754432321e-13,-12.436602567904472,0.0,,-2.273736754432321e-13,,,-12.4366025679047,-1.8282619726871585e-14,,0.0,0.0,0.0,0.0,,,0.0,,,0.0,,,100.0,100.0,100.0,0.0,1.0,0.0,0.0,1.0,0.0,0.0,1.0,0.0,0.0,0.0,0.0,0.0,,,0.0,,,0.0,,
route_access_open,FRA,2446.613838576117,3620.155444448098,3796.4094179992576,1173.5416058719811,1.4796595144556854,3.9958907497312124,176.25397355115956,1.0486868523343285,0.47651940648936186,1349.7955794231407,1.5516994787410736,2.221060134937547,734.4076892083795,-4.547473508864641e-13,-4.547473508864641e-13,-734.4076892083799,-6.192028726940997e-16,,0.0,,,-734.4076892083799,-6.192028726940997e-16,,0.0,0.0,0.0,0.0,,,0.0,,,0.0,,,100.0,100.0,100.0,0.0,1.0,0.0,0.0,1.0,0.0,0.0,1.0,0.0,0.0,0.0,0.0,0.0,,,0.0,,,0.0,,
route_access_open,GBR,1892.4740654889915,3340.4173986472683,3813.5317165579218,1447.9433331582768,1.7651060374157077,5.846640908935741,473.1143179106534,1.1416332935226134,1.3334111894617529,1921.0576510689302,2.0151038189115438,3.565443977460392,575.4248451924013,0.0,0.0,-575.4248451924013,0.0,,0.0,,,-575.4248451924013,0.0,,0.0,0.0,0.0,0.0,,,0.0,,,0.0,,,100.0,100.0,100.0,0.0,1.0,0.0,0.0,1.0,0.0,0.0,1.0,0.0,0.0,0.0,0.0,0.0,,,0.0,,,0.0,,
route_access_open,HUN,37.411274749114654,618.0963489551328,548.3543283472153,580.6850742060182,16.521659662766776,32.3748153047011,-69.74202060791754,0.8871664252251067,-1.1900886263478738,510.9430535981006,14.657461741802642,14.367581806913643,0.0,0.0,0.0,0.0,,,0.0,,,0.0,,,0.0,0.0,0.0,0.0,,,0.0,,,0.0,,,100.0,100.0,100.0,0.0,1.0,0.0,0.0,1.0,0.0,0.0,1.0,0.0,0.0,0.0,0.0,0.0,,,0.0,,,0.0,,
route_access_open,IND,5792.9893105806295,76824.20603473557,0.0,71031.21672415495,13.261582564017456,29.49694869013262,-76824.20603473557,0.0,,-5792.9893105806295,0.0,,4873.515052485006,0.0,-407799.0331186772,-4873.515052485006,0.0,,-407799.0331186772,,,-412672.5481711622,-83.67657198693588,,0.0,0.0,0.0,0.0,,,0.0,,,0.0,,,100.0,100.0,0.0,0.0,1.0,0.0,-100.0,0.0,,-100.0,0.0,,0.0,0.0,0.0,0.0,,,0.0,,,0.0,,
route_access_open,ITA,2394.2337070031303,2812.7688015685567,2771.392483407235,418.53509456542633,1.1748096241988457,1.62410868875571,-41.376318161321706,0.9852898261178636,-0.14808466006658305,377.15877640410463,1.1575279703484733,0.7341148632667993,-129.17452272355695,-4.547473508864641e-13,-4.547473508864641e-13,129.1745227235565,3.5204105368336226e-15,,0.0,,,129.1745227235565,3.5204105368336226e-15,,0.0,0.0,0.0,0.0,,,0.0,,,0.0,,,100.0,100.0,100.0,0.0,1.0,0.0,0.0,1.0,0.0,0.0,1.0,0.0,0.0,0.0,0.0,0.0,,,0.0,,,0.0,,
route_access_open,JPN,215.05715489486488,1318.0734718492229,3538.288716197804,1103.016316954358,6.128944989036008,19.877747048469985,2220.215244348581,2.6844396702967375,10.378722878194369,3323.2315613029396,16.452783065634666,15.0302248138521,2.8421709430404014e-14,0.0,0.0,-2.8421709430404014e-14,,,0.0,,,-2.8421709430404014e-14,,,0.0,0.0,0.0,0.0,,,0.0,,,0.0,,,100.0,100.0,100.0,0.0,1.0,0.0,0.0,1.0,0.0,0.0,1.0,0.0,0.0,0.0,0.0,0.0,,,0.0,,,0.0,,
route_access_open,KOR,970.4940797252935,2161.397694205358,2277.2103166850625,1190.9036144800648,2.2271106432891994,8.336344965681942,115.81262247970426,1.0535822827933028,0.5233251415684759,1306.716236959769,2.346444315589896,4.356742137891456,0.0,0.0,0.0,0.0,,,0.0,,,0.0,,,0.0,0.0,0.0,0.0,,,0.0,,,0.0,,,100.0,100.0,100.0,0.0,1.0,0.0,0.0,1.0,0.0,0.0,1.0,0.0,0.0,0.0,0.0,0.0,,,0.0,,,0.0,,
route_access_open,NLD,605.0224316273309,1024.432599525441,1057.1421942263096,419.4101678981101,1.6932142445859752,5.407421910149757,32.70959470086859,1.0319294746340766,0.31479771250446653,452.1197625989787,1.7472776858585402,2.829588185080678,412.32568563184645,0.0,-2.273736754432321e-13,-412.32568563184645,0.0,,-2.273736754432321e-13,,,-412.3256856318467,-5.514419386578003e-16,,0.0,0.0,0.0,0.0,,,0.0,,,0.0,,,100.0,100.0,100.0,0.0,1.0,0.0,0.0,1.0,0.0,0.0,1.0,0.0,0.0,0.0,0.0,0.0,,,0.0,,,0.0,,
route_access_open,NOR,187.86808136517973,289.0297564717278,327.8769411759755,101.16167510654807,1.538471859463498,4.4020330022132015,38.847184704247695,1.1344054853675511,1.2690723579054985,140.00885981079577,1.7452509164590084,2.823620994465892,0.0,0.0,5.684341886080803e-14,0.0,,,5.684341886080803e-14,,,5.684341886080803e-14,,,0.0,0.0,0.0,0.0,,,0.0,,,0.0,,,100.0,100.0,100.0,0.0,1.0,0.0,0.0,1.0,0.0,0.0,1.0,0.0,0.0,0.0,0.0,0.0,,,0.0,,,0.0,,
route_access_open,POL,998.3125324316596,2012.073957860272,2042.7804092872816,1013.7614254286124,2.015475006568657,7.259987420766545,30.706451427009597,1.015261094805712,0.1515729125542098,1044.4678768556219,2.0462333617224444,3.644857329105089,47.56355063357887,0.0,0.0,-47.56355063357887,0.0,,0.0,,,-47.56355063357887,0.0,,0.0,0.0,0.0,0.0,,,0.0,,,0.0,,,100.0,100.0,100.0,0.0,1.0,0.0,0.0,1.0,0.0,0.0,1.0,0.0,0.0,0.0,0.0,0.0,,,0.0,,,0.0,,
route_access_open,ROM,22.413206688787103,284.86295106617445,811.1971798206897,262.44974437738733,12.709602647294817,28.947580383263215,526.3342287545153,2.8476752655428554,11.032225888883396,788.7839731319026,36.19282109357944,19.65507458081095,-1.6725694258457473,-40.95007071995042,198.55615626686995,-39.27750129410467,24.483330908218477,,239.50622698682037,-4.848737811095784,,200.2287256927157,-118.71325231624901,,0.0,0.0,0.0,0.0,,,0.0,,,0.0,,,100.0,100.0,100.0,0.0,1.0,0.0,0.0,1.0,0.0,0.0,1.0,0.0,0.0,0.0,0.0,0.0,,,0.0,,,0.0,,
route_access_open,RUS,608.3142311770783,7776.403934884819,16875.218689669233,7168.089703707741,12.783531169141977,29.022390297483327,9098.814754784413,2.170054286142118,8.055545422234678,16266.904458492154,27.740956605627908,18.074488164357504,-34.417705356681495,-91.25970647666328,594.5151632511606,-56.84200111998179,2.651533724602215,,685.7748697278239,-6.51454169867606,,628.9328686078421,-17.273527014366973,,0.0,0.0,0.0,0.0,,,0.0,,,0.0,,,100.0,100.0,100.0,0.0,1.0,0.0,0.0,1.0,0.0,0.0,1.0,0.0,0.0,0.0,0.0,0.0,,,0.0,,,0.0,,
route_access_open,SVK,22.610162393693777,116.81287257997587,304.79397513294214,94.2027101862821,5.166388040298033,17.847046388133126,187.98110255296626,2.609249891738302,10.065590373232691,282.18381273924837,13.4803974348257,13.889879859676778,-7.839466205391325,-151.103518202381,0.0,-143.26405199698968,19.2747202734881,,151.103518202381,-0.0,,7.839466205391325,-0.0,,0.0,0.0,0.0,0.0,,,0.0,,,0.0,,,100.0,100.0,100.0,0.0,1.0,0.0,0.0,1.0,0.0,0.0,1.0,0.0,0.0,0.0,0.0,0.0,,,0.0,,,0.0,,
route_access_open,SWE,489.1338298357177,673.7614629371761,694.2725340874815,184.62763310145846,1.3774583188479688,3.2542286336254556,20.511071150305384,1.0304426303352079,0.30033458452842776,205.13870425176384,1.4193917732508146,1.766564642912205,1.1368683772161605e-13,0.0,-1.1368683772161605e-13,-1.1368683772161605e-13,,,-1.1368683772161605e-13,,,-2.273736754432321e-13,,,0.0,0.0,0.0,0.0,,,0.0,,,0.0,,,100.0,100.0,100.0,0.0,1.0,0.0,0.0,1.0,0.0,0.0,1.0,0.0,0.0,0.0,0.0,0.0,,,0.0,,,0.0,,
route_access_open,THA,714.0695664715677,7555.760921220315,20319.151484349823,6841.6913547487475,10.581267254611621,26.605848553197653,12763.390563129507,2.689226365975079,10.398389026351197,19605.081917878255,28.45542288653031,18.22470859167815,-15.319806517884103,0.0,-47.8057618386556,15.319806517884103,-0.0,,-47.8057618386556,,,-32.485955320771495,3.120519948006386,,0.0,0.0,0.0,0.0,,,0.0,,,0.0,,,100.0,100.0,100.0,0.0,1.0,0.0,0.0,1.0,0.0,0.0,1.0,0.0,0.0,0.0,0.0,0.0,,,0.0,,,0.0,,
route_access_open,TUR,95.3890847652366,2201.6591367556725,6041.295474391065,2106.270051990436,23.080828819924275,36.8753176312663,3839.6363376353925,2.7439740210164483,10.621106830261628,5945.9063896258285,63.33319466539994,23.049986323096782,45.45296065744572,1019.664453221876,4024.8206473594064,974.2114925644303,22.43340012340523,36.48644129413161,3005.1561941375303,3.9472010960488166,14.717302228457774,3979.367686701961,88.54914155520679,25.129358409709578,0.0,0.0,0.0,0.0,,,0.0,,,0.0,,,100.0,100.0,100.0,0.0,1.0,0.0,0.0,1.0,0.0,0.0,1.0,0.0,0.0,0.0,0.0,0.0,,,0.0,,,0.0,,
route_access_open,USA,6252.6435866509455,83468.85940649868,146422.80931347082,77216.21581984774,13.349371069974334,29.58241827738619,62953.949906972135,1.7542207998839707,5.781184458698263,140170.16572681986,23.417744396318312,17.07852787938693,-91.79088529530418,606.9893619880168,0.0,698.7802472833209,-6.6127411238626435,,-606.9893619880168,0.0,,91.79088529530418,-0.0,,0.0,0.0,0.0,0.0,,,0.0,,,0.0,,,100.0,100.0,100.0,0.0,1.0,0.0,0.0,1.0,0.0,0.0,1.0,0.0,0.0,0.0,0.0,0.0,,,0.0,,,0.0,,
route_access_open,VNM,110.2625,1489.946018399989,1151.0900775930008,1379.683518399989,13.512717545856379,29.740112412861606,-338.8559408069882,0.772571665938021,-2.547299649663959,1040.8275775930008,10.43954270575219,12.443427101763117,110.2625,623.1498321450434,-728.3364379185327,512.8873321450434,5.651511911529699,18.909475842406074,-1351.4862700635763,-1.168798257413325,,-838.5989379185328,-6.605477273946561,,0.0,0.0,0.0,0.0,,,0.0,,,0.0,,,100.0,100.0,100.0,0.0,1.0,0.0,0.0,1.0,0.0,0.0,1.0,0.0,0.0,0.0,0.0,0.0,,,0.0,,,0.0,,
route_access_open,YUG,4.153942827247618,36.57371832905679,194.56162318959204,32.41977550180917,8.804579131217931,24.299923141362335,157.98790486053525,5.319711313985221,18.192197258000697,190.40768036234442,46.8378192192182,21.207594791243277,0.0,0.0,0.0,0.0,,,0.0,,,0.0,,,0.0,0.0,0.0,0.0,,,0.0,,,0.0,,,100.0,100.0,100.0,0.0,1.0,0.0,0.0,1.0,0.0,0.0,1.0,0.0,0.0,0.0,0.0,0.0,,,0.0,,,0.0,,
strict_policy,AUS,105.27761248216343,1562.0507491814906,1772.6463919625332,1456.773136699327,14.837444660384369,30.959169185428536,210.59564278104267,1.1348199748896726,1.272771923005589,1667.3687794803698,16.837828576924295,15.16335385938621,43.920792902765314,0.0,2.273736754432321e-13,-43.920792902765314,0.0,,2.273736754432321e-13,,,-43.920792902765086,5.176902792866391e-15,-80.69350217163742,0.0,0.0,0.0,0.0,,,0.0,,,0.0,,,100.0,100.0,100.0,0.0,1.0,0.0,0.0,1.0,0.0,0.0,1.0,0.0,0.0,0.0,0.0,0.0,,,0.0,,,0.0,,
strict_policy,BEL,0.0,670.3467451779792,692.8072247659819,670.3467451779792,,,22.460479588002727,1.0335057636209442,0.3301104375863062,692.8072247659819,,,-216.40982368099384,1.1368683772161605e-13,1.1368683772161605e-13,216.40982368099395,-5.253312247469872e-16,,0.0,,0.0,216.40982368099395,-5.253312247469872e-16,,0.0,0.0,0.0,0.0,,,0.0,,,0.0,,,0.0,100.0,100.0,100.0,,,0.0,1.0,0.0,100.0,,,0.0,0.0,0.0,0.0,,,0.0,,,0.0,,
strict_policy,BRA,220.525,0.0,7382.068936807791,-220.525,0.0,,7382.068936807791,,,7161.543936807791,33.47497533979273,19.188955332661493,-88.21000000000006,-2191.253469739804,-188.1156646511672,-2103.043469739804,24.84132717084007,,2003.137805088637,0.08584842750916653,,-99.90566465116714,2.1325888748573525,,0.0,0.0,0.0,0.0,,,0.0,,,0.0,,,100.0,0.0,100.0,-100.0,0.0,,100.0,,,0.0,1.0,0.0,0.0,0.0,0.0,0.0,,,0.0,,,0.0,,
strict_policy,CAN,1041.559124978034,15339.867786995092,40959.76445917564,14298.308662017058,14.727793573234358,30.86206490016692,25619.89667218055,2.6701510748287354,10.319829866555018,39918.205334197606,39.32543383942746,20.152739193796542,0.0,0.0,21938.851204105344,0.0,,,21938.851204105344,,,21938.851204105344,,,0.0,0.0,0.0,0.0,,,0.0,,,0.0,,,100.0,100.0,100.0,0.0,1.0,0.0,0.0,1.0,0.0,0.0,1.0,0.0,0.0,0.0,0.0,0.0,,,0.0,,,0.0,,
strict_policy,CHE,269.64575898247386,424.372768314959,475.4249062246597,154.72700933248512,1.5738158460802711,4.639436290506582,51.05213790970072,1.120300221223929,1.1424436469005483,205.77914724218584,1.7631462405294527,2.876082197253216,0.0,0.0,1.1368683772161605e-13,0.0,,,1.1368683772161605e-13,,,1.1368683772161605e-13,,,0.0,0.0,0.0,0.0,,,0.0,,,0.0,,,100.0,100.0,100.0,0.0,1.0,0.0,0.0,1.0,0.0,0.0,1.0,0.0,0.0,0.0,0.0,0.0,,,0.0,,,0.0,,
strict_policy,CHN,30732.050206555345,323749.95218006894,330420.1320399307,293017.9019735136,10.53460312618554,26.54990337383605,6670.1798598617315,1.0206028751971885,0.20414315706522856,299688.0818333753,10.751646239646254,12.60916762939257,-12235.463039088643,-112055.73344050512,-659362.1885044338,-99820.27040141648,9.158274850941119,,-547306.4550639287,5.884234284669741,,-647126.7254653452,53.8894348663364,,0.0,0.0,0.0,0.0,,,0.0,,,0.0,,,100.0,100.0,100.0,0.0,1.0,0.0,0.0,1.0,0.0,0.0,1.0,0.0,0.0,0.0,0.0,0.0,,,0.0,,,0.0,,
strict_policy,CZE,22.0525,328.6880204609705,724.9662793796862,306.6355204609705,14.904796302504048,31.018494424989186,396.27825891871566,2.2056364523506296,8.23142912795005,702.9137793796862,32.874562039663815,19.08114415728854,-10.720194510352524,0.0,-143.864317291294,10.720194510352524,-0.0,,-143.864317291294,,,-133.14412278094147,13.419935352139719,,0.0,0.0,0.0,0.0,,,0.0,,,0.0,,,100.0,100.0,100.0,0.0,1.0,0.0,0.0,1.0,0.0,0.0,1.0,0.0,0.0,0.0,0.0,0.0,,,0.0,,,0.0,,
strict_policy,DEU,1162.221283885092,4460.708352185689,4288.494693200249,3298.4870683005975,3.8380886790115922,14.396174222172675,-172.21365898544082,0.9613932036374765,-0.3929438749839531,3126.2734093151566,3.689912370959685,6.745801539147522,-1680.7363744574736,0.0,0.0,1680.7363744574736,-0.0,,0.0,,,1680.7363744574736,-0.0,,0.0,0.0,0.0,0.0,,,0.0,,,0.0,,,100.0,100.0,100.0,0.0,1.0,0.0,0.0,1.0,0.0,0.0,1.0,0.0,0.0,0.0,0.0,0.0,,,0.0,,,0.0,,
strict_policy,ESP,1192.584129792001,2341.844890685389,2411.1956846437247,1149.2607608933881,1.9636726937610942,6.981063301144963,69.35079395833554,1.0296137435208352,0.2922635156674458,1218.6115548517237,2.021824393273003,3.582686737623919,-174.5277408528411,0.0,0.0,174.5277408528411,-0.0,,0.0,,,174.5277408528411,-0.0,,0.0,0.0,0.0,0.0,,,0.0,,,0.0,,,100.0,100.0,100.0,0.0,1.0,0.0,0.0,1.0,0.0,0.0,1.0,0.0,0.0,0.0,0.0,0.0,,,0.0,,,0.0,,
strict_policy,FIN,42.83491937767558,591.6199511963601,1297.414632685067,548.7850318186846,13.811627517727901,30.024288432789593,705.7946814887069,2.192986612539799,8.169195091019654,1254.5797133073916,30.288714243763582,18.594361679033568,0.4511062326543893,0.0,-2.273736754432321e-13,-0.4511062326543893,0.0,,-2.273736754432321e-13,,,-0.4511062326546167,-5.040357658224426e-13,,0.0,0.0,0.0,0.0,,,0.0,,,0.0,,,100.0,100.0,100.0,0.0,1.0,0.0,0.0,1.0,0.0,0.0,1.0,0.0,0.0,0.0,0.0,0.0,,,0.0,,,0.0,,
strict_policy,FRA,2352.4861932145127,3620.155444448099,3796.409417999258,1267.6692512335862,1.5388636306942156,4.404691291114671,176.2539735511591,1.0486868523343282,0.47651940648936186,1443.9232247847453,1.613786057044493,2.4217749828629564,640.2800438467752,4.547473508864641e-13,0.0,-640.2800438467748,7.102319606189214e-16,-96.94409378881396,-4.547473508864641e-13,,,-640.2800438467752,0.0,,0.0,0.0,0.0,0.0,,,0.0,,,0.0,,,100.0,100.0,100.0,0.0,1.0,0.0,0.0,1.0,0.0,0.0,1.0,0.0,0.0,0.0,0.0,0.0,,,0.0,,,0.0,,
strict_policy,GBR,1381.3129043854326,3340.4173986472683,3813.5317165579218,1959.1044942618357,2.418291603620015,9.232246810787249,473.1143179106534,1.1416332935226134,1.3334111894617529,2432.2188121724894,2.7608022081388004,5.208726735125335,64.26368408884241,0.0,0.0,-64.26368408884241,0.0,,0.0,,,-64.26368408884241,0.0,,0.0,0.0,0.0,0.0,,,0.0,,,0.0,,,100.0,100.0,100.0,0.0,1.0,0.0,0.0,1.0,0.0,0.0,1.0,0.0,0.0,0.0,0.0,0.0,,,0.0,,,0.0,,
strict_policy,HUN,37.411274749114654,618.0963489551328,548.3543283472153,580.6850742060182,16.521659662766776,32.3748153047011,-69.74202060791754,0.8871664252251067,-1.1900886263478738,510.9430535981006,14.657461741802642,14.367581806913643,0.0,0.0,0.0,0.0,,,0.0,,,0.0,,,0.0,0.0,0.0,0.0,,,0.0,,,0.0,,,100.0,100.0,100.0,0.0,1.0,0.0,0.0,1.0,0.0,0.0,1.0,0.0,0.0,0.0,0.0,0.0,,,0.0,,,0.0,,
strict_policy,IND,4053.1929501704094,75430.48010740048,299780.8075224974,71377.28715723006,18.610137991143286,33.95994462281906,224350.3274150969,3.974266199759822,14.79571974178775,295727.61457232694,73.96164239106693,24.008178196224385,3133.7186920747863,-1393.7259273350935,-108018.22559617984,-4527.44461940988,-0.4447514484499977,,-106624.49966884474,77.50320452366027,,-111151.94428825463,-34.469662471414324,,0.0,0.0,0.0,0.0,,,0.0,,,0.0,,,100.0,100.0,100.0,0.0,1.0,0.0,0.0,1.0,0.0,0.0,1.0,0.0,0.0,0.0,0.0,0.0,,,0.0,,,0.0,,
strict_policy,ITA,1253.4161998146938,2812.7688015685576,2771.3924834072354,1559.3526017538638,2.2440820550942298,8.418619551053563,-41.37631816132216,0.9852898261178635,-0.14808466006658305,1517.9762835925417,2.211071217858011,4.0471374939467175,-1269.9920299119935,4.547473508864641e-13,0.0,1269.992029911994,-3.5807102735753126e-16,,-4.547473508864641e-13,,,1269.9920299119935,-0.0,,0.0,0.0,0.0,0.0,,,0.0,,,0.0,,,100.0,100.0,100.0,0.0,1.0,0.0,0.0,1.0,0.0,0.0,1.0,0.0,0.0,0.0,0.0,0.0,,,0.0,,,0.0,,
strict_policy,JPN,1145.949867110802,1318.0734718492229,124392.2329187841,172.1236047384209,1.1502016882923363,1.4092101384678868,123074.15944693488,94.37427850229398,57.57429199222403,123246.2830516733,108.54945446470967,26.409985717346494,930.8927122159372,0.0,120853.9442025863,-930.8927122159372,0.0,,120853.9442025863,,,119923.05149037036,129.82585706885635,27.546357347983342,0.0,0.0,0.0,0.0,,,0.0,,,0.0,,,100.0,100.0,100.0,0.0,1.0,0.0,0.0,1.0,0.0,0.0,1.0,0.0,0.0,0.0,0.0,0.0,,,0.0,,,0.0,,
strict_policy,KOR,11068.677514009629,114328.8072734223,604487.0666618132,103260.12975941267,10.32903950166732,26.300768710610157,490158.25938839087,5.287268196686039,18.119917253010122,593418.3891478035,54.612402059479436,22.141869762538178,10098.183434284336,112167.40957921694,602209.8563451282,102069.2261449326,11.10768192211655,27.222036571637243,490042.4467659112,5.3688487467460355,18.300918597074322,592111.6729108439,59.63546416680904,22.680413237872934,0.0,0.0,0.0,0.0,,,0.0,,,0.0,,,100.0,100.0,100.0,0.0,1.0,0.0,0.0,1.0,0.0,0.0,1.0,0.0,0.0,0.0,0.0,0.0,,,0.0,,,0.0,,
strict_policy,NLD,180.97654885238055,1024.4325995254412,1057.1421942263096,843.4560506730606,5.66058202580188,18.928545861668123,32.709594700868365,1.0319294746340761,0.31479771250446653,876.165645373929,5.84132143600883,9.225880725932111,-11.720197143103832,2.273736754432321e-13,-2.273736754432321e-13,11.720197143104059,-1.9400157921150574e-14,,-4.547473508864642e-13,,,11.720197143103604,1.9400157921150574e-14,,0.0,0.0,0.0,0.0,,,0.0,,,0.0,,,100.0,100.0,100.0,0.0,1.0,0.0,0.0,1.0,0.0,0.0,1.0,0.0,0.0,0.0,0.0,0.0,,,0.0,,,0.0,,
strict_policy,NOR,187.86808136517976,289.0297564717277,327.8769411759755,101.16167510654793,1.5384718594634972,4.4020330022132015,38.84718470424781,1.1344054853675516,1.2690723579054985,140.00885981079574,1.7452509164590082,2.823620994465892,2.8421709430404014e-14,-5.684341886080803e-14,5.684341886080803e-14,-8.526512829121205e-14,,,1.1368683772161605e-13,,,2.8421709430404014e-14,,3.5264923841377582,0.0,0.0,0.0,0.0,,,0.0,,,0.0,,,100.0,100.0,100.0,0.0,1.0,0.0,0.0,1.0,0.0,0.0,1.0,0.0,0.0,0.0,0.0,0.0,,,0.0,,,0.0,,
strict_policy,POL,998.3125324316596,2012.073957860272,19484.227790867404,1013.7614254286124,2.015475006568657,7.259987420766545,17472.15383300713,9.683653880987452,25.488499346453253,18485.915258435743,19.517162369391787,16.016786980813457,47.56355063357887,2.273736754432321e-13,17441.44738158012,-47.56355063357864,4.780418459397164e-15,-96.3021729803327,17441.44738158012,,4780.723826487947,17393.883830946543,366.697758036315,34.343114602576776,0.0,0.0,0.0,0.0,,,0.0,,,0.0,,,100.0,100.0,100.0,0.0,1.0,0.0,0.0,1.0,0.0,0.0,1.0,0.0,0.0,0.0,0.0,0.0,,,0.0,,,0.0,,
strict_policy,ROM,24.202342704624247,0.0,811.1971798206897,-24.202342704624247,0.0,,811.1971798206897,,,786.9948371160655,33.51729994574853,19.19648573161772,0.1165665899913932,-325.81302178612486,198.55615626686995,-325.92958837611627,-2795.080664281091,,524.3691780529948,-0.609417497122657,,198.43958967687857,1703.371062682116,45.06594225541818,0.0,0.0,0.0,0.0,,,0.0,,,0.0,,,100.0,0.0,100.0,-100.0,0.0,,100.0,,,0.0,1.0,0.0,0.0,0.0,0.0,0.0,,,0.0,,,0.0,,
strict_policy,RUS,889.1944244749253,9102.954969539882,19469.12418144304,8213.760545064957,10.237305496956115,26.188147962775112,10366.169211903158,2.13876969034673,7.898747179252474,18579.929756968115,21.895238707709705,16.68565924762808,246.46248794116548,1235.2913281783997,3188.420655024968,988.8288402372342,5.012086579574265,17.490257719613076,1953.1293268465681,2.58110826352737,9.946300861318758,2941.9581670838024,12.936738088053767,13.655704755698284,0.0,0.0,0.0,0.0,,,0.0,,,0.0,,,100.0,100.0,100.0,0.0,1.0,0.0,0.0,1.0,0.0,0.0,1.0,0.0,0.0,0.0,0.0,0.0,,,0.0,,,0.0,,
strict_policy,SVK,0.0,169.80757246770068,419.3764041897848,169.80757246770068,,,249.56883172208413,2.469715561533953,9.462331407438374,419.3764041897848,,,-30.449628599085106,-98.1088183146562,114.58242905684268,-67.6591897155711,3.222003775691504,,212.6912473714989,-1.1679116212505185,,145.0320576559278,-3.763015653343156,,0.0,0.0,0.0,0.0,,,0.0,,,0.0,,,0.0,100.0,100.0,100.0,,,0.0,1.0,0.0,100.0,,,0.0,0.0,0.0,0.0,,,0.0,,,0.0,,
strict_policy,SWE,489.1338298357177,673.7614629371761,694.2725340874815,184.62763310145846,1.3774583188479688,3.2542286336254556,20.511071150305384,1.0304426303352079,0.30033458452842776,205.13870425176384,1.4193917732508146,1.766564642912205,1.1368683772161605e-13,0.0,-1.1368683772161605e-13,-1.1368683772161605e-13,,,-1.1368683772161605e-13,,,-2.273736754432321e-13,,,0.0,0.0,0.0,0.0,,,0.0,,,0.0,,,100.0,100.0,100.0,0.0,1.0,0.0,0.0,1.0,0.0,0.0,1.0,0.0,0.0,0.0,0.0,0.0,,,0.0,,,0.0,,
strict_policy,THA,797.7949031841611,7424.636467161676,17599.217107480712,6626.841563977515,9.306447606431737,24.990899553989586,10174.580640319036,2.3703809856980946,9.013884576953934,16801.422204296552,22.059826450681335,16.729360047711484,68.40553019470929,-131.12445405863946,-2767.740138707766,-199.52998425334874,-1.9168692017356963,,-2636.6156846491267,21.1077343168195,,-2836.1456689024753,-40.460765830330956,,0.0,0.0,0.0,0.0,,,0.0,,,0.0,,,100.0,100.0,100.0,0.0,1.0,0.0,0.0,1.0,0.0,0.0,1.0,0.0,0.0,0.0,0.0,0.0,,,0.0,,,0.0,,
strict_policy,TUR,157.33997193062157,1365.921855400908,7133.324256383059,1208.5818834702864,8.681340403462166,24.124833391339507,5767.402400982151,5.222351650775349,17.974083243598816,6975.984284452437,45.337012386963366,21.010385616721837,107.4038478228307,183.92717186711135,5116.8494293514,76.52332404428066,1.7124821465475857,5.526760265825659,4932.922257484289,27.819975577335356,39.45550877090858,5009.44558152857,47.64121149357666,21.31070868565732,0.0,0.0,0.0,0.0,,,0.0,,,0.0,,,100.0,100.0,100.0,0.0,1.0,0.0,0.0,1.0,0.0,0.0,1.0,0.0,0.0,0.0,0.0,0.0,,,0.0,,,0.0,,
strict_policy,USA,6681.001051362367,85028.75419973746,146422.80931347082,78347.7531483751,12.726948184269284,28.965167814146287,61394.05511373335,1.722038746675215,5.5855026842450695,139741.80826210845,21.91629790023948,16.691268192674368,336.56657941611684,2166.8841552267986,0.0,1830.3175758106818,6.438203576201646,20.469323207484045,-2166.8841552267986,0.0,,-336.56657941611684,0.0,,0.0,0.0,0.0,0.0,,,0.0,,,0.0,,,100.0,100.0,100.0,0.0,1.0,0.0,0.0,1.0,0.0,0.0,1.0,0.0,0.0,0.0,0.0,0.0,,,0.0,,,0.0,,
strict_policy,VNM,0.0,1309.043083505116,1041.734358516585,1309.043083505116,,,-267.30872498853114,0.7957983748916951,-2.258206275061092,1041.734358516585,,,0.0,442.2468972501705,-837.6921569949486,442.2468972501705,,,-1279.9390542451192,-1.8941730562805563,,-837.6921569949486,,,0.0,0.0,0.0,0.0,,,0.0,,,0.0,,,0.0,100.0,100.0,100.0,,,0.0,1.0,0.0,100.0,,,0.0,0.0,0.0,0.0,,,0.0,,,0.0,,
strict_policy,YUG,4.153942827247618,36.57371832905679,449.8801983484674,32.41977550180917,8.804579131217931,24.299923141362335,413.3064800194106,12.300641523534955,28.526528143939032,445.7262555212198,108.30197165870861,26.39555992960261,0.0,0.0,255.31857515887532,0.0,,,255.31857515887532,,,255.31857515887532,,,0.0,0.0,0.0,0.0,,,0.0,,,0.0,,,100.0,100.0,100.0,0.0,1.0,0.0,0.0,1.0,0.0,0.0,1.0,0.0,0.0,0.0,0.0,0.0,,,0.0,,,0.0,,
