,country,type,recycling_m,scrap,unit_cost,net_profit
0,Afghanistan,LFP,Pyro,0.0,0.0,0.0
1,Afghanistan,NCA,Pyro,0.0,0.0,0.0
2,Afghanistan,NMC111,Pyro,0.0,0.0,0.0
3,Afghanistan,NMC523,Pyro,0.0,0.0,0.0
4,Afghanistan,NMC622,Pyro,0.0,0.0,0.0
5,Afghanistan,NMC811,Pyro,0.0,0.0,0.0
6,Albania,LFP,Pyro,21.26119711103317,188.53645820588943,-187.77897051324285
7,Albania,NCA,Pyro,7473.451724487078,5.448571402687741,-0.4415612542728602
8,Albania,NMC111,Pyro,4241.947007749016,7.673125625960549,-3.1469825937010434
9,Albania,NMC523,Pyro,4769.236777064475,7.148439214097238,-2.9737696239045346
10,Albania,NMC622,Pyro,2362.7920104297887,10.929728046801833,-6.371733575732055
11,Albania,NMC811,Pyro,1471.4916470869448,14.552688116982354,-10.037868395146814
12,Algeria,LFP,Pyro,0.0,0.0,0.0
13,Algeria,NCA,Pyro,506.8766827514056,27.912542774187937,-22.881778979623938
14,Algeria,NMC111,Pyro,129.01384919083895,67.70603019993708,-63.157963458697076
15,Algeria,NMC523,Pyro,159.09507430459553,59.11332703069775,-54.91602148334375
16,Algeria,NMC622,Pyro,78.80032078454353,93.17023243322649,-88.58924025734649
17,Algeria,NMC811,Pyro,62.71135492357482,108.02000485787642,-103.48115793797541
18,Andorra,LFP,Pyro,0.0,0.0,0.0
19,Andorra,NCA,Pyro,2.7116741445370005,654.732247078307,-649.701483283743
20,Andorra,NMC111,Pyro,0.6942036390042579,1492.1045830284902,-1487.5565162872501
21,Andorra,NMC523,Pyro,0.847620206498212,1322.4435243898558,-1318.2462188425018
22,Andorra,NMC622,Pyro,0.4198321192292744,2022.2603902214614,-2017.6793980455814
23,Andorra,NMC811,Pyro,0.3343989876896889,2320.448153805318,-2315.9093068854168
24,Angola,LFP,Pyro,0.0,0.0,0.0
25,Angola,NCA,Pyro,210.5725321546473,49.30002974361253,-44.269265949048524
26,Angola,NMC111,Pyro,53.41290825779957,119.85045648477119,-115.30238974353118
27,Angola,NMC523,Pyro,66.17228248064139,104.32693856389821,-100.1296330165442
28,Angola,NMC622,Pyro,32.78861627116682,164.38964091790854,-159.80864874202854
29,Angola,NMC811,Pyro,26.140895644364363,190.36929028237518,-185.83044336247417
30,Argentina,LFP,Pyro,0.0,0.0,0.0
31,Argentina,NCA,Pyro,2400.88784695876,10.03934947897461,-5.014899384266937
32,Argentina,NMC111,Pyro,609.1637164619752,24.78292951105948,-20.24069007386246
33,Argentina,NMC523,Pyro,753.8004308931564,21.537365020931766,-17.346076092608797
34,Argentina,NMC622,Pyro,374.2905057364348,34.16016528857586,-29.585285883958203
35,Argentina,NMC811,Pyro,299.0603186122192,39.60287549594206,-35.070414985774605
36,Armenia,LFP,Pyro,0.0,0.0,0.0
37,Armenia,NCA,Pyro,3.6355979997733785,564.3782347841969,-559.3474709896329
38,Armenia,NMC111,Pyro,0.3749210285040782,2257.4406059068083,-2252.8925391655685
39,Armenia,NMC523,Pyro,1.1814500626267057,1120.5884936865893,-1116.3911881392353
40,Armenia,NMC622,Pyro,0.5957928123465649,1701.6534449653327,-1697.0724527894527
41,Armenia,NMC811,Pyro,0.4583515949778605,1996.966853727065,-1992.428006807164
42,Aruba,LFP,Pyro,0.0,0.0,0.0
43,Aruba,NCA,Pyro,3.644245610245472,722.6047230413105,-717.5739592467465
44,Aruba,NMC111,Pyro,0.3271298540563008,3537.2199245080515,-3532.6718577668116
45,Aruba,NMC523,Pyro,1.096178917609036,1594.5928006709305,-1590.3954951235764
46,Aruba,NMC622,Pyro,0.5980203955940243,2377.066043232446,-2372.485051056566
47,Aruba,NMC811,Pyro,0.528780929307332,2577.812501244152,-2573.273654324251
48,Australia,LFP,Pyro,0.0,0.0,0.0
49,Australia,NCA,Pyro,28938.199421749203,2.5181414251144467,2.472939672728964
50,Australia,NMC111,Pyro,7336.651451549671,5.679087050618956,-1.1676459242004382
51,Australia,NMC523,Pyro,9101.949252241511,4.997878363113058,-0.8383883080575012
52,Australia,NMC622,Pyro,4509.82521525102,7.577504390179963,-3.034932040019541
53,Australia,NMC811,Pyro,3592.148525778457,8.67126270566179,-4.172555476648309
54,Austria,LFP,Pyro,18.539818791047598,196.3004632556125,-195.5963457502963
55,Austria,NCA,Pyro,6439.88681564184,6.142046572309786,-1.1989148901339972
56,Austria,NMC111,Pyro,3647.920447476578,8.599711867458417,-4.132526221999848
57,Austria,NMC523,Pyro,4107.375000484532,8.016321178056007,-3.9025243573000488
58,Austria,NMC622,Pyro,2037.103912015951,12.142995392659541,-7.646846505256119
59,Austria,NMC811,Pyro,1272.004439407438,16.048788781442592,-11.598583163513844
60,Azerbaijan,LFP,Pyro,0.0,0.0,0.0
61,Azerbaijan,NCA,Pyro,2740.2485717233844,9.905856000884722,-4.875092206320721
62,Azerbaijan,NMC111,Pyro,694.7494149959653,22.884864133404008,-18.33679739216401
63,Azerbaijan,NMC523,Pyro,861.8845411196747,20.06415123670347,-15.86684568934947
64,Azerbaijan,NMC622,Pyro,427.0430033890164,30.797700016709523,-26.216707840829525
65,Azerbaijan,NMC811,Pyro,340.081266803781,35.38835436933771,-30.84950744943671
66,Bahamas,LFP,Pyro,0.0,0.0,0.0
67,Bahamas,NCA,Pyro,0.0088713923815256,38100.45767350076,-38095.42690970619
68,Bahamas,NMC111,Pyro,0.0,0.0,0.0
69,Bahamas,NMC523,Pyro,0.0,0.0,0.0
70,Bahamas,NMC622,Pyro,0.0,0.0,0.0
71,Bahamas,NMC811,Pyro,0.0,0.0,0.0
72,Bahrain,LFP,Pyro,0.0,0.0,0.0
73,Bahrain,NCA,Pyro,0.7072293708981272,1532.6129813548694,-1527.5822175603053
74,Bahrain,NMC111,Pyro,0.3929408263387371,2193.6935254512123,-2189.1454587099724
75,Bahrain,NMC523,Pyro,0.2737151271889654,2735.2358202710334,-2731.0385147236793
76,Bahrain,NMC622,Pyro,0.0973493429010226,5139.892486565397,-5135.311494389517
77,Bahrain,NMC811,Pyro,0.0,0.0,0.0
78,Bangladesh,LFP,Pyro,0.0,0.0,0.0
79,Bangladesh,NCA,Pyro,1.041915048457012,6352.65280658907,-6347.622042794505
80,Bangladesh,NMC111,Pyro,0.2796695722239698,19876.407999722513,-19871.85993298127
81,Bangladesh,NMC523,Pyro,0.3187499696689874,17744.82650909661,-17740.629203549255
82,Bangladesh,NMC622,Pyro,0.1568844768031875,32815.828125342305,-32811.24713316643
83,Bangladesh,NMC811,Pyro,0.1249096879324739,39988.09480697015,-39983.555960050246
84,Barbados,LFP,Pyro,0.0,0.0,0.0
85,Barbados,NCA,Pyro,1.1702422629188352,1527.3608859542,-1522.330122159636
86,Barbados,NMC111,Pyro,0.296803077334269,3771.381216487844,-3766.8331497466042
87,Barbados,NMC523,Pyro,0.3681045534519916,3272.610970934679,-3268.4136653873247
88,Barbados,NMC622,Pyro,0.182367570532064,5198.341861881973,-5193.760869706093
89,Barbados,NMC811,Pyro,0.1439274589981442,6075.739340888451,-6071.20049396855
90,Belarus,LFP,Pyro,0.0,0.0,0.0
91,Belarus,NCA,Pyro,7162.74947019768,5.132061315265068,-0.1012975207010669
92,Belarus,NMC111,Pyro,1816.08025094707,12.33173536242168,-7.78366862118168
93,Belarus,NMC523,Pyro,2252.912100715604,10.745333469176494,-6.548027921822493
94,Belarus,NMC622,Pyro,1116.2503889299137,16.829249041531245,-12.248256865651246
95,Belarus,NMC811,Pyro,888.9353551796581,19.46452030529944,-14.92567338539844
96,Belgium,LFP,Pyro,24.431008301790364,163.61903163000963,-162.9344872709549
97,Belgium,NCA,Pyro,8484.77648530141,5.301105038039175,-0.3814003405751684
98,Belgium,NMC111,Pyro,4803.563058726555,7.399690528752998,-2.9541270962333317
99,Belgium,NMC523,Pyro,5411.077315057932,6.900696363048811,-2.80922420853673
100,Belgium,NMC622,Pyro,2684.7651949716237,10.407156939266512,-5.933689490982495
101,Belgium,NMC811,Pyro,1677.866099665564,13.709230022441208,-9.282721179239708
102,Benin,LFP,Pyro,0.0,0.0,0.0
103,Benin,NCA,Pyro,20567.07924466751,2.5370799791618115,2.493683815402189
104,Benin,NMC111,Pyro,5216.323301984328,6.1682326900269855,-1.620165948786985
105,Benin,NMC523,Pyro,6469.457875256775,5.365508613751577,-1.1682030663975764
106,Benin,NMC622,Pyro,3205.121688640685,8.455405307121046,-3.874413131241046
107,Benin,NMC811,Pyro,2551.904962045646,9.800106172875148,-5.261259252974148
108,Bermuda,LFP,Pyro,0.0,0.0,0.0
109,Bermuda,NCA,Pyro,0.4548220632389869,2540.422855802057,-2535.392092007493
110,Bermuda,NMC111,Pyro,0.2958791123862259,3349.5341555601135,-3344.9860888188737
111,Bermuda,NMC523,Pyro,0.1964985898653443,4358.0576951633575,-4353.860389616004
112,Bermuda,NMC622,Pyro,0.063637399961337,8998.488489808446,-8993.907497632566
113,Bermuda,NMC811,Pyro,0.0094538767739353,30668.760755443967,-30664.221908524065
114,Bolivia (Plurinational State of),LFP,Pyro,0.0,0.0,0.0
115,Bolivia (Plurinational State of),NCA,Pyro,3336.5025577756232,8.082400081301326,-3.0516362867373257
116,Bolivia (Plurinational State of),NMC111,Pyro,845.802820328367,19.96368644208666,-15.415619700846662
117,Bolivia (Plurinational State of),NMC523,Pyro,1049.4138277239003,17.318866971600936,-13.121561424246936
118,Bolivia (Plurinational State of),NMC622,Pyro,519.9772412084599,27.507407075337486,-22.926414899457487
119,Bolivia (Plurinational State of),NMC811,Pyro,414.2010240275448,31.954217884985912,-27.41537096508491
120,Bosnia Herzegovina,LFP,Pyro,0.0,0.0,0.0
121,Bosnia Herzegovina,NCA,Pyro,365.48557322811575,33.77695806846173,-28.74619427389773
122,Bosnia Herzegovina,NMC111,Pyro,92.64659659005014,77.43719756324118,-72.88913082200118
123,Bosnia Herzegovina,NMC523,Pyro,114.94808470024796,67.97061709625952,-63.77331154890552
124,Bosnia Herzegovina,NMC622,Pyro,56.95711984646802,103.91475576979782,-99.33376359391782
125,Bosnia Herzegovina,NMC811,Pyro,45.367913380409775,119.23536012462006,-114.69651320471905
126,Botswana,LFP,Pyro,0.0,0.0,0.0
127,Botswana,NCA,Pyro,259.4415292067855,43.067831947844724,-38.03706815328072
128,Botswana,NMC111,Pyro,65.54766403693561,104.96964555744844,-100.42157881620844
129,Botswana,NMC523,Pyro,81.52081479261788,91.14475417381045,-86.94744862645645
130,Botswana,NMC622,Pyro,40.43874109242877,143.5150484650884,-138.9340562892084
131,Botswana,NMC811,Pyro,32.28768463559521,166.0367449830209,-161.4978980631199
132,Brazil,LFP,Pyro,0.0,0.0,0.0
133,Brazil,NCA,Pyro,341493.21835529344,0.04233536488162415,4.988428429682377
134,Brazil,NMC111,Pyro,86611.0788924507,0.10453528411261404,4.443531457127387
135,Brazil,NMC523,Pyro,107418.02519367854,0.0907102246688164,4.106595322685184
136,Brazil,NMC622,Pyro,53217.439866444365,0.14408754429710946,4.43690463158289
137,Brazil,NMC811,Pyro,42371.34737713535,0.16743350759000508,4.371413412310995
138,Brunei Darussalam,LFP,Pyro,0.0,0.0,0.0
139,Brunei Darussalam,NCA,Pyro,12.649253508903962,729.7546124015216,-724.7238486069576
140,Brunei Darussalam,NMC111,Pyro,3.205061172791358,2401.42285171243,-2396.8747849711904
141,Brunei Darussalam,NMC523,Pyro,3.974873363875246,1992.3183365243224,-1988.1210309769683
142,Brunei Darussalam,NMC622,Pyro,1.9706767942063952,3662.0585542493623,-3657.477562073482
143,Brunei Darussalam,NMC811,Pyro,1.5713123609513635,4457.146193182261,-4452.607346262361
144,Bulgaria,LFP,Pyro,40.878448443321226,139.20523076125755,-138.42789699810555
145,Bulgaria,NCA,Pyro,15245.486307467416,3.167397268146284,1.8633665264177166
146,Bulgaria,NMC111,Pyro,8653.362011872572,4.548175192096475,-0.00010845085647481767
147,Bulgaria,NMC523,Pyro,9729.012100091304,4.220159914872515,-0.022854367518514884
148,Bulgaria,NMC622,Pyro,4819.983942501385,6.609972297581347,-2.0289801217013474
149,Bulgaria,NMC811,Pyro,3001.7788602431515,8.945290470800625,-4.406443550899625
150,Burkina Faso,LFP,Pyro,0.0,0.0,0.0
151,Burkina Faso,NCA,Pyro,4003.842629527558,7.320795566674983,-2.290031772110982
152,Burkina Faso,NMC111,Pyro,1015.3793596054744,17.799636246619624,-13.251569505379624
153,Burkina Faso,NMC523,Pyro,1259.3818129765232,15.482626388800202,-11.285320841446202
154,Burkina Faso,NMC622,Pyro,623.9544041884752,24.39809910541699,-19.81710692953699
155,Burkina Faso,NMC811,Pyro,496.8152943100686,28.277304700678602,-23.7384577807776
156,Burundi,LFP,Pyro,0.0,0.0,0.0
157,Burundi,NCA,Pyro,518.5627008256391,27.50357479024437,-22.47281099568037
158,Burundi,NMC111,Pyro,131.48387619086344,66.87963106789682,-62.331564326656824
159,Burundi,NMC523,Pyro,163.08468924489134,58.17278557493376,-53.97548002757976
160,Burundi,NMC622,Pyro,80.8093681166774,91.66358579007506,-87.08259361419506
161,Burundi,NMC811,Pyro,64.35947425525264,106.22053604561486,-101.68168912571386
162,C?te d'Ivoire,LFP,Pyro,0.0,0.0,0.0
163,C?te d'Ivoire,NCA,Pyro,288.3649950353895,40.218664262026934,-35.18790046746293
164,C?te d'Ivoire,NMC111,Pyro,73.20897719244627,97.71828365712493,-93.17021691588492
165,C?te d'Ivoire,NMC523,Pyro,90.64245235835452,85.09472537928181,-80.8974198319278
166,C?te d'Ivoire,NMC622,Pyro,44.90889222388304,134.09438511706685,-129.51339294118685
167,C?te d'Ivoire,NMC811,Pyro,35.779580530718576,155.35446077012182,-150.8156138502208
168,Cabo Verde,LFP,Pyro,0.0,0.0,0.0
169,Cabo Verde,NCA,Pyro,23.008382276290067,206.77329586765077,-201.74253207308678
170,Cabo Verde,NMC111,Pyro,5.833883798446915,502.80417075184994,-498.25610401060993
171,Cabo Verde,NMC523,Pyro,7.236770318675071,437.31549511299124,-433.11818956563724
172,Cabo Verde,NMC622,Pyro,3.585589018499325,689.11719777317,-684.53620559729
173,Cabo Verde,NMC811,Pyro,2.8554513919118576,798.5982980870771,-794.0594511671761
174,Cambodia,LFP,Pyro,0.0,0.0,0.0
175,Cambodia,NCA,Pyro,4680.035494625163,4.315225349126305,0.7155384454376961
176,Cambodia,NMC111,Pyro,1186.8808584701285,14.189264857072528,-9.641198115832527
177,Cambodia,NMC523,Pyro,1472.08785124354,11.771060885607818,-7.573755338253818
178,Cambodia,NMC622,Pyro,729.3258123172608,21.649413092739792,-17.068420916859793
179,Cambodia,NMC811,Pyro,580.7433520291672,26.380608271313616,-21.841761351412615
180,Cameroon,LFP,Pyro,0.0,0.0,0.0
181,Cameroon,NCA,Pyro,0.3057049577175807,3393.9929828578065,-3388.9622190632426
182,Cameroon,NMC111,Pyro,0.2301723753944116,4078.714406577442,-4074.166339836202
183,Cameroon,NMC523,Pyro,0.0961535587574992,7178.085900671817,-7173.888595124464
184,Cameroon,NMC622,Pyro,0.0277726425367084,16042.555361357661,-16037.974369181782
185,Cameroon,NMC811,Pyro,0.0,0.0,0.0
186,Canada,LFP,Pyro,0.0,0.0,0.0
187,Canada,NCA,Pyro,323148.20745109435,0.43370713695135876,4.490267087087066
188,Canada,NMC111,Pyro,81932.46588001933,1.0506802814179554,3.398823761209078
189,Canada,NMC523,Pyro,101640.13942898242,0.914344934268792,3.181195851224438
190,Canada,NMC622,Pyro,50359.758678727376,1.4380249048234581,3.0395761956679492
191,Canada,NMC811,Pyro,40106.86388799661,1.6653897228337693,2.7654378156958193
192,Cayman Isds,LFP,Pyro,0.0,0.0,0.0
193,Cayman Isds,NCA,Pyro,0.0529416139105239,11742.927743546761,-11737.896979752197
194,Cayman Isds,NMC111,Pyro,0.0134273341740932,28995.804150596698,-28991.256083855456
195,Cayman Isds,NMC523,Pyro,0.0166530040529355,25161.069998692583,-25156.87269314523
196,Cayman Isds,NMC622,Pyro,0.0082502861292073,39966.8168989659,-39962.235906790025
197,Cayman Isds,NMC811,Pyro,0.0065687867069589,46442.64129317213,-46438.102446252225
198,Chile,LFP,Pyro,0.0,0.0,0.0
199,Chile,NCA,Pyro,10188.979136942316,3.8734237930938735,1.1482815761501273
200,Chile,NMC111,Pyro,2584.1209098377844,9.56446493552243,-5.02475877519243
201,Chile,NMC523,Pyro,3204.9642021941813,8.299456343223701,-4.110782991794701
202,Chile,NMC622,Pyro,1587.826156483352,13.183110586505357,-8.61088855859536
203,Chile,NMC811,Pyro,1264.2338160958125,15.318977414836674,-10.789293238960672
204,China,LFP,Pyro,4463904.136978556,0.011316143692998553,0.7469863129968077
205,China,NCA,Pyro,349223.0462111619,0.10297289995900726,4.905012434791748
206,China,NMC111,Pyro,1719092.5902146513,0.025872830790634783,4.501170261244757
207,China,NMC523,Pyro,500210.4464811511,0.07541977981196453,4.100179110917783
208,China,NMC622,Pyro,1987655.0949184052,0.022814449390556185,4.536124173467397
209,China,NMC811,Pyro,1066092.621417747,0.03914476429091712,4.476661374328628
210,Colombia,LFP,Pyro,0.0,0.0,0.0
211,Colombia,NCA,Pyro,3791.627180853814,7.4293467166190466,-2.4106823454403763
212,Colombia,NMC111,Pyro,959.84100746376,18.36745461007722,-13.830555174920107
213,Colombia,NMC523,Pyro,1192.2416091453038,15.92233038876612,-11.736554946209816
214,Colombia,NMC622,Pyro,591.0032946625466,25.28208535472454,-20.71280754747843
215,Colombia,NMC811,Pyro,471.0518534783994,29.357928448397168,-24.83132029135102
216,Comoros,LFP,Pyro,0.0,0.0,0.0
217,Comoros,NCA,Pyro,28.23466940267815,181.1038966838404,-176.0731328892764
218,Comoros,NMC111,Pyro,7.161029762866027,440.3051927217669,-435.7571259805269
219,Comoros,NMC523,Pyro,8.881321009266827,383.00531154912426,-378.80800600177025
220,Comoros,NMC622,Pyro,4.400013312847577,603.5711420213066,-598.9901498454266
221,Comoros,NMC811,Pyro,3.5033831614912323,699.5454925203876,-695.0066456004866
222,Congo,LFP,Pyro,0.0,0.0,0.0
223,Congo,NCA,Pyro,1.2433415660580056,1368.2177580903451,-1363.186994295781
224,Congo,NMC111,Pyro,0.4610620305289046,2601.0450982829043,-2596.4970315416645
225,Congo,NMC523,Pyro,0.4023098798433055,2841.0774431451123,-2836.880137597758
226,Congo,NMC622,Pyro,0.2836045609184446,3562.9910093118565,-3558.4100171359764
227,Congo,NMC811,Pyro,0.4456761325507432,2658.845062629308,-2654.306215709407
228,Costa Rica,LFP,Pyro,0.0,0.0,0.0
229,Costa Rica,NCA,Pyro,1257.8225085405213,15.370379288463369,-10.339615493899368
230,Costa Rica,NMC111,Pyro,318.81303699054814,37.968648846084164,-33.420582104844165
231,Costa Rica,NMC523,Pyro,395.5723952324269,32.93789243924391,-28.74058689188991
232,Costa Rica,NMC622,Pyro,196.02326522530345,52.311471446124564,-47.730479270244565
233,Costa Rica,NMC811,Pyro,156.16900461358412,60.76250707397377,-56.223660154072775
234,Croatia,LFP,Pyro,24.43908129238707,173.30956464155636,-172.53223087840436
235,Croatia,NCA,Pyro,9279.612152805088,4.78025332803099,0.2505104665330107
236,Croatia,NMC111,Pyro,5267.119367440269,6.731951512395689,-2.1838847711556886
237,Croatia,NMC523,Pyro,5921.846828178993,6.2716191759880875,-2.074313628634087
238,Croatia,NMC622,Pyro,2933.82472462664,9.589093958135718,-5.008101782255719
239,Croatia,NMC811,Pyro,1827.122880818245,12.767641023325154,-8.228794103424153
240,Cyprus,LFP,Pyro,2.506131037388064,708.2093629009672,-707.4320291378152
241,Cyprus,NCA,Pyro,885.560686631477,19.73509381450875,-14.70433001994475
242,Cyprus,NMC111,Pyro,502.63763906499753,27.882146329790118,-23.334079588550118
243,Cyprus,NMC523,Pyro,565.1229360476135,25.958186602995383,-21.760881055641384
244,Cyprus,NMC622,Pyro,279.9778507884506,39.84715643842388,-35.26616426254388
245,Cyprus,NMC811,Pyro,174.3690766120416,53.1970671630176,-48.6582202431166
246,Czechia,LFP,Pyro,87.27782246763732,26.610761324696078,-25.926216965641338
247,Czechia,NCA,Pyro,34593.20600287995,0.7134183634005896,4.206286334063417
248,Czechia,NMC111,Pyro,19634.987605996317,1.0049348975508487,3.440628534968818
249,Czechia,NMC523,Pyro,22075.79810342057,0.9361696713386953,3.155302483173386
250,Czechia,NMC622,Pyro,10936.929518668714,1.4317825372468929,3.041684911037125
251,Czechia,NMC811,Pyro,6811.404180148798,1.9067350769147735,2.5197737662867254
252,Denmark,LFP,Pyro,13.414229373874592,241.66460525891222,-240.92996405445643
253,Denmark,NCA,Pyro,4603.016147826959,7.425959155769204,-2.4462938359482997
254,Denmark,NMC111,Pyro,2609.0669363231736,10.419063811146513,-5.918159012228211
255,Denmark,NMC523,Pyro,2936.864522020088,9.708863451512821,-5.560252023707081
256,Denmark,NMC622,Pyro,1455.881794596983,14.755783028104739,-10.224263157698054
257,Denmark,NMC811,Pyro,908.7370939565228,19.54620692163569,-15.059046937112429
258,Dominican Rep.,LFP,Pyro,0.0,0.0,0.0
259,Dominican Rep.,NCA,Pyro,5439.571705440011,5.857066715017477,-0.8263029204534762
260,Dominican Rep.,NMC111,Pyro,1379.55867191101,14.462728737498054,-9.914661996258054
261,Dominican Rep.,NMC523,Pyro,1711.0206452756518,12.54977949984197,-8.35247395248797
262,Dominican Rep.,NMC622,Pyro,847.6892589693374,19.93440378178472,-15.353411605904721
263,Dominican Rep.,NMC811,Pyro,674.9750234699292,23.163150260718897,-18.624303340817896
264,Ecuador,LFP,Pyro,0.0,0.0,0.0
265,Ecuador,NCA,Pyro,2934.48951376589,8.795856438943565,-3.765092644379564
266,Ecuador,NMC111,Pyro,743.9293767334797,21.7252296365646,-17.1771628953246
267,Ecuador,NMC523,Pyro,922.9676031829292,18.84769318019684,-14.650387632842838
268,Ecuador,NMC622,Pyro,457.3225032306434,29.93569388085341,-25.35470170497341
269,Ecuador,NMC811,Pyro,364.2256541515133,34.779219666470084,-30.240372746569083
270,Egypt,LFP,Pyro,0.0,0.0,0.0
271,Egypt,NCA,Pyro,52462.12687967523,1.3835196894444364,3.6472441051195643
272,Egypt,NMC111,Pyro,13305.542618686208,3.3636847830886936,1.1843819581513069
273,Egypt,NMC523,Pyro,16502.14285949731,2.925921112669718,1.2713844346842822
274,Egypt,NMC622,Pyro,8175.575740030484,4.610895283408381,-0.029903107528381767
275,Egypt,NMC811,Pyro,6509.6334048367935,5.3440414291844816,-0.8051945092834814
276,El Salvador,LFP,Pyro,0.0,0.0,0.0
277,El Salvador,NCA,Pyro,14.66306453490953,288.7603594993315,-283.7295957047675
278,El Salvador,NMC111,Pyro,3.2525347314631565,778.8242763039289,-774.2762095626889
279,El Salvador,NMC523,Pyro,4.667912866636228,613.850299860994,-609.6529943136401
280,El Salvador,NMC622,Pyro,2.4138029690185547,947.9299019546171,-943.348909778737
281,El Salvador,NMC811,Pyro,1.954411439496416,1089.394381319121,-1084.85553439922
282,Estonia,LFP,Pyro,2.2196903956990592,706.7365637598432,-705.962484052595
283,Estonia,NCA,Pyro,789.8184221760964,21.25186600891488,-16.224996974901465
284,Estonia,NMC111,Pyro,448.291947981284,29.793442982154144,-25.248970956282207
285,Estonia,NMC523,Pyro,504.02329935721457,27.782033306913313,-23.588439258519227
286,Estonia,NMC622,Pyro,249.7083398857595,42.238924524474356,-37.66170316141554
287,Estonia,NMC811,Pyro,155.51932754856705,56.02556303029762,-51.49065572381761
288,Eswatini,LFP,Pyro,0.0,0.0,0.0
289,Eswatini,NCA,Pyro,32.393100225062895,165.68664538185993,-160.65588158729594
290,Eswatini,NMC111,Pyro,8.211943558416626,402.9420557409944,-398.3939889997544
291,Eswatini,NMC523,Pyro,10.187457427686478,350.4429505253467,-346.2456449779927
292,Eswatini,NMC622,Pyro,5.0479228882176495,552.198670063118,-547.617677887238
293,Eswatini,NMC811,Pyro,4.020238455847234,639.9036145229718,-635.3647676030708
294,Ethiopia,LFP,Pyro,0.0,0.0,0.0
295,Ethiopia,NCA,Pyro,977.7854160608936,18.239855449408182,-13.209091654844181
296,Ethiopia,NMC111,Pyro,247.91355640631247,44.35427731556851,-39.80621057432851
297,Ethiopia,NMC523,Pyro,307.46294696941385,38.58270745153099,-34.385401904176994
298,Ethiopia,NMC622,Pyro,152.36017259782295,60.79252161858589,-56.21152944270589
299,Ethiopia,NMC811,Pyro,121.39038659555185,70.4298653698825,-65.8910184499815
300,Fiji,LFP,Pyro,0.0,0.0,0.0
301,Fiji,NCA,Pyro,7.001335670692453,446.78282351715023,-441.75205972258624
302,Fiji,NMC111,Pyro,1.5136553460146651,1204.562125945532,-1200.014059204292
303,Fiji,NMC523,Pyro,2.2390966568606694,934.787437299658,-930.590131752304
304,Fiji,NMC622,Pyro,1.146138054455235,1442.2782363514305,-1437.6972441755504
305,Fiji,NMC811,Pyro,0.942288683198826,1637.2939940774913,-1632.7551471575903
306,Finland,LFP,Pyro,27.56744268337053,157.37628066039878,-156.69748132272304
307,Finland,NCA,Pyro,9120.227839350977,4.935176456157818,-0.02234794130733271
308,Finland,NMC111,Pyro,5172.245780636006,6.9231523779479645,-2.483935399592395
309,Finland,NMC523,Pyro,5817.813842648018,6.453871147266567,-2.368951627836098
310,Finland,NMC622,Pyro,2883.644040607156,9.81132739756772,-5.344517302726377
311,Finland,NMC811,Pyro,1798.4677398357755,13.004380136780037,-8.584826663737383
312,France,LFP,Pyro,131.60066018622987,61.81568958065165,-61.110921264154705
313,France,NCA,Pyro,45841.5970697118,1.8920585719486331,3.0518520623372734
314,France,NMC111,Pyro,25973.324859560824,2.6540104601123926,1.8138941284197896
315,France,NMC523,Pyro,29241.922034566094,2.4730854280657635,1.641453692482177
316,France,NMC622,Pyro,14501.092461138158,3.755603194301019,0.7412998556666398
317,France,NMC811,Pyro,9053.01606594106,4.972282484263978,-0.5212889436510326
318,French Polynesia,LFP,Pyro,0.0,0.0,0.0
319,French Polynesia,NCA,Pyro,655.3203312371652,23.635362706288177,-18.604598911724175
320,French Polynesia,NMC111,Pyro,166.15209425091308,57.475046091000685,-52.926979349760686
321,French Polynesia,NMC523,Pyro,206.1135268113376,49.98808234027498,-45.79077679292098
322,French Polynesia,NMC622,Pyro,102.12422091660564,78.76993061193089,-74.18893843605089
323,French Polynesia,NMC811,Pyro,81.33011675312028,91.28308945519397,-86.74424253529297
324,Georgia,LFP,Pyro,0.0,0.0,0.0
325,Georgia,NCA,Pyro,97.49885951924814,75.84815747221978,-70.81739367765579
326,Georgia,NMC111,Pyro,24.680754630638926,175.39446797779962,-170.84640123655961
327,Georgia,NMC523,Pyro,30.64932213600197,153.68055454564725,-149.48324899829325
328,Georgia,NMC622,Pyro,15.194164890624762,235.8163778794276,-231.2353857035476
329,Georgia,NMC811,Pyro,12.111079153435467,270.8164706613294,-266.2776237414284
330,Germany,LFP,Pyro,162.56082651740087,54.48469864355366,-53.78058113823748
331,Germany,NCA,Pyro,56306.799338427925,1.6763014872974296,3.2668301948783594
332,Germany,NMC111,Pyro,31906.867569269416,2.3507774086951625,2.116408236763407
333,Germany,NMC523,Pyro,35912.600503582624,2.190950906889446,1.9228459138665117
334,Germany,NMC622,Pyro,17808.774693324398,3.3264760918074265,1.169672795595996
335,Germany,NMC811,Pyro,11120.194863777991,4.402980028178868,0.04722558974988013
336,Ghana,LFP,Pyro,0.0,0.0,0.0
337,Ghana,NCA,Pyro,6.349725768222111,475.95968227547485,-470.92891848091085
338,Ghana,NMC111,Pyro,2.703019316868968,827.4792336482703,-822.9311669070304
339,Ghana,NMC523,Pyro,1.9643779887230264,1017.4795805103843,-1013.2822749630303
340,Ghana,NMC622,Pyro,0.7619365282765923,1878.7746701339813,-1874.1936779581013
341,Ghana,NMC811,Pyro,0.0,0.0,0.0
342,Greece,LFP,Pyro,19.50399442292816,198.6295385983275,-197.8522048351755
343,Greece,NCA,Pyro,6872.507659998979,5.73180550598769,-0.7010417114236889
344,Greece,NMC111,Pyro,3900.642057411176,8.072259143167196,-3.5241924019271957
345,Greece,NMC523,Pyro,4385.650670947898,7.520130476733351,-3.322824929379351
346,Greece,NMC622,Pyro,2172.8174992223057,11.497829998361906,-6.916837822481907
347,Greece,NMC811,Pyro,1353.295209782316,15.308314965329004,-10.769468045428003
348,Greenland,LFP,Pyro,0.0,0.0,0.0
349,Greenland,NCA,Pyro,0.7390980301848746,1859.123512052307,-1854.0927482577429
350,Greenland,NMC111,Pyro,0.1886624016666721,4473.615144561601,-4469.06707782036
351,Greenland,NMC523,Pyro,0.2310905646448287,3926.506346041924,-3922.30904049457
352,Greenland,NMC622,Pyro,0.1144660437494924,6168.933370951879,-6164.352378775999
353,Greenland,NMC811,Pyro,0.0911303251231812,7143.033871357654,-7138.495024437753
354,Grenada,LFP,Pyro,0.0,0.0,0.0
355,Grenada,NCA,Pyro,126.66948251510328,69.7496274265734,-64.7188636320094
356,Grenada,NMC111,Pyro,32.12285199562117,172.2399725959074,-167.6919058546674
357,Grenada,NMC523,Pyro,39.842937721350026,149.4531894346033,-145.2558838872493
358,Grenada,NMC622,Pyro,19.73987159973141,237.3912676711102,-232.8102754952302
359,Grenada,NMC811,Pyro,15.71920568535181,275.82643574996536,-271.28758883006435
360,Guatemala,LFP,Pyro,0.0,0.0,0.0
361,Guatemala,NCA,Pyro,7161.501503211636,4.886358352812356,0.14440544175164494
362,Guatemala,NMC111,Pyro,1815.448123024944,12.06936254728226,-7.52129580604226
363,Guatemala,NMC523,Pyro,2252.2572480325334,10.471086146317576,-6.273780598963576
364,Guatemala,NMC622,Pyro,1116.050199212445,16.630424762257753,-12.049432586377755
365,Guatemala,NMC811,Pyro,888.881798780736,19.320827642802403,-14.781980722901402
366,Guinea,LFP,Pyro,0.0,0.0,0.0
367,Guinea,NCA,Pyro,1.7807221709813932,1084.253498321363,-1079.2227345267988
368,Guinea,NMC111,Pyro,0.4574559570639752,2614.304299027512,-2609.7562322862723
369,Guinea,NMC523,Pyro,0.5336836747862059,2365.98167448518,-2361.784368937826
370,Guinea,NMC622,Pyro,0.2643967184336369,3728.5315177738007,-3723.9505255979207
371,Guinea,NMC811,Pyro,0.210499807209938,4321.653323894066,-4317.114476974165
372,Guyana,LFP,Pyro,0.0,0.0,0.0
373,Guyana,NCA,Pyro,844.4042893375205,19.98546547525207,-14.95470168068807
374,Guyana,NMC111,Pyro,214.1623145479484,49.348395513808036,-44.80032877256804
375,Guyana,NMC523,Pyro,265.6108685393953,42.8220037422665,-38.624698194912504
376,Guyana,NMC622,Pyro,131.5898115146989,68.02012724029179,-63.439135064411786
377,Guyana,NMC811,Pyro,104.78055966167295,79.03635813578583,-74.49751121588483
378,Honduras,LFP,Pyro,0.0,0.0,0.0
379,Honduras,NCA,Pyro,584.638528270354,25.46309572389536,-20.43233192933136
380,Honduras,NMC111,Pyro,148.25748216194842,62.87988893641875,-58.33182219517875
381,Honduras,NMC523,Pyro,183.8550568501572,54.567567341102546,-50.37026179374855
382,Honduras,NMC622,Pyro,91.09525788715209,86.67147968803862,-82.09048751215862
383,Honduras,NMC811,Pyro,72.5717753262221,100.67578025110406,-96.13693333120305
384,Hungary,LFP,Pyro,16.909106923161776,218.45733746232594,-217.76215220202218
385,Hungary,NCA,Pyro,6043.395099249586,6.158927377123439,-1.2218447690495846
386,Hungary,NMC111,Pyro,3430.180849705402,8.685887408140625,-4.226101040105345
387,Hungary,NMC523,Pyro,3856.6044636220727,8.089529657546212,-3.982606588050222
388,Hungary,NMC622,Pyro,1910.6722620837336,12.39027322706331,-7.900731178544147
389,Hungary,NMC811,Pyro,1189.9655793226732,16.516538577758304,-12.072180196014681
390,Iceland,LFP,Pyro,0.0,0.0,0.0
391,Iceland,NCA,Pyro,381.08459303427793,32.82455794037501,-27.793794145811006
392,Iceland,NMC111,Pyro,94.27713775962168,75.519022814324,-70.970956073084
393,Iceland,NMC523,Pyro,119.11389765611791,65.68651684680796,-61.48921129945396
394,Iceland,NMC622,Pyro,59.46333049155957,99.41546391317351,-94.83447173729351
395,Iceland,NMC811,Pyro,47.93607606180564,113.05251627947347,-108.51366935957246
396,India,LFP,Pyro,0.0,0.0,0.0
397,India,NCA,Pyro,4550538.681086195,0.05838797203365194,4.972375822530349
398,India,NMC111,Pyro,1154128.7235655792,0.19189339992608784,4.356173341313912
399,India,NMC523,Pyro,1431389.7367916475,0.15920826029667381,4.038097287057327
400,India,NMC622,Pyro,709144.4395937505,0.2927575198941169,4.288234655985883
401,India,NMC811,Pyro,564613.9446998953,0.3567424206954726,4.182104499205527
402,Indonesia,LFP,Pyro,0.0,0.0,0.0
403,Indonesia,NCA,Pyro,26148.46918276544,0.9699076723440572,4.059747071704825
404,Indonesia,NMC111,Pyro,6612.735245088328,3.1970394132049447,1.3500037167298486
405,Indonesia,NMC523,Pyro,8219.20249672005,2.647304012418893,1.5489446689789363
406,Indonesia,NMC622,Pyro,4075.563015866295,4.865340709321934,-0.285422289285825
407,Indonesia,NMC811,Pyro,3251.121340617588,5.919331791337725,-1.3816066940076288
408,Iran,LFP,Pyro,0.0,0.0,0.0
409,Iran,NCA,Pyro,14.42888666767019,650.1806031203091,-645.1498393257451
410,Iran,NMC111,Pyro,9.261333687509175,955.0762763415042,-950.5282096002643
411,Iran,NMC523,Pyro,3.575789504952789,2180.1626354071436,-2175.9653298597896
412,Iran,NMC622,Pyro,0.9179221947840602,7090.531679202941,-7085.950687027061
413,Iran,NMC811,Pyro,0.0445173298432968,97843.75935127874,-97839.22050435885
414,Ireland,LFP,Pyro,10.38998988094498,281.4473792312548,-280.76115903340957
415,Ireland,NCA,Pyro,3613.7238330593336,8.579051741239166,-3.657341242091607
416,Ireland,NMC111,Pyro,2051.006022928983,12.027513650034374,-7.5800989391001545
417,Ireland,NMC523,Pyro,2306.052844367973,11.215319475766867,-7.12193589929043
418,Ireland,NMC622,Pyro,1142.520337326659,17.051130024325005,-12.575720607438079
419,Ireland,NMC811,Pyro,711.6316798916935,22.61531682681931,-18.186779082706
420,Israel,LFP,Pyro,0.0,0.0,0.0
421,Israel,NCA,Pyro,10718.56331809504,4.309646528613432,0.7211172659505687
422,Israel,NMC111,Pyro,2716.966058211503,9.95756752439143,-5.40950078315143
423,Israel,NMC523,Pyro,3370.955531083518,8.729642936831345,-4.532337389477345
424,Israel,NMC622,Pyro,1670.3676711794776,13.398978175299076,-8.817985999419076
425,Israel,NMC811,Pyro,1330.5789814736468,15.393666518768548,-10.854819598867547
426,Italy,LFP,Pyro,103.44935612562324,72.00863413017959,-71.32408977112485
427,Italy,NCA,Pyro,36314.92772291818,2.125660743731014,2.794043953732993
428,Italy,NMC111,Pyro,20606.12882283245,2.988174489129572,1.457388943390095
429,Italy,NMC523,Pyro,23171.886504969225,2.784667716559854,1.3068044379522272
430,Italy,NMC622,Pyro,11481.778001446126,4.246834674630222,0.22663277365379603
431,Italy,NMC811,Pyro,7154.537797477935,5.643361601851892,-1.2168527586503934
432,Jamaica,LFP,Pyro,0.0,0.0,0.0
433,Jamaica,NCA,Pyro,2.016346455791959,1067.2299755709396,-1062.1992117763755
434,Jamaica,NMC111,Pyro,0.6911630750713018,2160.8358783709214,-2156.2878116296815
435,Jamaica,NMC523,Pyro,0.6390243762372677,2275.437394712619,-2271.240089165265
436,Jamaica,NMC622,Pyro,0.1585292013824768,5700.97726167744,-5696.39626950156
437,Jamaica,NMC811,Pyro,0.069434973637499,9821.416349732155,-9816.877502812255
438,Japan,LFP,Pyro,0.0,0.0,0.0
439,Japan,NCA,Pyro,34981.15116024712,1.2571672374838656,3.4403980035858597
440,Japan,NMC111,Pyro,8835.860898893625,3.4661444602098666,0.7489896168365064
441,Japan,NMC523,Pyro,10991.576581646716,2.950975349178284,0.9132940445432556
442,Japan,NMC622,Pyro,5452.751468265094,4.947183073676107,-0.6992796132492867
443,Japan,NMC811,Pyro,4351.124300604005,5.842516097481723,-1.6369074780832416
444,Jordan,LFP,Pyro,0.0,0.0,0.0
445,Jordan,NCA,Pyro,3955.799426979684,7.917698766679241,-2.88693497211524
446,Jordan,NMC111,Pyro,1003.1202384094628,18.289683144967448,-13.741616403727448
447,Jordan,NMC523,Pyro,1244.227705348721,16.037025030880834,-11.839719483526833
448,Jordan,NMC622,Pyro,616.4663451628742,24.616666422925206,-20.035674247045208
449,Jordan,NMC811,Pyro,490.9670511717133,28.284719264042746,-23.745872344141745
450,Kazakhstan,LFP,Pyro,0.0,0.0,0.0
451,Kazakhstan,NCA,Pyro,1996.2496225579457,11.489304448847353,-6.4604596059027966
452,Kazakhstan,NMC111,Pyro,506.1893355365264,27.937081073376405,-23.390785451255898
453,Kazakhstan,NMC523,Pyro,627.378790054449,24.31177876634592,-20.116301877479952
454,Kazakhstan,NMC622,Pyro,310.9961721738151,38.29828244991633,-33.71914815651096
455,Kazakhstan,NMC811,Pyro,247.98362561587317,44.34616122128605,-39.809255352049405
456,Kenya,LFP,Pyro,0.0,0.0,0.0
457,Kenya,NCA,Pyro,108650.47319505496,0.8634424886758544,4.167321305888146
458,Kenya,NMC111,Pyro,27556.2600622304,2.0992400129532838,2.4488267282867167
459,Kenya,NMC523,Pyro,34176.41549343066,1.8260404748270105,2.37126507252699
460,Kenya,NMC622,Pyro,16931.832230812914,2.8776197630402387,1.703372412839761
461,Kenya,NMC811,Pyro,13481.151525545532,3.335245266295069,1.203601653605931
462,Kiribati,LFP,Pyro,0.0,0.0,0.0
463,Kiribati,NCA,Pyro,2.3914634604948115,895.7736741417692,-890.7429103472052
464,Kiribati,NMC111,Pyro,0.6072487522494567,2176.1757993958117,-2171.627732654572
465,Kiribati,NMC523,Pyro,0.7513996820212282,1895.7936026636985,-1891.5962971163444
466,Kiribati,NMC622,Pyro,0.3722475618310782,2987.616195139064,-2983.035202963184
467,Kiribati,NMC811,Pyro,0.296318354505559,3463.2318113710226,-3458.6929644511215
468,Korea,LFP,Pyro,0.0,0.0,0.0
469,Korea,NCA,Pyro,41273.99100302685,1.0948475926630084,3.72434493913872
470,Korea,NMC111,Pyro,10448.25473639588,3.030147413053624,1.3072276881753715
471,Korea,NMC523,Pyro,12976.473842579717,2.5806270075094204,1.4056445330490077
472,Korea,NMC622,Pyro,6432.699285926839,4.340678625765481,0.02910565676826704
473,Korea,NMC811,Pyro,5128.600918972829,5.134151823785848,-0.8070076588608373
474,Kuwait,LFP,Pyro,0.0,0.0,0.0
475,Kuwait,NCA,Pyro,3.669985717314072,561.1454423195216,-556.1146785249576
476,Kuwait,NMC111,Pyro,1.9224673930454388,832.5744987143305,-828.0264319730906
477,Kuwait,NMC523,Pyro,1.3754721822037792,1021.2937435576297,-1017.0964380102757
478,Kuwait,NMC622,Pyro,0.5255880428569114,1836.9461136810294,-1832.3651215051493
479,Kuwait,NMC811,Pyro,0.0738890515453362,6081.733222623808,-6077.194375703907
480,Kyrgyzstan,LFP,Pyro,0.0,0.0,0.0
481,Kyrgyzstan,NCA,Pyro,0.7507694432861414,1896.8240150488657,-1891.7932512543016
482,Kyrgyzstan,NMC111,Pyro,0.4245974263053793,2743.58980457375,-2739.04173783251
483,Kyrgyzstan,NMC523,Pyro,0.2295645430707945,4085.704541793653,-4081.507236246299
484,Kyrgyzstan,NMC622,Pyro,0.0878488971704294,7610.481749224776,-7605.900757048896
485,Kyrgyzstan,NMC811,Pyro,0.1148126927116585,6399.2633470159635,-6394.724500096063
486,Lao People's Dem. Rep.,LFP,Pyro,0.0,0.0,0.0
487,Lao People's Dem. Rep.,NCA,Pyro,32012.3303627272,0.8137536039390697,4.217010190624931
488,Lao People's Dem. Rep.,NMC111,Pyro,8119.138179352463,2.675588160459142,1.8724785807808586
489,Lao People's Dem. Rep.,NMC523,Pyro,10069.606986865889,2.2197078189717647,1.9775977283822357
490,Lao People's Dem. Rep.,NMC622,Pyro,4988.718494014675,4.082594112499594,0.4983980633804057
491,Lao People's Dem. Rep.,NMC811,Pyro,3971.964229157438,4.975251973402816,-0.436405053501816
492,Latvia,LFP,Pyro,2.769567082654488,619.3276147896404,-618.574686445767
493,Latvia,NCA,Pyro,992.493046197013,18.544803691878016,-13.54325060144342
494,Latvia,NMC111,Pyro,563.3295054687961,25.998306634642407,-21.477200258662887
495,Latvia,NMC523,Pyro,633.3611034495892,24.243139671423748,-20.0736703662691
496,Latvia,NMC622,Pyro,313.7856384585148,36.85854109314929,-32.30583001342815
497,Latvia,NMC811,Pyro,195.42580123298964,48.88920789131064,-44.37990807206706
498,Lebanon,LFP,Pyro,0.0,0.0,0.0
499,Lebanon,NCA,Pyro,15695.26199603342,3.414859841422858,1.6159039531411428
500,Lebanon,NMC111,Pyro,3980.6715866331815,7.887474278352145,-3.3394075371121446
501,Lebanon,NMC523,Pyro,4937.00284311322,6.916396713347686,-2.719091165993685
502,Lebanon,NMC622,Pyro,2445.9130189742696,10.617072385407797,-6.036080209527797
503,Lebanon,NMC811,Pyro,1947.4300432039863,12.201182610425413,-7.662335690524412
504,Lesotho,LFP,Pyro,0.0,0.0,0.0
505,Lesotho,NCA,Pyro,1118.0637817474208,16.723146489263854,-11.692382694699853
506,Lesotho,NMC111,Pyro,283.56715138858857,40.658020275878556,-36.10995353463856
507,Lesotho,NMC523,Pyro,351.6910248218343,35.36674541964829,-31.16943987229429
508,Lesotho,NMC622,Pyro,174.23629108043798,55.7337387350992,-51.1527465592192
509,Lesotho,NMC811,Pyro,138.73013282968878,64.59614795540911,-60.05730103550811
510,Lithuania,LFP,Pyro,4.212199720713005,482.27644913096043,-481.49911536780843
511,Lithuania,NCA,Pyro,1506.0582614545576,14.460525942954215,-9.429762148390214
512,Lithuania,NMC111,Pyro,854.822210870134,20.272509255960838,-15.724442514720838
513,Lithuania,NMC523,Pyro,961.0926829914716,18.903880417102894,-14.706574869748893
514,Lithuania,NMC622,Pyro,476.1540799891583,28.740869452498334,-24.159877276618335
515,Lithuania,NMC811,Pyro,296.5501815564052,38.12182299738189,-33.58297607748089
516,Luxembourg,LFP,Pyro,1.414164383392878,901.0541733955986,-900.2768396324466
517,Luxembourg,NCA,Pyro,490.7656675288771,28.208412904391665,-23.177649109827662
518,Luxembourg,NMC111,Pyro,278.5335208655878,39.45066051713889,-34.90259377589889
519,Luxembourg,NMC523,Pyro,313.1733843826316,36.80507269873255,-32.60776715137855
520,Luxembourg,NMC622,Pyro,155.1616641715769,55.78589906852994,-51.204906892649944
521,Luxembourg,NMC811,Pyro,96.64775341990094,73.8368884380123,-69.29804151811129
522,Madagascar,LFP,Pyro,0.0,0.0,0.0
523,Madagascar,NCA,Pyro,2580.057662327973,9.73072437482272,-4.69996058025872
524,Madagascar,NMC111,Pyro,654.3362408980386,23.65837537406732,-19.11030863282732
525,Madagascar,NMC523,Pyro,811.557527672505,20.5790530517506,-16.3817475043966
526,Madagascar,NMC622,Pyro,402.0707334814751,32.42983205628839,-27.84883988040839
527,Madagascar,NMC811,Pyro,320.14284108279503,37.586096000458475,-33.04724908055748
528,Malawi,LFP,Pyro,0.0,0.0,0.0
529,Malawi,NCA,Pyro,5974.851083005812,5.649089223273936,-0.6183254287099356
530,Malawi,NMC111,Pyro,1515.1907891555195,13.735310042785999,-9.187243301545998
531,Malawi,NMC523,Pyro,1879.3462782702732,11.947175377959667,-7.749869830605666
532,Malawi,NMC622,Pyro,931.1084142894078,18.826859753979512,-14.245867578099514
533,Malawi,NMC811,Pyro,741.4275744050208,21.81940105902679,-17.28055413912579
534,Malaysia,LFP,Pyro,0.0,0.0,0.0
535,Malaysia,NCA,Pyro,20.01595900317369,490.06409955318384,-485.03333575861984
536,Malaysia,NMC111,Pyro,5.192368353013703,1580.0825122861652,-1575.5344455449251
537,Malaysia,NMC523,Pyro,6.232900050751875,1348.5193046756467,-1344.3219991282926
538,Malaysia,NMC622,Pyro,3.077508146676822,2487.5436598648407,-2482.9626676889607
539,Malaysia,NMC811,Pyro,2.450278001011491,3031.445359663693,-3026.906512743792
540,Maldives,LFP,Pyro,0.0,0.0,0.0
541,Maldives,NCA,Pyro,238.5997141310785,57.05584176601936,-52.02507797145536
542,Maldives,NMC111,Pyro,60.4771577030442,187.61645201572205,-183.06838527448204
543,Maldives,NMC523,Pyro,75.03154157261037,155.6135405443437,-151.4162349969897
544,Maldives,NMC622,Pyro,37.18422096035136,286.0685721602405,-281.4875799843605
545,Maldives,NMC811,Pyro,29.62127420195917,348.43275228758034,-343.89390536767934
546,Mali,LFP,Pyro,0.0,0.0,0.0
547,Mali,NCA,Pyro,512.1422857179901,27.726363041083825,-22.695599246519826
548,Mali,NMC111,Pyro,129.88408184793718,67.41192240190847,-62.86385566066847
549,Mali,NMC523,Pyro,161.0937217013535,58.63735384148088,-54.44004829412688
550,Mali,NMC622,Pyro,79.81120590949864,92.4043278785905,-87.8233357027105
551,Mali,NMC811,Pyro,63.55063528027103,107.0940439470162,-102.5551970271152
552,Malta,LFP,Pyro,0.9822209969197188,1209.7118658787194,-1208.9345321155674
553,Malta,NCA,Pyro,347.9023986510096,34.798889762471056,-29.768125967907054
554,Malta,NMC111,Pyro,197.4649341577508,49.007434523320335,-44.459367782080335
555,Malta,NMC523,Pyro,222.01397383906288,45.65589385853013,-41.45858831117613
556,Malta,NMC622,Pyro,109.99257656881808,69.80573023169073,-65.22473805581073
557,Malta,NMC811,Pyro,68.50413043950954,92.94203984664993,-88.40319292674893
558,Mauritania,LFP,Pyro,0.0,0.0,0.0
559,Mauritania,NCA,Pyro,0.0,0.0,0.0
560,Mauritania,NMC111,Pyro,0.0,0.0,0.0
561,Mauritania,NMC523,Pyro,0.0,0.0,0.0
562,Mauritania,NMC622,Pyro,0.0,0.0,0.0
563,Mauritania,NMC811,Pyro,0.0,0.0,0.0
564,Mauritius,LFP,Pyro,0.0,0.0,0.0
565,Mauritius,NCA,Pyro,1624.7453645920127,13.128209361680122,-8.097445567116122
566,Mauritius,NMC111,Pyro,411.94278331732136,31.924413680371202,-27.376346939131203
567,Mauritius,NMC523,Pyro,511.0271368659463,27.765528268490907,-23.568222721136905
568,Mauritius,NMC622,Pyro,253.20081307284167,43.752276820705646,-39.17128464482565
569,Mauritius,NMC811,Pyro,201.647305416458,50.70228007172972,-46.16343315182872
570,Mexico,LFP,Pyro,0.0,0.0,0.0
571,Mexico,NCA,Pyro,149108.7873823792,0.6611007261109781,4.362798298458978
572,Mexico,NMC111,Pyro,37817.14694027491,1.632416892139403,2.9093139283487828
573,Mexico,NMC523,Pyro,46902.5937627052,1.4165161501534291,2.7742476377362837
574,Mexico,NMC622,Pyro,23236.75298255154,2.2500416817838036,2.3243041900752464
575,Mexico,NMC811,Pyro,18501.032672505684,2.6145986240012227,1.9173044697905028
576,Mongolia,LFP,Pyro,0.0,0.0,0.0
577,Mongolia,NCA,Pyro,965.874830253483,17.463474820408695,-12.432711025844695
578,Mongolia,NMC111,Pyro,244.9148118224762,50.72493436154462,-46.17686762030462
579,Mongolia,NMC523,Pyro,303.78783228852865,42.9059674616015,-38.7086619142475
580,Mongolia,NMC622,Pyro,150.52342472255793,74.04800506868617,-69.46701289280617
581,Mongolia,NMC811,Pyro,119.87909295256743,88.37715790925711,-83.8383109893561
582,Montenegro,LFP,Pyro,0.0,0.0,0.0
583,Montenegro,NCA,Pyro,198.6575138650922,48.829367129476886,-43.84534046151993
584,Montenegro,NMC111,Pyro,50.35419666548031,111.95086440353033,-107.44593424670708
585,Montenegro,NMC523,Pyro,62.47941451578691,98.26107222477543,-94.10830466494038
586,Montenegro,NMC622,Pyro,30.959994584467008,150.21968286180993,-145.6839404397841
587,Montenegro,NMC811,Pyro,24.6600226410364,172.36918905852664,-167.8776174996775
588,Morocco,LFP,Pyro,0.0,0.0,0.0
589,Morocco,NCA,Pyro,8850.934308202568,4.3798886797746235,0.6508751147893772
590,Morocco,NMC111,Pyro,2244.747010207685,10.648745962916763,-6.100679221676763
591,Morocco,NMC523,Pyro,2784.0691940811694,9.262807412418276,-5.065501865064276
592,Morocco,NMC622,Pyro,1379.3076236578524,14.596988584147356,-10.015996408267355
593,Morocco,NMC811,Pyro,1098.26038490265,16.917802173767594,-12.378955253866593
594,Mozambique,LFP,Pyro,0.0,0.0,0.0
595,Mozambique,NCA,Pyro,0.1858899821801937,4683.988849320513,-4678.958085525948
596,Mozambique,NMC111,Pyro,0.098200099713529,7080.853724031999,-7076.305657290759
597,Mozambique,NMC523,Pyro,0.0738739257205806,8514.095765622762,-8509.898460075408
598,Mozambique,NMC622,Pyro,0.0275905240335302,16111.048877019159,-16106.46788484328
599,Mozambique,NMC811,Pyro,0.0070466995755329,38992.91736527281,-38988.37851835291
600,Myanmar,LFP,Pyro,0.0,0.0,0.0
601,Myanmar,NCA,Pyro,33878.75674493559,0.774713238667287,4.256050555896714
602,Myanmar,NMC111,Pyro,8592.19889212156,2.547305385269976,2.0007613559700244
603,Myanmar,NMC523,Pyro,10656.584082748124,2.113235627232703,2.0840699201212973
604,Myanmar,NMC622,Pyro,5279.58354923821,3.88672513087028,0.6942670450097195
605,Myanmar,NMC811,Pyro,4203.670805668035,4.7364361229509715,-0.1975892030499713
606,Namibia,LFP,Pyro,0.0,0.0,0.0
607,Namibia,NCA,Pyro,2546.8573843743784,9.812679300902163,-4.781915506338162
608,Namibia,NMC111,Pyro,645.9176816931803,23.85759792104169,-19.30953117980169
609,Namibia,NMC523,Pyro,801.1119452200093,20.752416448043945,-16.555110900689947
610,Namibia,NMC622,Pyro,396.8956138404682,32.703032468136215,-28.122040292256216
611,Namibia,NMC811,Pyro,316.02344691625547,37.9026400206514,-33.3637931007504
612,Nepal,LFP,Pyro,0.0,0.0,0.0
613,Nepal,NCA,Pyro,506.9510853216222,29.678410400736215,-24.647646606172216
614,Nepal,NMC111,Pyro,128.54016329613032,97.56188556267203,-93.01381882143203
615,Nepal,NMC523,Pyro,159.42114091348185,80.94364947872123,-76.74634393136722
616,Nepal,NMC622,Pyro,78.99158089569332,148.8246478232386,-144.2436556473586
617,Nepal,NMC811,Pyro,62.92448660260048,181.27129667483524,-176.73244975493424
618,Netherlands,LFP,Pyro,36.462324934994975,132.79155781540942,-132.12242141105924
619,Netherlands,NCA,Pyro,12672.20773846591,4.069166757807211,0.8320962484497655
620,Netherlands,NMC111,Pyro,7165.00899994109,5.71505837890103,-1.286515923649144
621,Netherlands,NMC523,Pyro,8085.821136468635,5.3179260844292395,-1.2440278774923463
622,Netherlands,NMC622,Pyro,4012.511341578632,8.072664008747342,-3.6170513591716174
623,Netherlands,NMC811,Pyro,2515.5045021956403,10.661504794826076,-6.25365002117296
624,New Caledonia,LFP,Pyro,0.0,0.0,0.0
625,New Caledonia,NCA,Pyro,0.0260882923231699,16705.86581982268,-16700.835056028118
626,New Caledonia,NMC111,Pyro,0.012917050990062,26336.6289904908,-26332.08092374956
627,New Caledonia,NMC523,Pyro,0.0,0.0,0.0
628,New Caledonia,NMC622,Pyro,0.0,0.0,0.0
629,New Caledonia,NMC811,Pyro,0.0,0.0,0.0
630,New Zealand,LFP,Pyro,0.0,0.0,0.0
631,New Zealand,NCA,Pyro,5234.613944060608,6.936933615200549,-1.9697690248082682
632,New Zealand,NMC111,Pyro,1324.6111705255062,15.662225368238786,-11.172858265567896
633,New Zealand,NMC523,Pyro,1645.6148738243232,13.772193115114648,-9.635494215350073
634,New Zealand,NMC622,Pyro,815.8481610426414,20.873342555667225,-16.353925588684596
635,New Zealand,NMC811,Pyro,650.6168729709793,23.869270146216095,-19.39475485211462
636,Nicaragua,LFP,Pyro,0.0,0.0,0.0
637,Nicaragua,NCA,Pyro,2676.3972127041434,9.345897462277216,-4.315133667713216
638,Nicaragua,NMC111,Pyro,678.6370469002679,23.08072117350864,-18.53265443226864
639,Nicaragua,NMC523,Pyro,841.8227241999157,20.025825237960127,-15.828519690606127
640,Nicaragua,NMC622,Pyro,417.08950050425807,31.808242085166434,-27.227249909286435
641,Nicaragua,NMC811,Pyro,332.16662065261227,36.95593203778738,-32.41708511788638
642,Niger,LFP,Pyro,0.0,0.0,0.0
643,Niger,NCA,Pyro,2891.3488223436198,9.038768391846471,-4.00800459728247
644,Niger,NMC111,Pyro,733.3097097486148,21.975514076870443,-17.427447335630443
645,Niger,NMC523,Pyro,909.4833516449202,19.115543328089778,-14.918237780735778
646,Niger,NMC622,Pyro,450.580912653321,30.123766445684822,-25.542774269804823
647,Niger,NMC811,Pyro,358.7601133774564,34.91389064554859,-30.37504372564759
648,Nigeria,LFP,Pyro,0.0,0.0,0.0
649,Nigeria,NCA,Pyro,483917.482923124,0.32819352342172115,4.70257027114228
650,Nigeria,NMC111,Pyro,122733.43660171496,0.797915293460793,3.7501514477792073
651,Nigeria,NMC523,Pyro,152218.1543462583,0.694075681239153,3.5032298661148475
652,Nigeria,NMC622,Pyro,75412.4769985431,1.0937807703137665,3.4872114055662333
653,Nigeria,NMC811,Pyro,60043.0150120379,1.2677309100912737,3.2711160098097265
654,North Macedonia,LFP,Pyro,0.0,0.0,0.0
655,North Macedonia,NCA,Pyro,287.3306886131477,39.06497961441419,-34.03421581985019
656,North Macedonia,NMC111,Pyro,72.81925482994183,89.5723842904276,-85.0243175491876
657,North Macedonia,NMC523,Pyro,90.35249163482185,78.61992796175,-74.42262241439599
658,North Macedonia,NMC622,Pyro,44.77756331609462,120.18323465634303,-115.60224248046303
659,North Macedonia,NMC811,Pyro,35.66951587968277,137.89546631937912,-133.35661939947812
660,Norway,LFP,Pyro,0.0,0.0,0.0
661,Norway,NCA,Pyro,5624.821126178101,6.649122405741974,-1.8136284615753986
662,Norway,NMC111,Pyro,1368.5454021761834,15.363636340499106,-10.995796219875686
663,Norway,NMC523,Pyro,1755.3019005389538,13.256990477028411,-9.245766676482477
664,Norway,NMC622,Pyro,879.8894750033405,19.96003937825743,-15.568102741454855
665,Norway,NMC811,Pyro,717.1028613825672,22.532350454074834,-18.191022152673813
666,Oman,LFP,Pyro,0.0,0.0,0.0
667,Oman,NCA,Pyro,1598.2110600338294,13.76493217865332,-8.734168384089319
668,Oman,NMC111,Pyro,405.1626309019649,31.80216083407799,-27.254094092837992
669,Oman,NMC523,Pyro,502.67990526805744,27.880715764190555,-23.683410216836556
670,Oman,NMC622,Pyro,249.0717893564863,42.79519460708195,-38.214202431201954
671,Oman,NMC811,Pyro,198.3590340075842,49.17304641950619,-44.634199499605195
672,Pakistan,LFP,Pyro,0.0,0.0,0.0
673,Pakistan,NCA,Pyro,529478.3947960277,0.0714834081188471,4.959280386445154
674,Pakistan,NMC111,Pyro,134288.64806800685,0.2349320277567998,4.3131347134832
675,Pakistan,NMC523,Pyro,166549.50402075148,0.19491597990539072,4.00238956744861
676,Pakistan,NMC622,Pyro,82512.58789919387,0.35841803513577564,4.222574140744224
677,Pakistan,NMC811,Pyro,65695.83731892613,0.4367530067235998,4.1020939131774
678,Palau,LFP,Pyro,0.0,0.0,0.0
679,Palau,NCA,Pyro,2.4277831731833888,887.0727038476568,-882.0419400530928
680,Palau,NMC111,Pyro,0.6170186142304193,2153.7994795024715,-2149.2514127612317
681,Palau,NMC523,Pyro,0.7622350478971939,1878.2981575476679,-1874.1008520003138
682,Palau,NMC622,Pyro,0.3775434455337692,2960.4104236514436,-2955.8294314755635
683,Palau,NMC811,Pyro,0.3006013032038002,3431.197501021285,-3426.658654101384
684,Panama,LFP,Pyro,0.0,0.0,0.0
685,Panama,NCA,Pyro,13.578007244920627,303.76403016312423,-298.73326636856024
686,Panama,NMC111,Pyro,2.026861152066084,1063.578952661869,-1059.0308859206289
687,Panama,NMC523,Pyro,4.24838008547251,653.145271124257,-648.947965576903
688,Panama,NMC622,Pyro,2.1909029196891487,1010.4167702098406,-1005.8357780339605
689,Panama,NMC811,Pyro,1.7504126622144591,1171.4636766363599,-1166.9248297164588
690,Papua New Guinea,LFP,Pyro,0.0,0.0,0.0
691,Papua New Guinea,NCA,Pyro,0.0,0.0,0.0
692,Papua New Guinea,NMC111,Pyro,0.0,0.0,0.0
693,Papua New Guinea,NMC523,Pyro,0.0,0.0,0.0
694,Papua New Guinea,NMC622,Pyro,0.0,0.0,0.0
695,Papua New Guinea,NMC811,Pyro,0.0,0.0,0.0
696,Paraguay,LFP,Pyro,0.0,0.0,0.0
697,Paraguay,NCA,Pyro,1076.808634364991,17.027292081889264,-11.996528287325264
698,Paraguay,NMC111,Pyro,272.90272424780005,42.064657153330806,-37.51659041209081
699,Paraguay,NMC523,Pyro,338.6508495650919,36.48817814822123,-32.29087260086723
700,Paraguay,NMC622,Pyro,167.8141910082328,57.950433291506606,-53.36944111562661
701,Paraguay,NMC811,Pyro,133.68939276005466,67.31439168252268,-62.775544762621685
702,Peru,LFP,Pyro,0.0,0.0,0.0
703,Peru,NCA,Pyro,8387.529344906254,4.403187560244988,0.6275762343190125
704,Peru,NMC111,Pyro,2126.547449953906,10.874914126619863,-6.326847385379863
705,Peru,NMC523,Pyro,2638.0478692422,9.435191787084223,-5.237886239730223
706,Peru,NMC622,Pyro,1307.096945057487,14.986116250551309,-10.40512407467131
707,Peru,NMC811,Pyro,1041.074558329287,17.41014637629222,-12.87129945639122
708,Philippines,LFP,Pyro,0.0,0.0,0.0
709,Philippines,NCA,Pyro,485441.0286101775,0.07691419732272788,4.953849597241272
710,Philippines,NMC111,Pyro,123117.64568597393,0.2528951524609762,4.2951715887790245
711,Philippines,NMC523,Pyro,152696.37057766988,0.20980314674933603,3.987502400604664
712,Philippines,NMC622,Pyro,75649.8690005586,0.38587780380519526,4.195114372074804
713,Philippines,NMC811,Pyro,60232.38660127144,0.4702446348669713,4.068602285034029
714,Poland,LFP,Pyro,70.2641567259461,92.05735172133274,-91.28013782652785
715,Poland,NCA,Pyro,24676.96924791978,2.6195259934399657,2.4110943313978277
716,Poland,NMC111,Pyro,14005.588540416418,3.694918226711643,0.8530160974457277
717,Poland,NMC523,Pyro,15747.29992219529,3.4410581920553356,0.7561106363058843
718,Poland,NMC622,Pyro,7801.936203846237,5.271218149681216,-0.6903648777148222
719,Poland,NMC811,Pyro,4859.574817566829,7.026964872588508,-2.4882630746408423
720,Portugal,LFP,Pyro,19.544088316618264,198.3831013717967,-197.64926245002573
721,Portugal,NCA,Pyro,6823.087735365003,5.7568674980543415,-0.7781624257041424
722,Portugal,NMC111,Pyro,3867.69547573984,8.113759068312712,-3.6137405411677967
723,Portugal,NMC523,Pyro,4351.586804848095,7.55566289221798,-3.4079665290079943
724,Portugal,NMC622,Pyro,2157.4998184144383,11.547110303979112,-7.016520121913217
725,Portugal,NMC811,Pyro,1346.6803907122196,15.353728273068846,-10.867539594425349
726,Qatar,LFP,Pyro,0.0,0.0,0.0
727,Qatar,NCA,Pyro,11.569549379926936,278.48227971734053,-273.45151592277654
728,Qatar,NMC111,Pyro,2.413610273047813,724.6533226103234,-720.1052558690834
729,Qatar,NMC523,Pyro,3.824985068232549,547.1582569249392,-542.9609513775853
730,Qatar,NMC622,Pyro,1.97746735046588,818.3666791440004,-813.7856869681203
731,Qatar,NMC811,Pyro,1.5998288762766426,931.3399828822015,-926.8011359623006
732,Rep. of Moldova,LFP,Pyro,0.0,0.0,0.0
733,Rep. of Moldova,NCA,Pyro,1153.5330848476997,16.479689946259413,-11.448926151695412
734,Rep. of Moldova,NMC111,Pyro,292.4666082022423,39.5992693140442,-35.0512025728042
735,Rep. of Moldova,NMC523,Pyro,362.8229286873714,34.50459871856931,-30.307293171215314
736,Rep. of Moldova,NMC622,Pyro,179.76870348050255,54.04064843675186,-49.45965626087186
737,Rep. of Moldova,NMC811,Pyro,143.15867904752207,62.50326270511193,-57.96441578521093
738,Romania,LFP,Pyro,185.52900491306875,16.362424835738913,-15.677880476684175
739,Romania,NCA,Pyro,69504.2624295904,0.44407748413517695,4.4756272133288295
740,Romania,NMC111,Pyro,39450.694906968405,0.6268407808195249,3.8187226517001416
741,Romania,NMC523,Pyro,44354.60153865749,0.5836968155312435,3.5077753389808377
742,Romania,NMC622,Pyro,21974.33475920827,0.8950260750979753,3.5784413731860423
743,Romania,NMC811,Pyro,13685.160206294506,1.1940200254265205,3.2324888177749784
744,Russian Federation,LFP,Pyro,0.0,0.0,0.0
745,Russian Federation,NCA,Pyro,29668.30638800225,0.8649125684732429,4.165851226090758
746,Russian Federation,NMC111,Pyro,7506.754800334349,2.8549469107188434,1.693119830521157
747,Russian Federation,NMC523,Pyro,9327.269479435718,2.364034771626561,1.8332707757274394
748,Russian Federation,NMC622,Pyro,4624.211600698108,4.34948849170027,0.23150368417972977
749,Russian Federation,NMC811,Pyro,3687.082049176463,5.295462297772205,-0.7566153778712046
750,Rwanda,LFP,Pyro,0.0,0.0,0.0
751,Rwanda,NCA,Pyro,3.8246590323007377,660.906933718362,-655.876169923798
752,Rwanda,NMC111,Pyro,0.7313924047844532,1929.2162875498086,-1924.6682208085685
753,Rwanda,NMC523,Pyro,1.617991085071843,1153.6728208956342,-1149.4755153482802
754,Rwanda,NMC622,Pyro,0.8306204837038742,1776.6477885971817,-1772.0667964213017
755,Rwanda,NMC811,Pyro,0.8068130029337652,1810.422619512609,-1805.8837725927078
756,Saint Lucia,LFP,Pyro,0.0,0.0,0.0
757,Saint Lucia,NCA,Pyro,33.35773611875516,168.0119031847081,-162.9811393901441
758,Saint Lucia,NMC111,Pyro,8.457457931310405,414.95138486461343,-410.4033181233734
759,Saint Lucia,NMC523,Pyro,10.491208226373136,360.0282386965194,-355.8309331491654
760,Saint Lucia,NMC622,Pyro,5.198272361364225,571.8332427789477,-567.2522506030676
761,Saint Lucia,NMC811,Pyro,4.140494742835193,664.3089314474702,-659.7700845275692
762,Samoa,LFP,Pyro,0.0,0.0,0.0
763,Samoa,NCA,Pyro,6.381075044097351,474.44414642469746,-469.41338263013347
764,Samoa,NMC111,Pyro,1.6177319331125568,1153.7924960723865,-1149.2444293311464
765,Samoa,NMC523,Pyro,2.0069012293337782,1003.4661021665443,-999.2687966191903
766,Samoa,NMC622,Pyro,0.9944060473568216,1581.1994623128905,-1576.6184701370105
767,Samoa,NMC811,Pyro,0.7919880470712182,1832.2960844509987,-1827.7572375310976
768,Saudi Arabia,LFP,Pyro,0.0,0.0,0.0
769,Saudi Arabia,NCA,Pyro,22180.209681067503,2.7651742985579286,2.265589496006072
770,Saudi Arabia,NMC111,Pyro,5624.568949227207,6.387438740409794,-1.8393719991697939
771,Saudi Arabia,NMC523,Pyro,6976.436983716607,5.600745838242593,-1.403440290888593
772,Saudi Arabia,NMC622,Pyro,3456.479425081555,8.597197718844523,-4.016205542964523
773,Saudi Arabia,NMC811,Pyro,2752.667466861735,9.878561417005955,-5.339714497104954
774,Senegal,LFP,Pyro,0.0,0.0,0.0
775,Senegal,NCA,Pyro,61829.55798718792,1.2438876860945136,3.786876108469487
776,Senegal,NMC111,Pyro,15681.478367896778,3.0241854393974545,1.5238813018425459
777,Senegal,NMC523,Pyro,19448.71560931188,2.630620620859192,1.5666849264948084
778,Senegal,NMC622,Pyro,9635.360174446032,4.145543711475124,0.4354484644048755
779,Senegal,NMC811,Pyro,7671.589114681156,4.804846614976104,-0.265999695075104
780,Serbia,LFP,Pyro,0.0,0.0,0.0
781,Serbia,NCA,Pyro,1065.9843482065194,17.628242008044097,-12.708537310580091
782,Serbia,NMC111,Pyro,269.84050067355093,40.74063673324926,-36.2950733007296
783,Serbia,NMC523,Pyro,335.21855741093015,35.69227154360008,-31.600799389088
784,Serbia,NMC622,Pyro,166.16795480330833,54.754786714490265,-50.281319266206246
785,Serbia,NMC811,Pyro,132.4745870362569,62.868483043872956,-58.44197420067146
786,Seychelles,LFP,Pyro,0.0,0.0,0.0
787,Seychelles,NCA,Pyro,312.57228586011365,38.17311577765039,-33.142351983086385
788,Seychelles,NMC111,Pyro,79.27294630966544,92.81014136598024,-88.26207462474024
789,Seychelles,NMC523,Pyro,98.31983704208864,80.73043971236801,-76.533134165014
790,Seychelles,NMC622,Pyro,48.7105857141808,127.220543338374,-122.639551162494
791,Seychelles,NMC811,Pyro,38.78369555912336,147.45170520559802,-142.912858285697
792,Sierra Leone,LFP,Pyro,0.0,0.0,0.0
793,Sierra Leone,NCA,Pyro,96.3911422658813,81.77282709013528,-76.74206329557128
794,Sierra Leone,NMC111,Pyro,24.440355781740404,198.84481514381417,-194.29674840257417
795,Sierra Leone,NMC523,Pyro,30.318002428010622,172.94433906714502,-168.74703351979102
796,Sierra Leone,NMC622,Pyro,15.021594917086876,272.52399083446323,-267.94299865858324
797,Sierra Leone,NMC811,Pyro,11.961830311742936,315.83567878682345,-311.29683186692245
798,Singapore,LFP,Pyro,0.0,0.0,0.0
799,Singapore,NCA,Pyro,0.0,0.0,0.0
800,Singapore,NMC111,Pyro,0.0,0.0,0.0
801,Singapore,NMC523,Pyro,0.0,0.0,0.0
802,Singapore,NMC622,Pyro,0.0,0.0,0.0
803,Singapore,NMC811,Pyro,0.0,0.0,0.0
804,Slovakia,LFP,Pyro,9.978194561135354,1020.8568306566585,-1020.1722862976038
805,Slovakia,NCA,Pyro,3500.015403703455,29.20872171245957,-24.28901701499556
806,Slovakia,NMC111,Pyro,1986.3889181343425,41.181789698758365,-36.7362262662387
807,Slovakia,NMC523,Pyro,2233.4478429360365,38.35565429521303,-34.264182140700946
808,Slovakia,NMC622,Pyro,1106.5738524653634,58.72148014850332,-54.2480127002193
809,Slovakia,NMC811,Pyro,689.3029709016992,78.2469079729549,-73.8203991297534
810,Slovenia,LFP,Pyro,3.744926828498221,538.6467241434173,-537.8975379638332
811,Slovenia,NCA,Pyro,1327.391317698847,15.488223945197939,-10.491149829396518
812,Slovenia,NMC111,Pyro,753.4114601438292,21.81211525809673,-17.29514280479048
813,Slovenia,NMC523,Pyro,847.0755510014682,20.320430646626072,-16.15522956527532
814,Slovenia,NMC622,Pyro,419.6670035114931,31.069006570002458,-26.520631925025675
815,Slovenia,NMC811,Pyro,261.3707226845831,41.36654588251783,-36.86177661870839
816,Solomon Isds,LFP,Pyro,0.0,0.0,0.0
817,Solomon Isds,NCA,Pyro,2.582208068027352,852.347054830165,-847.316291035601
818,Solomon Isds,NMC111,Pyro,0.6559685489620436,2070.0928215554836,-2065.544754814244
819,Solomon Isds,NMC523,Pyro,0.8117269842452914,1803.3177921262009,-1799.1204865788468
820,Solomon Isds,NMC622,Pyro,0.4021363149209186,2841.8714503586216,-2837.2904581827415
821,Solomon Isds,NMC811,Pyro,0.3200519739854908,3294.6755405244794,-3290.1366936045783
822,South Africa,LFP,Pyro,0.0,0.0,0.0
823,South Africa,NCA,Pyro,532.1966610650177,27.045217875509373,-22.032726341970218
824,South Africa,NMC111,Pyro,134.8661758671,65.7886288746144,-61.257426733049314
825,South Africa,NMC523,Pyro,167.3942760072454,57.19849266361648,-53.018599605915725
826,South Africa,NMC622,Pyro,82.94807406895944,90.12607108808817,-85.56276967271823
827,South Africa,NMC811,Pyro,66.06916616804918,104.432350884504,-99.91198665277608
828,Spain,LFP,Pyro,82.22704074933792,82.95580423515952,-82.20287589128613
829,Spain,NCA,Pyro,28793.89626992547,2.42665795056843,2.574895139866167
830,Spain,NMC111,Pyro,16334.784918856769,3.415261087619452,1.1058452883600716
831,Spain,NMC523,Pyro,18371.098584389245,3.1817434755067224,0.9877258296479304
832,Spain,NMC622,Pyro,9104.161176834725,4.85817426419727,-0.30546318447612963
833,Spain,NMC811,Pyro,5674.731102097651,6.460055103134651,-1.950755283891068
834,Sri Lanka,LFP,Pyro,0.0,0.0,0.0
835,Sri Lanka,NCA,Pyro,65589.47481796185,0.43736720148364144,4.593396593080359
836,Sri Lanka,NMC111,Pyro,16635.152743703104,1.4374138242862398,3.110652916953761
837,Sri Lanka,NMC523,Pyro,20631.440604892938,1.1925817161241066,3.004723831229894
838,Sri Lanka,NMC622,Pyro,10221.29627225524,2.1929611557180846,2.388031020161915
839,Sri Lanka,NMC811,Pyro,8138.099056886474,2.6722528602320925,1.8665940596689077
840,State of Palestine,LFP,Pyro,0.0,0.0,0.0
841,State of Palestine,NCA,Pyro,57.744984710491664,104.41351539356972,-99.38275159900573
842,State of Palestine,NMC111,Pyro,14.640903434388813,241.2146403291288,-236.6665735878888
843,State of Palestine,NMC523,Pyro,18.16134672153481,211.49542145069142,-207.29811590333742
844,State of Palestine,NMC622,Pyro,8.998979557615536,324.6269808264209,-320.0459886505409
845,State of Palestine,NMC811,Pyro,7.167432495508968,372.98429275033743,-368.4454458304364
846,Sudan,LFP,Pyro,0.0,0.0,0.0
847,Sudan,NCA,Pyro,3.161995017872123,747.5666092509574,-742.5358454563934
848,Sudan,NMC111,Pyro,0.8091807424855559,1806.99037463985,-1802.44230789861
849,Sudan,NMC523,Pyro,0.96500008683762,1612.2360327375973,-1608.0387271902432
850,Sudan,NMC622,Pyro,0.4780751989438648,2540.7222427851557,-2536.1412506092756
851,Sudan,NMC811,Pyro,0.3804469971434812,2945.759711230861,-2941.2208643109598
852,Sweden,LFP,Pyro,24.41729514909968,168.4277084611016,-168.1103077093871
853,Sweden,NCA,Pyro,8413.464795035725,5.19861206200119,-0.6687563563437059
854,Sweden,NMC111,Pyro,4751.245978737578,7.305160312585492,-3.2388128270508867
855,Sweden,NMC523,Pyro,5360.007156000052,6.799224287295568,-3.0911066736833113
856,Sweden,NMC622,Pyro,2662.786161604517,10.311907023346851,-6.223896089205802
857,Sweden,NMC811,Pyro,1671.1785501171803,13.60764438106085,-9.572574032211264
858,Switzerland,LFP,Pyro,0.0,0.0,0.0
859,Switzerland,NCA,Pyro,8500.03894618278,5.268603318556802,-0.47720336390752793
860,Switzerland,NMC111,Pyro,2148.141734585427,11.830878525699914,-7.503735474818864
861,Switzerland,NMC523,Pyro,2671.956032252449,10.405967584685836,-6.436763003063952
862,Switzerland,NMC622,Pyro,1325.105247100814,15.718573226579567,-11.369327322326338
863,Switzerland,NMC811,Pyro,1057.7431038285758,17.94622346180631,-13.649496945452412
864,Tajikistan,LFP,Pyro,0.0,0.0,0.0
865,Tajikistan,NCA,Pyro,437.2220586542603,30.716622640753368,-25.68585884618937
866,Tajikistan,NMC111,Pyro,110.87827080284444,74.68455749839504,-70.13649075715503
867,Tajikistan,NMC523,Pyro,137.5259837764966,64.96184368341628,-60.76453813606228
868,Tajikistan,NMC622,Pyro,68.13599783405367,102.36983792605037,-97.78884575017037
869,Tajikistan,NMC811,Pyro,54.25314513053034,118.64515914412932,-114.10631222422832
870,Thailand,LFP,Pyro,0.0,0.0,0.0
871,Thailand,NCA,Pyro,31882.94234942173,0.8164729361573927,4.214290858406608
872,Thailand,NMC111,Pyro,8075.560529861927,2.6878057260734365,1.860261015166564
873,Thailand,NMC523,Pyro,10024.622744188122,2.2280721373957832,1.9692334099582172
874,Thailand,NMC622,Pyro,4968.635570565963,4.09653624619107,0.4844559296889299
875,Thailand,NMC811,Pyro,3959.407245118673,4.988540161244732,-0.44969324134373156
876,Togo,LFP,Pyro,0.0,0.0,0.0
877,Togo,NCA,Pyro,970.360184554542,18.330116455773414,-13.299352661209413
878,Togo,NMC111,Pyro,246.05662679370965,44.5707512672532,-40.0226845260132
879,Togo,NMC523,Pyro,305.2048733793021,38.7673196397763,-34.5700140924223
880,Togo,NMC622,Pyro,151.2258749878092,61.08741453280543,-56.506422356925434
881,Togo,NMC811,Pyro,120.44246004459735,70.78832236679511,-66.24947544689411
882,Tonga,LFP,Pyro,0.0,0.0,0.0
883,Tonga,NCA,Pyro,0.0,0.0,0.0
884,Tonga,NMC111,Pyro,0.0,0.0,0.0
885,Tonga,NMC523,Pyro,0.0,0.0,0.0
886,Tonga,NMC622,Pyro,0.0,0.0,0.0
887,Tonga,NMC811,Pyro,0.0,0.0,0.0
888,Trinidad and Tobago,LFP,Pyro,0.0,0.0,0.0
889,Trinidad and Tobago,NCA,Pyro,1433.293947927792,14.103154254181062,-9.072390459617061
890,Trinidad and Tobago,NMC111,Pyro,363.4662238952136,34.82708133318195,-30.27901459194195
891,Trinidad and Tobago,NMC523,Pyro,450.8313846046751,30.21898470055409,-26.02167915320009
892,Trinidad and Tobago,NMC622,Pyro,223.3626312432365,47.99955131466582,-43.418559138785824
893,Trinidad and Tobago,NMC811,Pyro,177.85656106578182,55.77326240442362,-51.23441548452262
894,Tunisia,LFP,Pyro,0.0,0.0,0.0
895,Tunisia,NCA,Pyro,327.8994131171744,37.007909147719936,-31.977145353155933
896,Tunisia,NMC111,Pyro,83.09284464178987,90.02435579344693,-85.47628905220692
897,Tunisia,NMC523,Pyro,103.11075207905034,78.28106688098194,-74.08376133362793
898,Tunisia,NMC622,Pyro,51.097840146476095,123.3392477781738,-118.7582556022938
899,Tunisia,NMC811,Pyro,40.712193644307966,142.89008311369167,-138.35123619379067
900,Turkey,LFP,Pyro,0.0,0.0,0.0
901,Turkey,NCA,Pyro,65880.50739332344,4.55583975202874,0.3638649454352663
902,Turkey,NMC111,Pyro,16681.814878211753,10.533228794196198,-6.087665361676531
903,Turkey,NMC523,Pyro,20716.70345280707,9.229016991231374,-5.137544836719293
904,Turkey,NMC622,Pyro,10268.264289942968,14.163123631509915,-9.689656183225898
905,Turkey,NMC811,Pyro,8183.786251257061,16.266342557906096,-11.839833714704596
906,USA,LFP,Pyro,2.1094794138053343,937.8595158067194,-937.140593996925
907,USA,NCA,Pyro,3257789.3285966013,0.10071446148526916,4.860136406458971
908,USA,NMC111,Pyro,364027.6522582549,0.410681322697195,4.072858455079426
909,USA,NMC523,Pyro,409407.89309198107,0.3808754519489567,3.7498068072558937
910,USA,NMC622,Pyro,202878.71360185347,0.5975000689414537,3.915804104906086
911,USA,NMC811,Pyro,254911.0665190895,0.5161172943441334,3.9520115671719167
912,Uganda,LFP,Pyro,0.0,0.0,0.0
913,Uganda,NCA,Pyro,147272.14232351232,0.7090824675787578,4.321681326985243
914,Uganda,NMC111,Pyro,37351.80405660386,1.7239470447963412,2.8241196964436592
915,Uganda,NMC523,Pyro,46325.00809496208,1.499594104038055,2.6977114433159457
916,Uganda,NMC622,Pyro,22950.51651286523,2.3631813283086984,2.217810847571301
917,Uganda,NMC811,Pyro,18273.198956611664,2.738999846243872,1.7998470736571281
918,Ukraine,LFP,Pyro,0.0,0.0,0.0
919,Ukraine,NCA,Pyro,98.1779917216644,79.53388037748313,-74.50450751550984
920,Ukraine,NMC111,Pyro,13.927387262882236,276.95415471758304,-272.4073717540477
921,Ukraine,NMC523,Pyro,12.507793251931645,296.6443966763147,-292.4484166134922
922,Ukraine,NMC622,Pyro,2.498064487852908,830.1876945201348,-825.6080490114961
923,Ukraine,NMC811,Pyro,11.868534096840948,306.7552185465515,-302.2177785775094
924,United Arab Emirates,LFP,Pyro,0.0,0.0,0.0
925,United Arab Emirates,NCA,Pyro,288.3577286657482,39.13649531760352,-34.105731523039516
926,United Arab Emirates,NMC111,Pyro,65.79863264064399,96.41769596572347,-91.86962922448346
927,United Arab Emirates,NMC523,Pyro,30.029618932039472,155.60804343464378,-151.41073788728977
928,United Arab Emirates,NMC622,Pyro,49.59006883990228,114.57844491504567,-109.99745273916567
929,United Arab Emirates,NMC811,Pyro,37.8179346850742,135.18287054846064,-130.64402362855964
930,United Kingdom,LFP,Pyro,0.0,0.0,0.0
931,United Kingdom,NCA,Pyro,66641.54618494093,1.4726270183686938,3.5171586340697036
932,United Kingdom,NMC111,Pyro,16850.456636213177,3.367203972218845,1.143041507523734
933,United Kingdom,NMC523,Pyro,20950.449280697238,2.953781771307408,1.2044737934089145
934,United Kingdom,NMC622,Pyro,10388.396669124084,4.504252578383144,0.037065552916088235
935,United Kingdom,NMC811,Pyro,8286.85292055113,5.160187264442201,-0.6627903994517349
936,United Rep. of Tanzania,LFP,Pyro,0.0,0.0,0.0
937,United Rep. of Tanzania,NCA,Pyro,12394.337823688493,3.5218138622684187,1.508949932295582
938,United Rep. of Tanzania,NMC111,Pyro,3143.0562607917477,8.563155302218378,-4.015088560978378
939,United Rep. of Tanzania,NMC523,Pyro,3898.557863040754,7.4482217752705715,-3.250916227916571
940,United Rep. of Tanzania,NMC622,Pyro,1931.5206791286985,11.737186225642096,-7.156194049762097
941,United Rep. of Tanzania,NMC811,Pyro,1538.006590655826,13.603015117791948,-9.064168197890947
942,Uruguay,LFP,Pyro,0.0,0.0,0.0
943,Uruguay,NCA,Pyro,428.8587260707749,31.23037831679473,-26.50248081762438
944,Uruguay,NMC111,Pyro,108.7027458141242,77.14566181305992,-72.87712910539635
945,Uruguay,NMC523,Pyro,134.86098299735468,66.92852106389508,-63.0198309335214
946,Uruguay,NMC622,Pyro,66.8286226527889,106.29576216143136,-102.0079977963347
947,Uruguay,NMC811,Pyro,53.239517745319056,123.47100710170847,-119.23851434828327
948,Uzbekistan,LFP,Pyro,0.0,0.0,0.0
949,Uzbekistan,NCA,Pyro,11125.423838726882,3.7769544130034434,1.2538093815605573
950,Uzbekistan,NMC111,Pyro,2821.586269835684,9.18286329136454,-4.63479655012454
951,Uzbekistan,NMC523,Pyro,3499.508621145957,7.987696720820749,-3.790391173466749
952,Uzbekistan,NMC622,Pyro,1733.7591150014766,12.587567915818635,-8.006575739938636
953,Uzbekistan,NMC811,Pyro,1380.449090941966,14.589171309354803,-10.050324389453802
954,Viet Nam,LFP,Pyro,0.0,0.0,0.0
955,Viet Nam,NCA,Pyro,34718.43511110201,2.780304094275137,2.2504597002888636
956,Viet Nam,NMC111,Pyro,8727.979370831625,9.211308828371415,-4.663242087131414
957,Viet Nam,NMC523,Pyro,10893.392776126846,7.600098185181897,-3.402792637827897
958,Viet Nam,NMC622,Pyro,5411.894366172695,13.944271825350707,-9.363279649470709
959,Viet Nam,NMC811,Pyro,4340.306859225674,16.88624576142829,-12.34739884152729
960,Yemen,LFP,Pyro,0.0,0.0,0.0
961,Yemen,NCA,Pyro,4490.860032420392,7.32790460826799,-2.2971408137039893
962,Yemen,NMC111,Pyro,1138.996301328899,16.92551218259996,-12.37744544135996
963,Yemen,NMC523,Pyro,1412.608765026707,14.841859046876454,-10.644553499522454
964,Yemen,NMC622,Pyro,699.839979064171,22.783144313974226,-18.202152138094227
965,Yemen,NMC811,Pyro,557.2502492247027,26.18135367156475,-21.64250675166375
966,Zambia,LFP,Pyro,0.0,0.0,0.0
967,Zambia,NCA,Pyro,2.253179609081748,930.9997343259248,-925.9689705313608
968,Zambia,NMC111,Pyro,0.8446966240826077,1757.418953101126,-1752.8708863598858
969,Zambia,NMC523,Pyro,0.686406030222193,2010.1754612044422,-2005.978155657088
970,Zambia,NMC622,Pyro,0.3025451152316689,3416.9056521447765,-3412.3246599688964
971,Zambia,NMC811,Pyro,0.461763078047933,2598.4872303200914,-2593.9483834001903
972,Zimbabwe,LFP,Pyro,0.0,0.0,0.0
973,Zimbabwe,NCA,Pyro,21.770318817429,214.31367580963615,-209.28291201507216
974,Zimbabwe,NMC111,Pyro,1.215277465457658,1388.5958720357187,-1384.0478052944786
975,Zimbabwe,NMC523,Pyro,6.915221727289952,450.3778396269961,-446.1805340796421
976,Zimbabwe,NMC622,Pyro,3.424872127286537,709.8885300066017,-705.3075378307217
977,Zimbabwe,NMC811,Pyro,2.454953839061256,880.7025146739253,-876.1636677540243
